ticker,metric,period_type,period_start,period_end,value,unit,tag,accessions,filed_dates,latest_known_at,source_urls,status,note
MSFT,revenue,annual,2025-07-01,2026-06-30,331839000000.0,USD,RevenueFromContractWithCustomerExcludingAssessedTax,0001193125-26-323660,2026-07-29,2026-07-29T20:08:01+00:00,https://www.sec.gov/Archives/edgar/data/789019/000119312526323660/msft-20260630.htm,observed,
MSFT,revenue,ttm,2025-07-01,2026-06-30,331839000000.0,USD,RevenueFromContractWithCustomerExcludingAssessedTax,0001193125-26-323660,2026-07-29,2026-07-29T20:08:01+00:00,https://www.sec.gov/Archives/edgar/data/789019/000119312526323660/msft-20260630.htm,observed,TTM equals latest annual; no later matched fiscal YTD found.
MSFT,operating_income,annual,2025-07-01,2026-06-30,155237000000.0,USD,OperatingIncomeLoss,0001193125-26-323660,2026-07-29,2026-07-29T20:08:01+00:00,https://www.sec.gov/Archives/edgar/data/789019/000119312526323660/msft-20260630.htm,observed,
MSFT,operating_income,ttm,2025-07-01,2026-06-30,155237000000.0,USD,OperatingIncomeLoss,0001193125-26-323660,2026-07-29,2026-07-29T20:08:01+00:00,https://www.sec.gov/Archives/edgar/data/789019/000119312526323660/msft-20260630.htm,observed,TTM equals latest annual; no later matched fiscal YTD found.
MSFT,net_income,annual,2025-07-01,2026-06-30,133749000000.0,USD,NetIncomeLoss,0001193125-26-323660,2026-07-29,2026-07-29T20:08:01+00:00,https://www.sec.gov/Archives/edgar/data/789019/000119312526323660/msft-20260630.htm,observed,
MSFT,net_income,ttm,2025-07-01,2026-06-30,133749000000.0,USD,NetIncomeLoss,0001193125-26-323660,2026-07-29,2026-07-29T20:08:01+00:00,https://www.sec.gov/Archives/edgar/data/789019/000119312526323660/msft-20260630.htm,observed,TTM equals latest annual; no later matched fiscal YTD found.
MSFT,operating_cash_flow,annual,2025-07-01,2026-06-30,182935000000.0,USD,NetCashProvidedByUsedInOperatingActivities,0001193125-26-323660,2026-07-29,2026-07-29T20:08:01+00:00,https://www.sec.gov/Archives/edgar/data/789019/000119312526323660/msft-20260630.htm,observed,
MSFT,operating_cash_flow,ttm,2025-07-01,2026-06-30,182935000000.0,USD,NetCashProvidedByUsedInOperatingActivities,0001193125-26-323660,2026-07-29,2026-07-29T20:08:01+00:00,https://www.sec.gov/Archives/edgar/data/789019/000119312526323660/msft-20260630.htm,observed,TTM equals latest annual; no later matched fiscal YTD found.
MSFT,cash_capex,annual,2025-07-01,2026-06-30,115948000000.0,USD,PaymentsToAcquirePropertyPlantAndEquipment,0001193125-26-323660,2026-07-29,2026-07-29T20:08:01+00:00,https://www.sec.gov/Archives/edgar/data/789019/000119312526323660/msft-20260630.htm,observed,
MSFT,cash_capex,ttm,2025-07-01,2026-06-30,115948000000.0,USD,PaymentsToAcquirePropertyPlantAndEquipment,0001193125-26-323660,2026-07-29,2026-07-29T20:08:01+00:00,https://www.sec.gov/Archives/edgar/data/789019/000119312526323660/msft-20260630.htm,observed,TTM equals latest annual; no later matched fiscal YTD found.
MSFT,diluted_eps,annual,2025-07-01,2026-06-30,17.95,USD/shares,EarningsPerShareDiluted,0001193125-26-323660,2026-07-29,2026-07-29T20:08:01+00:00,https://www.sec.gov/Archives/edgar/data/789019/000119312526323660/msft-20260630.htm,observed,
MSFT,diluted_eps,ttm,2025-07-01,2026-06-30,17.95,USD/shares,EarningsPerShareDiluted,0001193125-26-323660,2026-07-29,2026-07-29T20:08:01+00:00,https://www.sec.gov/Archives/edgar/data/789019/000119312526323660/msft-20260630.htm,observed,TTM equals latest annual; no later matched fiscal YTD found.
MSFT,cash,instant,,2026-06-30,20935000000.0,USD,CashAndCashEquivalentsAtCarryingValue,0001193125-26-323660,2026-07-29,2026-07-29T20:08:01+00:00,https://www.sec.gov/Archives/edgar/data/789019/000119312526323660/msft-20260630.htm,observed,
MSFT,assets,instant,,2026-06-30,758376000000.0,USD,Assets,0001193125-26-323660,2026-07-29,2026-07-29T20:08:01+00:00,https://www.sec.gov/Archives/edgar/data/789019/000119312526323660/msft-20260630.htm,observed,
MSFT,common_shares_outstanding,instant,,2026-07-23,7425545491.0,shares,EntityCommonStockSharesOutstanding,0001193125-26-323660,2026-07-29,2026-07-29T20:08:01+00:00,https://www.sec.gov/Archives/edgar/data/789019/000119312526323660/msft-20260630.htm,observed,
MSFT,long_term_debt_current,instant,,2026-06-30,9227000000.0,USD,LongTermDebtCurrent,0001193125-26-323660,2026-07-29,2026-07-29T20:08:01+00:00,https://www.sec.gov/Archives/edgar/data/789019/000119312526323660/msft-20260630.htm,observed,
MSFT,long_term_debt_noncurrent,instant,,2026-06-30,31067000000.0,USD,LongTermDebtNoncurrent,0001193125-26-323660,2026-07-29,2026-07-29T20:08:01+00:00,https://www.sec.gov/Archives/edgar/data/789019/000119312526323660/msft-20260630.htm,observed,
MSFT,operating_margin_ttm,derived,2025-07-01,2026-06-30,0.4678081840892722,ratio,derived,0001193125-26-323660,2026-07-29,2026-07-29T20:08:01+00:00,https://www.sec.gov/Archives/edgar/data/789019/000119312526323660/msft-20260630.htm,derived_proxy,GAAP operating income / revenue for matching TTM periods; business mix matters.
MSFT,ebit_effect_100bp_margin,derived,2025-07-01,2026-06-30,3318390000.0,USD,derived,0001193125-26-323660,2026-07-29,2026-07-29T20:08:01+00:00,https://www.sec.gov/Archives/edgar/data/789019/000119312526323660/msft-20260630.htm,derived_proxy,Arithmetic sensitivity only: 100bp operating-margin change at constant revenue; not a forecast or policy elasticity.
MSFT,cash_fcf_proxy_ttm,derived,2025-07-01,2026-06-30,66987000000.0,USD,derived,0001193125-26-323660,2026-07-29,2026-07-29T20:08:01+00:00,https://www.sec.gov/Archives/edgar/data/789019/000119312526323660/msft-20260630.htm,derived_proxy,Operating cash flow minus cash purchases of PPE. Excludes finance-lease additions and acquisitions; not management adjusted FCF or equity distributable cash.
MSFT,trailing_pe_proxy,derived,2025-07-01,2026-06-30,27.838440791478064,multiple,derived,0001193125-26-323660,2026-07-29,2026-07-29T20:08:01+00:00,https://www.sec.gov/Archives/edgar/data/789019/000119312526323660/msft-20260630.htm,derived_proxy,"Raw close 499.70001220703125 on 2026-09-04; latest vendor history, not an archived valuation snapshot. Uses matching-tag reconstructed diluted EPS; inspect split/share-basis and one-off effects."
MSFT,market_cap_proxy,derived,,2026-07-23,3710545172496.566,USD,derived,0001193125-26-323660,2026-07-29,2026-07-29T20:08:01+00:00,https://www.sec.gov/Archives/edgar/data/789019/000119312526323660/msft-20260630.htm,derived_proxy,"Raw close 499.70001220703125 on 2026-09-04; latest vendor history, not an archived valuation snapshot. Uses reported common shares as of 2026-07-23; not current diluted market capitalization."
MSFT,cash_fcf_yield_proxy,derived,2025-07-01,2026-06-30,0.018053142297397,ratio,derived,0001193125-26-323660,2026-07-29,2026-07-29T20:08:01+00:00,https://www.sec.gov/Archives/edgar/data/789019/000119312526323660/msft-20260630.htm,derived_proxy,"Raw close 499.70001220703125 on 2026-09-04; latest vendor history, not an archived valuation snapshot. CFO-minus-cash-PPE / reported-share market-cap proxy; no bank FCF proxy."
VRT,revenue,annual,2025-01-01,2025-12-31,10229900000.0,USD,RevenueFromContractWithCustomerExcludingAssessedTax,0001674101-26-000008,2026-02-13,2026-02-13T21:10:21+00:00,https://www.sec.gov/Archives/edgar/data/1674101/000167410126000008/vrt-20251231.htm,observed,
VRT,revenue,ttm,2025-07-01,2026-06-30,11479600000.0,USD,RevenueFromContractWithCustomerExcludingAssessedTax,0001628280-26-050609|0001674101-26-000008,2026-07-29|2026-02-13,2026-07-29T20:08:23+00:00,https://www.sec.gov/Archives/edgar/data/1674101/000162828026050609/vrt-20260630.htm|https://www.sec.gov/Archives/edgar/data/1674101/000167410126000008/vrt-20251231.htm,derived_matching_periods,"Latest annual + current fiscal YTD - matching prior fiscal YTD, identical XBRL tag."
VRT,operating_income,annual,2025-01-01,2025-12-31,1829700000.0,USD,OperatingIncomeLoss,0001674101-26-000008,2026-02-13,2026-02-13T21:10:21+00:00,https://www.sec.gov/Archives/edgar/data/1674101/000167410126000008/vrt-20251231.htm,observed,
VRT,operating_income,ttm,2025-07-01,2026-06-30,2174600000.0,USD,OperatingIncomeLoss,0001628280-26-050609|0001674101-26-000008,2026-07-29|2026-02-13,2026-07-29T20:08:23+00:00,https://www.sec.gov/Archives/edgar/data/1674101/000162828026050609/vrt-20260630.htm|https://www.sec.gov/Archives/edgar/data/1674101/000167410126000008/vrt-20251231.htm,derived_matching_periods,"Latest annual + current fiscal YTD - matching prior fiscal YTD, identical XBRL tag."
VRT,net_income,annual,2025-01-01,2025-12-31,1332800000.0,USD,NetIncomeLoss,0001674101-26-000008,2026-02-13,2026-02-13T21:10:21+00:00,https://www.sec.gov/Archives/edgar/data/1674101/000167410126000008/vrt-20251231.htm,observed,
VRT,net_income,ttm,2025-07-01,2026-06-30,1732000000.0,USD,NetIncomeLoss,0001628280-26-050609|0001674101-26-000008,2026-07-29|2026-02-13,2026-07-29T20:08:23+00:00,https://www.sec.gov/Archives/edgar/data/1674101/000162828026050609/vrt-20260630.htm|https://www.sec.gov/Archives/edgar/data/1674101/000167410126000008/vrt-20251231.htm,derived_matching_periods,"Latest annual + current fiscal YTD - matching prior fiscal YTD, identical XBRL tag."
VRT,operating_cash_flow,annual,2025-01-01,2025-12-31,2113800000.0,USD,NetCashProvidedByUsedInOperatingActivities,0001674101-26-000008,2026-02-13,2026-02-13T21:10:21+00:00,https://www.sec.gov/Archives/edgar/data/1674101/000167410126000008/vrt-20251231.htm,observed,
VRT,operating_cash_flow,ttm,2025-07-01,2026-06-30,3354200000.0,USD,NetCashProvidedByUsedInOperatingActivities,0001628280-26-050609|0001674101-26-000008,2026-07-29|2026-02-13,2026-07-29T20:08:23+00:00,https://www.sec.gov/Archives/edgar/data/1674101/000162828026050609/vrt-20260630.htm|https://www.sec.gov/Archives/edgar/data/1674101/000167410126000008/vrt-20251231.htm,derived_matching_periods,"Latest annual + current fiscal YTD - matching prior fiscal YTD, identical XBRL tag."
VRT,cash_capex,annual,2025-01-01,2025-12-31,220000000.0,USD,PaymentsToAcquirePropertyPlantAndEquipment,0001674101-26-000008,2026-02-13,2026-02-13T21:10:21+00:00,https://www.sec.gov/Archives/edgar/data/1674101/000167410126000008/vrt-20251231.htm,observed,
VRT,cash_capex,ttm,2025-07-01,2026-06-30,424400000.0,USD,PaymentsToAcquirePropertyPlantAndEquipment,0001628280-26-050609|0001674101-26-000008,2026-07-29|2026-02-13,2026-07-29T20:08:23+00:00,https://www.sec.gov/Archives/edgar/data/1674101/000162828026050609/vrt-20260630.htm|https://www.sec.gov/Archives/edgar/data/1674101/000167410126000008/vrt-20251231.htm,derived_matching_periods,"Latest annual + current fiscal YTD - matching prior fiscal YTD, identical XBRL tag."
VRT,diluted_eps,annual,2025-01-01,2025-12-31,3.41,USD/shares,EarningsPerShareDiluted,0001674101-26-000008,2026-02-13,2026-02-13T21:10:21+00:00,https://www.sec.gov/Archives/edgar/data/1674101/000167410126000008/vrt-20251231.htm,observed,
VRT,diluted_eps,ttm,2025-07-01,2026-06-30,4.42,USD/shares,EarningsPerShareDiluted,0001628280-26-050609|0001674101-26-000008,2026-07-29|2026-02-13,2026-07-29T20:08:23+00:00,https://www.sec.gov/Archives/edgar/data/1674101/000162828026050609/vrt-20260630.htm|https://www.sec.gov/Archives/edgar/data/1674101/000167410126000008/vrt-20251231.htm,derived_matching_periods,"Latest annual + current fiscal YTD - matching prior fiscal YTD, identical XBRL tag."
VRT,cash,instant,,2026-06-30,2810600000.0,USD,CashAndCashEquivalentsAtCarryingValue,0001628280-26-050609,2026-07-29,2026-07-29T20:08:23+00:00,https://www.sec.gov/Archives/edgar/data/1674101/000162828026050609/vrt-20260630.htm,observed,
VRT,assets,instant,,2026-06-30,15900900000.0,USD,Assets,0001628280-26-050609,2026-07-29,2026-07-29T20:08:23+00:00,https://www.sec.gov/Archives/edgar/data/1674101/000162828026050609/vrt-20260630.htm,observed,
VRT,common_shares_outstanding,instant,,2026-07-27,384988173.0,shares,EntityCommonStockSharesOutstanding,0001628280-26-050609,2026-07-29,2026-07-29T20:08:23+00:00,https://www.sec.gov/Archives/edgar/data/1674101/000162828026050609/vrt-20260630.htm,observed,
VRT,long_term_debt_current,instant,,2026-06-30,0.0,USD,LongTermDebtCurrent,0001628280-26-050609,2026-07-29,2026-07-29T20:08:23+00:00,https://www.sec.gov/Archives/edgar/data/1674101/000162828026050609/vrt-20260630.htm,observed,
VRT,long_term_debt_noncurrent,instant,,2026-06-30,2939800000.0,USD,LongTermDebtNoncurrent,0001628280-26-050609,2026-07-29,2026-07-29T20:08:23+00:00,https://www.sec.gov/Archives/edgar/data/1674101/000162828026050609/vrt-20260630.htm,observed,
VRT,operating_margin_ttm,derived,2025-07-01,2026-06-30,0.1894316875152444,ratio,derived,0001628280-26-050609|0001674101-26-000008,2026-07-29|2026-02-13,2026-07-29T20:08:23+00:00,https://www.sec.gov/Archives/edgar/data/1674101/000162828026050609/vrt-20260630.htm|https://www.sec.gov/Archives/edgar/data/1674101/000167410126000008/vrt-20251231.htm,derived_proxy,GAAP operating income / revenue for matching TTM periods; business mix matters.
VRT,ebit_effect_100bp_margin,derived,2025-07-01,2026-06-30,114796000.0,USD,derived,0001628280-26-050609|0001674101-26-000008,2026-07-29|2026-02-13,2026-07-29T20:08:23+00:00,https://www.sec.gov/Archives/edgar/data/1674101/000162828026050609/vrt-20260630.htm|https://www.sec.gov/Archives/edgar/data/1674101/000167410126000008/vrt-20251231.htm,derived_proxy,Arithmetic sensitivity only: 100bp operating-margin change at constant revenue; not a forecast or policy elasticity.
VRT,cash_fcf_proxy_ttm,derived,2025-07-01,2026-06-30,2929800000.0,USD,derived,0001628280-26-050609|0001674101-26-000008,2026-07-29|2026-02-13,2026-07-29T20:08:23+00:00,https://www.sec.gov/Archives/edgar/data/1674101/000162828026050609/vrt-20260630.htm|https://www.sec.gov/Archives/edgar/data/1674101/000167410126000008/vrt-20251231.htm,derived_proxy,Operating cash flow minus cash purchases of PPE. Excludes finance-lease additions and acquisitions; not management adjusted FCF or equity distributable cash.
VRT,trailing_pe_proxy,derived,2025-07-01,2026-06-30,63.468325515678025,multiple,derived,0001628280-26-050609|0001674101-26-000008,2026-07-29|2026-02-13,2026-07-29T20:08:23+00:00,https://www.sec.gov/Archives/edgar/data/1674101/000162828026050609/vrt-20260630.htm|https://www.sec.gov/Archives/edgar/data/1674101/000167410126000008/vrt-20251231.htm,derived_proxy,"Raw close 280.5299987792969 on 2026-09-04; latest vendor history, not an archived valuation snapshot. Uses matching-tag reconstructed diluted EPS; inspect split/share-basis and one-off effects."
VRT,market_cap_proxy,derived,,2026-07-27,108000731701.73372,USD,derived,0001628280-26-050609,2026-07-29,2026-07-29T20:08:23+00:00,https://www.sec.gov/Archives/edgar/data/1674101/000162828026050609/vrt-20260630.htm,derived_proxy,"Raw close 280.5299987792969 on 2026-09-04; latest vendor history, not an archived valuation snapshot. Uses reported common shares as of 2026-07-27; not current diluted market capitalization."
VRT,cash_fcf_yield_proxy,derived,2025-07-01,2026-06-30,0.027127593987893,ratio,derived,0001628280-26-050609|0001674101-26-000008|0001628280-26-050609,2026-07-29|2026-02-13|2026-07-29,2026-07-29T20:08:23+00:00,https://www.sec.gov/Archives/edgar/data/1674101/000162828026050609/vrt-20260630.htm|https://www.sec.gov/Archives/edgar/data/1674101/000167410126000008/vrt-20251231.htm|https://www.sec.gov/Archives/edgar/data/1674101/000162828026050609/vrt-20260630.htm,derived_proxy,"Raw close 280.5299987792969 on 2026-09-04; latest vendor history, not an archived valuation snapshot. CFO-minus-cash-PPE / reported-share market-cap proxy; no bank FCF proxy."
AEP,revenue,annual,2025-01-01,2025-12-31,21876000000.0,USD,Revenues,0000004904-26-000013,2026-02-12,2026-02-12T15:12:43+00:00,https://www.sec.gov/Archives/edgar/data/4904/000000490426000013/aep-20251231.htm,observed,
AEP,revenue,ttm,2025-04-01,2026-03-31,,USD,Revenues,0000004904-26-000034|0000004904-26-000013,2026-05-05|2026-02-12,2026-05-05T14:23:25+00:00,https://www.sec.gov/Archives/edgar/data/4904/000000490426000034/aep-20260331.htm|https://www.sec.gov/Archives/edgar/data/4904/000000490426000013/aep-20251231.htm,stale_value_withheld,"Latest annual + current fiscal YTD - matching prior fiscal YTD, identical XBRL tag. Stale value withheld: period ended 2026-03-31, age 161 days; latest available filing report date 2026-06-30. Historical value 22433000000 remains in raw SEC data. Must not be used as current valuation input."
AEP,operating_income,annual,2025-01-01,2025-12-31,5319000000.0,USD,OperatingIncomeLoss,0000004904-26-000013,2026-02-12,2026-02-12T15:12:43+00:00,https://www.sec.gov/Archives/edgar/data/4904/000000490426000013/aep-20251231.htm,observed,
AEP,operating_income,ttm,2025-04-01,2026-03-31,,USD,OperatingIncomeLoss,0000004904-26-000034|0000004904-26-000013,2026-05-05|2026-02-12,2026-05-05T14:23:25+00:00,https://www.sec.gov/Archives/edgar/data/4904/000000490426000034/aep-20260331.htm|https://www.sec.gov/Archives/edgar/data/4904/000000490426000013/aep-20251231.htm,stale_value_withheld,"Latest annual + current fiscal YTD - matching prior fiscal YTD, identical XBRL tag. Stale value withheld: period ended 2026-03-31, age 161 days; latest available filing report date 2026-06-30. Historical value 5395000000 remains in raw SEC data. Must not be used as current valuation input."
AEP,net_income,annual,2025-01-01,2025-12-31,3696000000.0,USD,ProfitLoss,0000004904-26-000013,2026-02-12,2026-02-12T15:12:43+00:00,https://www.sec.gov/Archives/edgar/data/4904/000000490426000013/aep-20251231.htm,observed,
AEP,net_income,ttm,2025-04-01,2026-03-31,,USD,ProfitLoss,0000004904-26-000034|0000004904-26-000013,2026-05-05|2026-02-12,2026-05-05T14:23:25+00:00,https://www.sec.gov/Archives/edgar/data/4904/000000490426000034/aep-20260331.htm|https://www.sec.gov/Archives/edgar/data/4904/000000490426000013/aep-20251231.htm,stale_value_withheld,"Latest annual + current fiscal YTD - matching prior fiscal YTD, identical XBRL tag. Stale value withheld: period ended 2026-03-31, age 161 days; latest available filing report date 2026-06-30. Historical value 3797000000 remains in raw SEC data. Must not be used as current valuation input."
AEP,operating_cash_flow,annual,2025-01-01,2025-12-31,6944000000.0,USD,NetCashProvidedByUsedInOperatingActivities,0000004904-26-000013,2026-02-12,2026-02-12T15:12:43+00:00,https://www.sec.gov/Archives/edgar/data/4904/000000490426000013/aep-20251231.htm,observed,
AEP,operating_cash_flow,ttm,2025-04-01,2026-03-31,,USD,NetCashProvidedByUsedInOperatingActivities,0000004904-26-000034|0000004904-26-000013,2026-05-05|2026-02-12,2026-05-05T14:23:25+00:00,https://www.sec.gov/Archives/edgar/data/4904/000000490426000034/aep-20260331.htm|https://www.sec.gov/Archives/edgar/data/4904/000000490426000013/aep-20251231.htm,stale_value_withheld,"Latest annual + current fiscal YTD - matching prior fiscal YTD, identical XBRL tag. Stale value withheld: period ended 2026-03-31, age 161 days; latest available filing report date 2026-06-30. Historical value 7013000000 remains in raw SEC data. Must not be used as current valuation input."
AEP,cash_capex,annual,2025-01-01,2025-12-31,8453000000.0,USD,PaymentsForConstructionInProcess,0000004904-26-000013,2026-02-12,2026-02-12T15:12:43+00:00,https://www.sec.gov/Archives/edgar/data/4904/000000490426000013/aep-20251231.htm,observed,
AEP,cash_capex,ttm,2025-04-01,2026-03-31,,USD,PaymentsForConstructionInProcess,0000004904-26-000034|0000004904-26-000013,2026-05-05|2026-02-12,2026-05-05T14:23:25+00:00,https://www.sec.gov/Archives/edgar/data/4904/000000490426000034/aep-20260331.htm|https://www.sec.gov/Archives/edgar/data/4904/000000490426000013/aep-20251231.htm,stale_value_withheld,"Latest annual + current fiscal YTD - matching prior fiscal YTD, identical XBRL tag. Stale value withheld: period ended 2026-03-31, age 161 days; latest available filing report date 2026-06-30. Historical value 9183000000 remains in raw SEC data. Must not be used as current valuation input."
AEP,diluted_eps,annual,2025-01-01,2025-12-31,6.66,USD/shares,EarningsPerShareDiluted,0000004904-26-000013,2026-02-12,2026-02-12T15:12:43+00:00,https://www.sec.gov/Archives/edgar/data/4904/000000490426000013/aep-20251231.htm,observed,
AEP,diluted_eps,ttm,2025-04-01,2026-03-31,,USD/shares,EarningsPerShareDiluted,0000004904-26-000034|0000004904-26-000013,2026-05-05|2026-02-12,2026-05-05T14:23:25+00:00,https://www.sec.gov/Archives/edgar/data/4904/000000490426000034/aep-20260331.htm|https://www.sec.gov/Archives/edgar/data/4904/000000490426000013/aep-20251231.htm,stale_value_withheld,"Latest annual + current fiscal YTD - matching prior fiscal YTD, identical XBRL tag. Stale value withheld: period ended 2026-03-31, age 161 days; latest available filing report date 2026-06-30. Historical value 6.76 remains in raw SEC data. Must not be used as current valuation input."
AEP,cash,instant,,2026-03-31,,USD,CashAndCashEquivalentsAtCarryingValue,0000004904-26-000034,2026-05-05,2026-05-05T14:23:25+00:00,https://www.sec.gov/Archives/edgar/data/4904/000000490426000034/aep-20260331.htm,stale_value_withheld,"Stale value withheld: period ended 2026-03-31, age 161 days; latest available filing report date 2026-06-30. Historical value 306000000 remains in raw SEC data. Must not be used as current valuation input."
AEP,assets,instant,,2026-03-31,,USD,Assets,0000004904-26-000034,2026-05-05,2026-05-05T14:23:25+00:00,https://www.sec.gov/Archives/edgar/data/4904/000000490426000034/aep-20260331.htm,stale_value_withheld,"Stale value withheld: period ended 2026-03-31, age 161 days; latest available filing report date 2026-06-30. Historical value 117776000000 remains in raw SEC data. Must not be used as current valuation input."
AEP,common_shares_outstanding,instant,,2026-05-05,,shares,EntityCommonStockSharesOutstanding,0000004904-26-000034,2026-05-05,2026-05-05T14:23:25+00:00,https://www.sec.gov/Archives/edgar/data/4904/000000490426000034/aep-20260331.htm,stale_value_withheld,"Stale value withheld: period ended 2026-05-05, age 126 days; latest available filing report date 2026-06-30. Historical value 544104955 remains in raw SEC data. Must not be used as current valuation input."
AEP,long_term_debt_current,instant,,2026-03-31,,USD,LongTermDebtCurrent,0000004904-26-000034,2026-05-05,2026-05-05T14:23:25+00:00,https://www.sec.gov/Archives/edgar/data/4904/000000490426000034/aep-20260331.htm,stale_value_withheld,"Stale value withheld: period ended 2026-03-31, age 161 days; latest available filing report date 2026-06-30. Historical value 2704000000 remains in raw SEC data. Must not be used as current valuation input."
AEP,long_term_debt_noncurrent,instant,,2026-03-31,,USD,LongTermDebtNoncurrent,0000004904-26-000034,2026-05-05,2026-05-05T14:23:25+00:00,https://www.sec.gov/Archives/edgar/data/4904/000000490426000034/aep-20260331.htm,stale_value_withheld,"Stale value withheld: period ended 2026-03-31, age 161 days; latest available filing report date 2026-06-30. Historical value 46850000000 remains in raw SEC data. Must not be used as current valuation input."
XOM,revenue,annual,2025-01-01,2025-12-31,332238000000.0,USD,Revenues,0000034088-26-000045,2026-02-18,2026-02-18T21:06:52+00:00,https://www.sec.gov/Archives/edgar/data/34088/000003408826000045/xom-20251231.htm,observed,
XOM,revenue,ttm,2025-07-01,2026-06-30,368757000000.0,USD,Revenues,0000034088-26-000093|0000034088-26-000045,2026-08-03|2026-02-18,2026-08-03T18:55:38+00:00,https://www.sec.gov/Archives/edgar/data/2115436/000003408826000093/xom-20260630.htm|https://www.sec.gov/Archives/edgar/data/34088/000003408826000045/xom-20251231.htm,derived_matching_periods,"Latest annual + current fiscal YTD - matching prior fiscal YTD, identical XBRL tag."
XOM,operating_income,ttm,,,,USD,,,,,,missing_supported_facts,No eligible annual observation; not substituted with another economic concept.
XOM,net_income,annual,2025-01-01,2025-12-31,28844000000.0,USD,NetIncomeLoss,0000034088-26-000045,2026-02-18,2026-02-18T21:06:52+00:00,https://www.sec.gov/Archives/edgar/data/34088/000003408826000045/xom-20251231.htm,observed,
XOM,net_income,ttm,2025-07-01,2026-06-30,32757000000.0,USD,NetIncomeLoss,0000034088-26-000093|0000034088-26-000045,2026-08-03|2026-02-18,2026-08-03T18:55:38+00:00,https://www.sec.gov/Archives/edgar/data/2115436/000003408826000093/xom-20260630.htm|https://www.sec.gov/Archives/edgar/data/34088/000003408826000045/xom-20251231.htm,derived_matching_periods,"Latest annual + current fiscal YTD - matching prior fiscal YTD, identical XBRL tag."
XOM,operating_cash_flow,annual,2025-01-01,2025-12-31,51970000000.0,USD,NetCashProvidedByUsedInOperatingActivities,0000034088-26-000045,2026-02-18,2026-02-18T21:06:52+00:00,https://www.sec.gov/Archives/edgar/data/34088/000003408826000045/xom-20251231.htm,observed,
XOM,operating_cash_flow,ttm,2025-07-01,2026-06-30,59727000000.0,USD,NetCashProvidedByUsedInOperatingActivities,0000034088-26-000093|0000034088-26-000045,2026-08-03|2026-02-18,2026-08-03T18:55:38+00:00,https://www.sec.gov/Archives/edgar/data/2115436/000003408826000093/xom-20260630.htm|https://www.sec.gov/Archives/edgar/data/34088/000003408826000045/xom-20251231.htm,derived_matching_periods,"Latest annual + current fiscal YTD - matching prior fiscal YTD, identical XBRL tag."
XOM,cash_capex,annual,2025-01-01,2025-12-31,28358000000.0,USD,PaymentsToAcquirePropertyPlantAndEquipment,0000034088-26-000045,2026-02-18,2026-02-18T21:06:52+00:00,https://www.sec.gov/Archives/edgar/data/34088/000003408826000045/xom-20251231.htm,observed,
XOM,cash_capex,ttm,2025-07-01,2026-06-30,29174000000.0,USD,PaymentsToAcquirePropertyPlantAndEquipment,0000034088-26-000093|0000034088-26-000045,2026-08-03|2026-02-18,2026-08-03T18:55:38+00:00,https://www.sec.gov/Archives/edgar/data/2115436/000003408826000093/xom-20260630.htm|https://www.sec.gov/Archives/edgar/data/34088/000003408826000045/xom-20251231.htm,derived_matching_periods,"Latest annual + current fiscal YTD - matching prior fiscal YTD, identical XBRL tag."
XOM,diluted_eps,annual,2025-01-01,2025-12-31,6.7,USD/shares,EarningsPerShareDiluted,0000034088-26-000045,2026-02-18,2026-02-18T21:06:52+00:00,https://www.sec.gov/Archives/edgar/data/34088/000003408826000045/xom-20251231.htm,observed,
XOM,diluted_eps,ttm,2025-07-01,2026-06-30,7.77,USD/shares,EarningsPerShareDiluted,0000034088-26-000093|0000034088-26-000045,2026-08-03|2026-02-18,2026-08-03T18:55:38+00:00,https://www.sec.gov/Archives/edgar/data/2115436/000003408826000093/xom-20260630.htm|https://www.sec.gov/Archives/edgar/data/34088/000003408826000045/xom-20251231.htm,derived_matching_periods,"Latest annual + current fiscal YTD - matching prior fiscal YTD, identical XBRL tag."
XOM,cash,instant,,2026-06-30,10588000000.0,USD,CashAndCashEquivalentsAtCarryingValue,0000034088-26-000093,2026-08-03,2026-08-03T18:55:38+00:00,https://www.sec.gov/Archives/edgar/data/2115436/000003408826000093/xom-20260630.htm,observed,
XOM,assets,instant,,2026-06-30,464482000000.0,USD,Assets,0000034088-26-000093,2026-08-03,2026-08-03T18:55:38+00:00,https://www.sec.gov/Archives/edgar/data/2115436/000003408826000093/xom-20260630.htm,observed,
XOM,common_shares_outstanding,instant,,2026-06-30,4112000000.0,shares,CommonStockSharesOutstanding,0000034088-26-000093,2026-08-03,2026-08-03T18:55:38+00:00,https://www.sec.gov/Archives/edgar/data/2115436/000003408826000093/xom-20260630.htm,observed,
XOM,long_term_debt_current,instant,,2025-12-31,,USD,LongTermDebtCurrent,0000034088-26-000045,2026-02-18,2026-02-18T21:06:52+00:00,https://www.sec.gov/Archives/edgar/data/34088/000003408826000045/xom-20251231.htm,stale_value_withheld,"Stale value withheld: period ended 2025-12-31, age 251 days; latest available filing report date 2026-06-30. Historical value 6200000000 remains in raw SEC data. Must not be used as current valuation input."
XOM,long_term_debt_noncurrent,instant,,2017-12-31,,USD,LongTermDebtNoncurrent,0000034088-19-000010,2019-02-27,2019-02-28T00:00:00+00:00,https://www.sec.gov/Archives/edgar/data/34088/000003408819000010/0000034088-19-000010-index.html,stale_value_withheld,"Stale value withheld: period ended 2017-12-31, age 3173 days; latest available filing report date 2026-06-30. Historical value 23100000000 remains in raw SEC data. Must not be used as current valuation input."
XOM,cash_fcf_proxy_ttm,derived,2025-07-01,2026-06-30,30553000000.0,USD,derived,0000034088-26-000093|0000034088-26-000045,2026-08-03|2026-02-18,2026-08-03T18:55:38+00:00,https://www.sec.gov/Archives/edgar/data/2115436/000003408826000093/xom-20260630.htm|https://www.sec.gov/Archives/edgar/data/34088/000003408826000045/xom-20251231.htm,derived_proxy,Operating cash flow minus cash purchases of PPE. Excludes finance-lease additions and acquisitions; not management adjusted FCF or equity distributable cash.
XOM,trailing_pe_proxy,derived,2025-07-01,2026-06-30,20.523809680914173,multiple,derived,0000034088-26-000093|0000034088-26-000045,2026-08-03|2026-02-18,2026-08-03T18:55:38+00:00,https://www.sec.gov/Archives/edgar/data/2115436/000003408826000093/xom-20260630.htm|https://www.sec.gov/Archives/edgar/data/34088/000003408826000045/xom-20251231.htm,derived_proxy,"Raw close 159.47000122070312 on 2026-09-04; latest vendor history, not an archived valuation snapshot. Uses matching-tag reconstructed diluted EPS; inspect split/share-basis and one-off effects."
XOM,market_cap_proxy,derived,,2026-06-30,655740645019.5312,USD,derived,0000034088-26-000093,2026-08-03,2026-08-03T18:55:38+00:00,https://www.sec.gov/Archives/edgar/data/2115436/000003408826000093/xom-20260630.htm,derived_proxy,"Raw close 159.47000122070312 on 2026-09-04; latest vendor history, not an archived valuation snapshot. Uses reported common shares as of 2026-06-30; not current diluted market capitalization."
XOM,cash_fcf_yield_proxy,derived,2025-07-01,2026-06-30,0.046593116092552,ratio,derived,0000034088-26-000093|0000034088-26-000045|0000034088-26-000093,2026-08-03|2026-02-18|2026-08-03,2026-08-03T18:55:38+00:00,https://www.sec.gov/Archives/edgar/data/2115436/000003408826000093/xom-20260630.htm|https://www.sec.gov/Archives/edgar/data/34088/000003408826000045/xom-20251231.htm|https://www.sec.gov/Archives/edgar/data/2115436/000003408826000093/xom-20260630.htm,derived_proxy,"Raw close 159.47000122070312 on 2026-09-04; latest vendor history, not an archived valuation snapshot. CFO-minus-cash-PPE / reported-share market-cap proxy; no bank FCF proxy."
DHI,revenue,annual,2024-10-01,2025-09-30,34250400000.0,USD,Revenues,0000882184-25-000081,2025-11-19,2025-11-19T19:30:13+00:00,https://www.sec.gov/Archives/edgar/data/882184/000088218425000081/dhi-20250930.htm,observed,
DHI,revenue,ttm,2025-07-01,2026-06-30,33350000000.0,USD,Revenues,0000882184-26-000096|0000882184-25-000081,2026-07-23|2025-11-19,2026-07-23T20:10:32+00:00,https://www.sec.gov/Archives/edgar/data/882184/000088218426000096/dhi-20260630.htm|https://www.sec.gov/Archives/edgar/data/882184/000088218425000081/dhi-20250930.htm,derived_matching_periods,"Latest annual + current fiscal YTD - matching prior fiscal YTD, identical XBRL tag."
DHI,operating_income,ttm,,,,USD,,,,,,missing_supported_facts,No eligible annual observation; not substituted with another economic concept.
DHI,net_income,annual,2024-10-01,2025-09-30,3585200000.0,USD,NetIncomeLoss,0000882184-25-000081,2025-11-19,2025-11-19T19:30:13+00:00,https://www.sec.gov/Archives/edgar/data/882184/000088218425000081/dhi-20250930.htm,observed,
DHI,net_income,ttm,2025-07-01,2026-06-30,3052900000.0,USD,NetIncomeLoss,0000882184-26-000096|0000882184-25-000081,2026-07-23|2025-11-19,2026-07-23T20:10:32+00:00,https://www.sec.gov/Archives/edgar/data/882184/000088218426000096/dhi-20260630.htm|https://www.sec.gov/Archives/edgar/data/882184/000088218425000081/dhi-20250930.htm,derived_matching_periods,"Latest annual + current fiscal YTD - matching prior fiscal YTD, identical XBRL tag."
DHI,operating_cash_flow,annual,2024-10-01,2025-09-30,3420900000.0,USD,NetCashProvidedByUsedInOperatingActivities,0000882184-25-000081,2025-11-19,2025-11-19T19:30:13+00:00,https://www.sec.gov/Archives/edgar/data/882184/000088218425000081/dhi-20250930.htm,observed,
DHI,operating_cash_flow,ttm,2025-07-01,2026-06-30,3352600000.0,USD,NetCashProvidedByUsedInOperatingActivities,0000882184-26-000096|0000882184-25-000081,2026-07-23|2025-11-19,2026-07-23T20:10:32+00:00,https://www.sec.gov/Archives/edgar/data/882184/000088218426000096/dhi-20260630.htm|https://www.sec.gov/Archives/edgar/data/882184/000088218425000081/dhi-20250930.htm,derived_matching_periods,"Latest annual + current fiscal YTD - matching prior fiscal YTD, identical XBRL tag."
DHI,cash_capex,annual,2024-10-01,2025-09-30,137400000.0,USD,PaymentsToAcquirePropertyPlantAndEquipment,0000882184-25-000081,2025-11-19,2025-11-19T19:30:13+00:00,https://www.sec.gov/Archives/edgar/data/882184/000088218425000081/dhi-20250930.htm,observed,
DHI,cash_capex,ttm,2025-07-01,2026-06-30,150400000.0,USD,PaymentsToAcquirePropertyPlantAndEquipment,0000882184-26-000096|0000882184-25-000081,2026-07-23|2025-11-19,2026-07-23T20:10:32+00:00,https://www.sec.gov/Archives/edgar/data/882184/000088218426000096/dhi-20260630.htm|https://www.sec.gov/Archives/edgar/data/882184/000088218425000081/dhi-20250930.htm,derived_matching_periods,"Latest annual + current fiscal YTD - matching prior fiscal YTD, identical XBRL tag."
DHI,diluted_eps,annual,2024-10-01,2025-09-30,11.57,USD/shares,EarningsPerShareDiluted,0000882184-25-000081,2025-11-19,2025-11-19T19:30:13+00:00,https://www.sec.gov/Archives/edgar/data/882184/000088218425000081/dhi-20250930.htm,observed,
DHI,diluted_eps,ttm,2025-07-01,2026-06-30,10.49,USD/shares,EarningsPerShareDiluted,0000882184-26-000096|0000882184-25-000081,2026-07-23|2025-11-19,2026-07-23T20:10:32+00:00,https://www.sec.gov/Archives/edgar/data/882184/000088218426000096/dhi-20260630.htm|https://www.sec.gov/Archives/edgar/data/882184/000088218425000081/dhi-20250930.htm,derived_matching_periods,"Latest annual + current fiscal YTD - matching prior fiscal YTD, identical XBRL tag."
DHI,cash,instant,,2026-06-30,2078700000.0,USD,CashAndCashEquivalentsAtCarryingValue,0000882184-26-000096,2026-07-23,2026-07-23T20:10:32+00:00,https://www.sec.gov/Archives/edgar/data/882184/000088218426000096/dhi-20260630.htm,observed,
DHI,assets,instant,,2026-06-30,36511300000.0,USD,Assets,0000882184-26-000096,2026-07-23,2026-07-23T20:10:32+00:00,https://www.sec.gov/Archives/edgar/data/882184/000088218426000096/dhi-20260630.htm,observed,
DHI,common_shares_outstanding,instant,,2026-07-16,279701267.0,shares,EntityCommonStockSharesOutstanding,0000882184-26-000096,2026-07-23,2026-07-23T20:10:32+00:00,https://www.sec.gov/Archives/edgar/data/882184/000088218426000096/dhi-20260630.htm,observed,
DHI,long_term_debt_current,instant,,,,USD,,,,,,missing_supported_facts,
DHI,long_term_debt_noncurrent,instant,,,,USD,,,,,,missing_supported_facts,
DHI,cash_fcf_proxy_ttm,derived,2025-07-01,2026-06-30,3202200000.0,USD,derived,0000882184-26-000096|0000882184-25-000081,2026-07-23|2025-11-19,2026-07-23T20:10:32+00:00,https://www.sec.gov/Archives/edgar/data/882184/000088218426000096/dhi-20260630.htm|https://www.sec.gov/Archives/edgar/data/882184/000088218425000081/dhi-20250930.htm,derived_proxy,Operating cash flow minus cash purchases of PPE. Excludes finance-lease additions and acquisitions; not management adjusted FCF or equity distributable cash.
DHI,trailing_pe_proxy,derived,2025-07-01,2026-06-30,13.608198284080077,multiple,derived,0000882184-26-000096|0000882184-25-000081,2026-07-23|2025-11-19,2026-07-23T20:10:32+00:00,https://www.sec.gov/Archives/edgar/data/882184/000088218426000096/dhi-20260630.htm|https://www.sec.gov/Archives/edgar/data/882184/000088218425000081/dhi-20250930.htm,derived_proxy,"Raw close 142.75 on 2026-09-04; latest vendor history, not an archived valuation snapshot. Uses matching-tag reconstructed diluted EPS; inspect split/share-basis and one-off effects."
DHI,market_cap_proxy,derived,,2026-07-16,39927355864.25,USD,derived,0000882184-26-000096,2026-07-23,2026-07-23T20:10:32+00:00,https://www.sec.gov/Archives/edgar/data/882184/000088218426000096/dhi-20260630.htm,derived_proxy,"Raw close 142.75 on 2026-09-04; latest vendor history, not an archived valuation snapshot. Uses reported common shares as of 2026-07-16; not current diluted market capitalization."
DHI,cash_fcf_yield_proxy,derived,2025-07-01,2026-06-30,0.0802006526775085,ratio,derived,0000882184-26-000096|0000882184-25-000081|0000882184-26-000096,2026-07-23|2025-11-19|2026-07-23,2026-07-23T20:10:32+00:00,https://www.sec.gov/Archives/edgar/data/882184/000088218426000096/dhi-20260630.htm|https://www.sec.gov/Archives/edgar/data/882184/000088218425000081/dhi-20250930.htm|https://www.sec.gov/Archives/edgar/data/882184/000088218426000096/dhi-20260630.htm,derived_proxy,"Raw close 142.75 on 2026-09-04; latest vendor history, not an archived valuation snapshot. CFO-minus-cash-PPE / reported-share market-cap proxy; no bank FCF proxy."
JPM,revenue,annual,2025-01-01,2025-12-31,182447000000.0,USD,RevenuesNetOfInterestExpense,0001628280-26-008131,2026-02-13,2026-02-13T21:20:00+00:00,https://www.sec.gov/Archives/edgar/data/19617/000162828026008131/jpm-20251231.htm,observed,
JPM,revenue,ttm,2025-07-01,2026-06-30,199408000000.0,USD,RevenuesNetOfInterestExpense,0001628280-26-054343|0001628280-26-008131,2026-08-06|2026-02-13,2026-08-06T20:19:03+00:00,https://www.sec.gov/Archives/edgar/data/19617/000162828026054343/jpm-20260630.htm|https://www.sec.gov/Archives/edgar/data/19617/000162828026008131/jpm-20251231.htm,derived_matching_periods,"Latest annual + current fiscal YTD - matching prior fiscal YTD, identical XBRL tag."
JPM,operating_income,ttm,,,,USD,,,,,,missing_supported_facts,No eligible annual observation; not substituted with another economic concept.
JPM,net_income,annual,2025-01-01,2025-12-31,57048000000.0,USD,NetIncomeLoss,0001628280-26-008131,2026-02-13,2026-02-13T21:20:00+00:00,https://www.sec.gov/Archives/edgar/data/19617/000162828026008131/jpm-20251231.htm,observed,
JPM,net_income,ttm,2025-07-01,2026-06-30,65067000000.0,USD,NetIncomeLoss,0001628280-26-054343|0001628280-26-008131,2026-08-06|2026-02-13,2026-08-06T20:19:03+00:00,https://www.sec.gov/Archives/edgar/data/19617/000162828026054343/jpm-20260630.htm|https://www.sec.gov/Archives/edgar/data/19617/000162828026008131/jpm-20251231.htm,derived_matching_periods,"Latest annual + current fiscal YTD - matching prior fiscal YTD, identical XBRL tag."
JPM,operating_cash_flow,annual,2025-01-01,2025-12-31,-147782000000.0,USD,NetCashProvidedByUsedInOperatingActivities,0001628280-26-008131,2026-02-13,2026-02-13T21:20:00+00:00,https://www.sec.gov/Archives/edgar/data/19617/000162828026008131/jpm-20251231.htm,observed,
JPM,operating_cash_flow,ttm,2025-07-01,2026-06-30,-162534000000.0,USD,NetCashProvidedByUsedInOperatingActivities,0001628280-26-054343|0001628280-26-008131,2026-08-06|2026-02-13,2026-08-06T20:19:03+00:00,https://www.sec.gov/Archives/edgar/data/19617/000162828026054343/jpm-20260630.htm|https://www.sec.gov/Archives/edgar/data/19617/000162828026008131/jpm-20251231.htm,derived_matching_periods,"Latest annual + current fiscal YTD - matching prior fiscal YTD, identical XBRL tag."
JPM,cash_capex,ttm,,,,USD,,,,,,missing_supported_facts,No eligible annual observation; not substituted with another economic concept.
JPM,diluted_eps,annual,2025-01-01,2025-12-31,20.02,USD/shares,EarningsPerShareDiluted,0001628280-26-008131,2026-02-13,2026-02-13T21:20:00+00:00,https://www.sec.gov/Archives/edgar/data/19617/000162828026008131/jpm-20251231.htm,observed,
JPM,diluted_eps,ttm,2025-07-01,2026-06-30,23.34,USD/shares,EarningsPerShareDiluted,0001628280-26-054343|0001628280-26-008131,2026-08-06|2026-02-13,2026-08-06T20:19:03+00:00,https://www.sec.gov/Archives/edgar/data/19617/000162828026054343/jpm-20260630.htm|https://www.sec.gov/Archives/edgar/data/19617/000162828026008131/jpm-20251231.htm,derived_matching_periods,"Latest annual + current fiscal YTD - matching prior fiscal YTD, identical XBRL tag."
JPM,cash,instant,,2018-12-31,,USD,CashAndCashEquivalentsAtCarryingValue,0000019617-19-000054,2019-02-26,2019-02-27T00:00:00+00:00,https://www.sec.gov/Archives/edgar/data/19617/000001961719000054/0000019617-19-000054-index.html,stale_value_withheld,"Stale value withheld: period ended 2018-12-31, age 2808 days; latest available filing report date 2026-06-30. Historical value 278793000000 remains in raw SEC data. Must not be used as current valuation input."
JPM,assets,instant,,2026-06-30,5015069000000.0,USD,Assets,0001628280-26-054343,2026-08-06,2026-08-06T20:19:03+00:00,https://www.sec.gov/Archives/edgar/data/19617/000162828026054343/jpm-20260630.htm,observed,
JPM,common_shares_outstanding,instant,,2026-06-30,2658186195.0,shares,EntityCommonStockSharesOutstanding,0001628280-26-054343,2026-08-06,2026-08-06T20:19:03+00:00,https://www.sec.gov/Archives/edgar/data/19617/000162828026054343/jpm-20260630.htm,observed,
JPM,long_term_debt_current,instant,,,,USD,,,,,,missing_supported_facts,
JPM,long_term_debt_noncurrent,instant,,,,USD,,,,,,missing_supported_facts,
JPM,trailing_pe_proxy,derived,2025-07-01,2026-06-30,15.36589608605131,multiple,derived,0001628280-26-054343|0001628280-26-008131,2026-08-06|2026-02-13,2026-08-06T20:19:03+00:00,https://www.sec.gov/Archives/edgar/data/19617/000162828026054343/jpm-20260630.htm|https://www.sec.gov/Archives/edgar/data/19617/000162828026008131/jpm-20251231.htm,derived_proxy,"Raw close 358.6400146484375 on 2026-09-04; latest vendor history, not an archived valuation snapshot. Uses matching-tag reconstructed diluted EPS; inspect split/share-basis and one-off effects."
JPM,market_cap_proxy,derived,,2026-06-30,953331935913.0743,USD,derived,0001628280-26-054343,2026-08-06,2026-08-06T20:19:03+00:00,https://www.sec.gov/Archives/edgar/data/19617/000162828026054343/jpm-20260630.htm,derived_proxy,"Raw close 358.6400146484375 on 2026-09-04; latest vendor history, not an archived valuation snapshot. Uses reported common shares as of 2026-06-30; not current diluted market capitalization."
UNH,revenue,annual,2025-01-01,2025-12-31,447567000000.0,USD,Revenues,0000731766-26-000062,2026-03-02,2026-03-02T11:06:21+00:00,https://www.sec.gov/Archives/edgar/data/731766/000073176626000062/unh-20251231.htm,observed,
UNH,revenue,ttm,2025-07-01,2026-06-30,450129000000.0,USD,Revenues,0000731766-26-000197|0000731766-26-000062,2026-08-10|2026-03-02,2026-08-10T20:07:52+00:00,https://www.sec.gov/Archives/edgar/data/731766/000073176626000197/unh-20260630.htm|https://www.sec.gov/Archives/edgar/data/731766/000073176626000062/unh-20251231.htm,derived_matching_periods,"Latest annual + current fiscal YTD - matching prior fiscal YTD, identical XBRL tag."
UNH,operating_income,annual,2025-01-01,2025-12-31,18964000000.0,USD,OperatingIncomeLoss,0000731766-26-000062,2026-03-02,2026-03-02T11:06:21+00:00,https://www.sec.gov/Archives/edgar/data/731766/000073176626000062/unh-20251231.htm,observed,
UNH,operating_income,ttm,2025-07-01,2026-06-30,21676000000.0,USD,OperatingIncomeLoss,0000731766-26-000197|0000731766-26-000062,2026-08-10|2026-03-02,2026-08-10T20:07:52+00:00,https://www.sec.gov/Archives/edgar/data/731766/000073176626000197/unh-20260630.htm|https://www.sec.gov/Archives/edgar/data/731766/000073176626000062/unh-20251231.htm,derived_matching_periods,"Latest annual + current fiscal YTD - matching prior fiscal YTD, identical XBRL tag."
UNH,net_income,annual,2025-01-01,2025-12-31,12056000000.0,USD,NetIncomeLoss,0000731766-26-000062,2026-03-02,2026-03-02T11:06:21+00:00,https://www.sec.gov/Archives/edgar/data/731766/000073176626000062/unh-20251231.htm,observed,
UNH,net_income,ttm,2025-07-01,2026-06-30,14122000000.0,USD,NetIncomeLoss,0000731766-26-000197|0000731766-26-000062,2026-08-10|2026-03-02,2026-08-10T20:07:52+00:00,https://www.sec.gov/Archives/edgar/data/731766/000073176626000197/unh-20260630.htm|https://www.sec.gov/Archives/edgar/data/731766/000073176626000062/unh-20251231.htm,derived_matching_periods,"Latest annual + current fiscal YTD - matching prior fiscal YTD, identical XBRL tag."
UNH,operating_cash_flow,annual,2025-01-01,2025-12-31,19697000000.0,USD,NetCashProvidedByUsedInOperatingActivities,0000731766-26-000062,2026-03-02,2026-03-02T11:06:21+00:00,https://www.sec.gov/Archives/edgar/data/731766/000073176626000062/unh-20251231.htm,observed,
UNH,operating_cash_flow,ttm,2025-07-01,2026-06-30,27017000000.0,USD,NetCashProvidedByUsedInOperatingActivities,0000731766-26-000197|0000731766-26-000062,2026-08-10|2026-03-02,2026-08-10T20:07:52+00:00,https://www.sec.gov/Archives/edgar/data/731766/000073176626000197/unh-20260630.htm|https://www.sec.gov/Archives/edgar/data/731766/000073176626000062/unh-20251231.htm,derived_matching_periods,"Latest annual + current fiscal YTD - matching prior fiscal YTD, identical XBRL tag."
UNH,cash_capex,annual,2025-01-01,2025-12-31,3622000000.0,USD,PaymentsToAcquirePropertyPlantAndEquipment,0000731766-26-000062,2026-03-02,2026-03-02T11:06:21+00:00,https://www.sec.gov/Archives/edgar/data/731766/000073176626000062/unh-20251231.htm,observed,
UNH,cash_capex,ttm,2025-07-01,2026-06-30,3400000000.0,USD,PaymentsToAcquirePropertyPlantAndEquipment,0000731766-26-000197|0000731766-26-000062,2026-08-10|2026-03-02,2026-08-10T20:07:52+00:00,https://www.sec.gov/Archives/edgar/data/731766/000073176626000197/unh-20260630.htm|https://www.sec.gov/Archives/edgar/data/731766/000073176626000062/unh-20251231.htm,derived_matching_periods,"Latest annual + current fiscal YTD - matching prior fiscal YTD, identical XBRL tag."
UNH,diluted_eps,annual,2025-01-01,2025-12-31,13.23,USD/shares,EarningsPerShareDiluted,0000731766-26-000062,2026-03-02,2026-03-02T11:06:21+00:00,https://www.sec.gov/Archives/edgar/data/731766/000073176626000062/unh-20251231.htm,observed,
UNH,diluted_eps,ttm,2025-07-01,2026-06-30,15.560000000000002,USD/shares,EarningsPerShareDiluted,0000731766-26-000197|0000731766-26-000062,2026-08-10|2026-03-02,2026-08-10T20:07:52+00:00,https://www.sec.gov/Archives/edgar/data/731766/000073176626000197/unh-20260630.htm|https://www.sec.gov/Archives/edgar/data/731766/000073176626000062/unh-20251231.htm,derived_matching_periods,"Latest annual + current fiscal YTD - matching prior fiscal YTD, identical XBRL tag."
UNH,cash,instant,,2026-06-30,28585000000.0,USD,CashAndCashEquivalentsAtCarryingValue,0000731766-26-000197,2026-08-10,2026-08-10T20:07:52+00:00,https://www.sec.gov/Archives/edgar/data/731766/000073176626000197/unh-20260630.htm,observed,
UNH,assets,instant,,2026-06-30,309727000000.0,USD,Assets,0000731766-26-000197,2026-08-10,2026-08-10T20:07:52+00:00,https://www.sec.gov/Archives/edgar/data/731766/000073176626000197/unh-20260630.htm,observed,
UNH,common_shares_outstanding,instant,,2026-07-31,897594847.0,shares,EntityCommonStockSharesOutstanding,0000731766-26-000197,2026-08-10,2026-08-10T20:07:52+00:00,https://www.sec.gov/Archives/edgar/data/731766/000073176626000197/unh-20260630.htm,observed,
UNH,long_term_debt_current,instant,,2021-12-31,,USD,LongTermDebtCurrent,0000731766-22-000008,2022-02-15,2022-02-15T21:50:18+00:00,https://www.sec.gov/Archives/edgar/data/731766/000073176622000008/unh-20211231.htm,stale_value_withheld,"Stale value withheld: period ended 2021-12-31, age 1712 days; latest available filing report date 2026-06-30. Historical value 3620000000 remains in raw SEC data. Must not be used as current valuation input."
UNH,long_term_debt_noncurrent,instant,,2026-06-30,69501000000.0,USD,LongTermDebtNoncurrent,0000731766-26-000197,2026-08-10,2026-08-10T20:07:52+00:00,https://www.sec.gov/Archives/edgar/data/731766/000073176626000197/unh-20260630.htm,observed,
UNH,operating_margin_ttm,derived,2025-07-01,2026-06-30,0.0481550844313519,ratio,derived,0000731766-26-000197|0000731766-26-000062,2026-08-10|2026-03-02,2026-08-10T20:07:52+00:00,https://www.sec.gov/Archives/edgar/data/731766/000073176626000197/unh-20260630.htm|https://www.sec.gov/Archives/edgar/data/731766/000073176626000062/unh-20251231.htm,derived_proxy,GAAP operating income / revenue for matching TTM periods; business mix matters.
UNH,ebit_effect_100bp_margin,derived,2025-07-01,2026-06-30,4501290000.0,USD,derived,0000731766-26-000197|0000731766-26-000062,2026-08-10|2026-03-02,2026-08-10T20:07:52+00:00,https://www.sec.gov/Archives/edgar/data/731766/000073176626000197/unh-20260630.htm|https://www.sec.gov/Archives/edgar/data/731766/000073176626000062/unh-20251231.htm,derived_proxy,Arithmetic sensitivity only: 100bp operating-margin change at constant revenue; not a forecast or policy elasticity.
UNH,cash_fcf_proxy_ttm,derived,2025-07-01,2026-06-30,23617000000.0,USD,derived,0000731766-26-000197|0000731766-26-000062,2026-08-10|2026-03-02,2026-08-10T20:07:52+00:00,https://www.sec.gov/Archives/edgar/data/731766/000073176626000197/unh-20260630.htm|https://www.sec.gov/Archives/edgar/data/731766/000073176626000062/unh-20251231.htm,derived_proxy,Operating cash flow minus cash purchases of PPE. Excludes finance-lease additions and acquisitions; not management adjusted FCF or equity distributable cash.
UNH,trailing_pe_proxy,derived,2025-07-01,2026-06-30,25.52313718820292,multiple,derived,0000731766-26-000197|0000731766-26-000062,2026-08-10|2026-03-02,2026-08-10T20:07:52+00:00,https://www.sec.gov/Archives/edgar/data/731766/000073176626000197/unh-20260630.htm|https://www.sec.gov/Archives/edgar/data/731766/000073176626000062/unh-20251231.htm,derived_proxy,"Raw close 397.1400146484375 on 2026-09-04; latest vendor history, not an archived valuation snapshot. Uses matching-tag reconstructed diluted EPS; inspect split/share-basis and one-off effects."
UNH,market_cap_proxy,derived,,2026-07-31,356470830685.942,USD,derived,0000731766-26-000197,2026-08-10,2026-08-10T20:07:52+00:00,https://www.sec.gov/Archives/edgar/data/731766/000073176626000197/unh-20260630.htm,derived_proxy,"Raw close 397.1400146484375 on 2026-09-04; latest vendor history, not an archived valuation snapshot. Uses reported common shares as of 2026-07-31; not current diluted market capitalization."
UNH,cash_fcf_yield_proxy,derived,2025-07-01,2026-06-30,0.0662522651700695,ratio,derived,0000731766-26-000197|0000731766-26-000062|0000731766-26-000197,2026-08-10|2026-03-02|2026-08-10,2026-08-10T20:07:52+00:00,https://www.sec.gov/Archives/edgar/data/731766/000073176626000197/unh-20260630.htm|https://www.sec.gov/Archives/edgar/data/731766/000073176626000062/unh-20251231.htm|https://www.sec.gov/Archives/edgar/data/731766/000073176626000197/unh-20260630.htm,derived_proxy,"Raw close 397.1400146484375 on 2026-09-04; latest vendor history, not an archived valuation snapshot. CFO-minus-cash-PPE / reported-share market-cap proxy; no bank FCF proxy."
WMT,revenue,annual,2025-02-01,2026-01-31,706413000000.0,USD,RevenueFromContractWithCustomerExcludingAssessedTax,0000104169-26-000055,2026-03-13,2026-03-13T20:06:24+00:00,https://www.sec.gov/Archives/edgar/data/104169/000010416926000055/wmt-20260131.htm,observed,
WMT,revenue,ttm,2025-08-01,2026-07-31,728466000000.0,USD,RevenueFromContractWithCustomerExcludingAssessedTax,0000104169-26-000154|0000104169-26-000055,2026-08-28|2026-03-13,2026-08-28T20:11:28+00:00,https://www.sec.gov/Archives/edgar/data/104169/000010416926000154/wmt-20260731.htm|https://www.sec.gov/Archives/edgar/data/104169/000010416926000055/wmt-20260131.htm,derived_matching_periods,"Latest annual + current fiscal YTD - matching prior fiscal YTD, identical XBRL tag."
WMT,operating_income,annual,2025-02-01,2026-01-31,29825000000.0,USD,OperatingIncomeLoss,0000104169-26-000055,2026-03-13,2026-03-13T20:06:24+00:00,https://www.sec.gov/Archives/edgar/data/104169/000010416926000055/wmt-20260131.htm,observed,
WMT,operating_income,ttm,2025-08-01,2026-07-31,32280000000.0,USD,OperatingIncomeLoss,0000104169-26-000154|0000104169-26-000055,2026-08-28|2026-03-13,2026-08-28T20:11:28+00:00,https://www.sec.gov/Archives/edgar/data/104169/000010416926000154/wmt-20260731.htm|https://www.sec.gov/Archives/edgar/data/104169/000010416926000055/wmt-20260131.htm,derived_matching_periods,"Latest annual + current fiscal YTD - matching prior fiscal YTD, identical XBRL tag."
WMT,net_income,annual,2025-02-01,2026-01-31,21893000000.0,USD,NetIncomeLoss,0000104169-26-000055,2026-03-13,2026-03-13T20:06:24+00:00,https://www.sec.gov/Archives/edgar/data/104169/000010416926000055/wmt-20260131.htm,observed,
WMT,net_income,ttm,2025-08-01,2026-07-31,22076000000.0,USD,NetIncomeLoss,0000104169-26-000154|0000104169-26-000055,2026-08-28|2026-03-13,2026-08-28T20:11:28+00:00,https://www.sec.gov/Archives/edgar/data/104169/000010416926000154/wmt-20260731.htm|https://www.sec.gov/Archives/edgar/data/104169/000010416926000055/wmt-20260131.htm,derived_matching_periods,"Latest annual + current fiscal YTD - matching prior fiscal YTD, identical XBRL tag."
WMT,operating_cash_flow,annual,2025-02-01,2026-01-31,41565000000.0,USD,NetCashProvidedByUsedInOperatingActivities,0000104169-26-000055,2026-03-13,2026-03-13T20:06:24+00:00,https://www.sec.gov/Archives/edgar/data/104169/000010416926000055/wmt-20260131.htm,observed,
WMT,operating_cash_flow,ttm,2025-08-01,2026-07-31,42923000000.0,USD,NetCashProvidedByUsedInOperatingActivities,0000104169-26-000154|0000104169-26-000055,2026-08-28|2026-03-13,2026-08-28T20:11:28+00:00,https://www.sec.gov/Archives/edgar/data/104169/000010416926000154/wmt-20260731.htm|https://www.sec.gov/Archives/edgar/data/104169/000010416926000055/wmt-20260131.htm,derived_matching_periods,"Latest annual + current fiscal YTD - matching prior fiscal YTD, identical XBRL tag."
WMT,cash_capex,annual,2025-02-01,2026-01-31,26642000000.0,USD,PaymentsToAcquirePropertyPlantAndEquipment,0000104169-26-000055,2026-03-13,2026-03-13T20:06:24+00:00,https://www.sec.gov/Archives/edgar/data/104169/000010416926000055/wmt-20260131.htm,observed,
WMT,cash_capex,ttm,2025-08-01,2026-07-31,29414000000.0,USD,PaymentsToAcquirePropertyPlantAndEquipment,0000104169-26-000154|0000104169-26-000055,2026-08-28|2026-03-13,2026-08-28T20:11:28+00:00,https://www.sec.gov/Archives/edgar/data/104169/000010416926000154/wmt-20260731.htm|https://www.sec.gov/Archives/edgar/data/104169/000010416926000055/wmt-20260131.htm,derived_matching_periods,"Latest annual + current fiscal YTD - matching prior fiscal YTD, identical XBRL tag."
WMT,diluted_eps,annual,2025-02-01,2026-01-31,2.73,USD/shares,EarningsPerShareDiluted,0000104169-26-000055,2026-03-13,2026-03-13T20:06:24+00:00,https://www.sec.gov/Archives/edgar/data/104169/000010416926000055/wmt-20260131.htm,observed,
WMT,diluted_eps,ttm,2025-08-01,2026-07-31,2.76,USD/shares,EarningsPerShareDiluted,0000104169-26-000154|0000104169-26-000055,2026-08-28|2026-03-13,2026-08-28T20:11:28+00:00,https://www.sec.gov/Archives/edgar/data/104169/000010416926000154/wmt-20260731.htm|https://www.sec.gov/Archives/edgar/data/104169/000010416926000055/wmt-20260131.htm,derived_matching_periods,"Latest annual + current fiscal YTD - matching prior fiscal YTD, identical XBRL tag."
WMT,cash,instant,,2026-07-31,11529000000.0,USD,CashAndCashEquivalentsAtCarryingValue,0000104169-26-000154,2026-08-28,2026-08-28T20:11:28+00:00,https://www.sec.gov/Archives/edgar/data/104169/000010416926000154/wmt-20260731.htm,observed,
WMT,assets,instant,,2026-07-31,293914000000.0,USD,Assets,0000104169-26-000154,2026-08-28,2026-08-28T20:11:28+00:00,https://www.sec.gov/Archives/edgar/data/104169/000010416926000154/wmt-20260731.htm,observed,
WMT,common_shares_outstanding,instant,,2026-08-26,7933746241.0,shares,EntityCommonStockSharesOutstanding,0000104169-26-000154,2026-08-28,2026-08-28T20:11:28+00:00,https://www.sec.gov/Archives/edgar/data/104169/000010416926000154/wmt-20260731.htm,observed,
WMT,long_term_debt_current,instant,,2026-07-31,3470000000.0,USD,LongTermDebtCurrent,0000104169-26-000154,2026-08-28,2026-08-28T20:11:28+00:00,https://www.sec.gov/Archives/edgar/data/104169/000010416926000154/wmt-20260731.htm,observed,
WMT,long_term_debt_noncurrent,instant,,2026-07-31,36462000000.0,USD,LongTermDebtNoncurrent,0000104169-26-000154,2026-08-28,2026-08-28T20:11:28+00:00,https://www.sec.gov/Archives/edgar/data/104169/000010416926000154/wmt-20260731.htm,observed,
WMT,operating_margin_ttm,derived,2025-08-01,2026-07-31,0.0443122946026307,ratio,derived,0000104169-26-000154|0000104169-26-000055,2026-08-28|2026-03-13,2026-08-28T20:11:28+00:00,https://www.sec.gov/Archives/edgar/data/104169/000010416926000154/wmt-20260731.htm|https://www.sec.gov/Archives/edgar/data/104169/000010416926000055/wmt-20260131.htm,derived_proxy,GAAP operating income / revenue for matching TTM periods; business mix matters.
WMT,ebit_effect_100bp_margin,derived,2025-08-01,2026-07-31,7284660000.0,USD,derived,0000104169-26-000154|0000104169-26-000055,2026-08-28|2026-03-13,2026-08-28T20:11:28+00:00,https://www.sec.gov/Archives/edgar/data/104169/000010416926000154/wmt-20260731.htm|https://www.sec.gov/Archives/edgar/data/104169/000010416926000055/wmt-20260131.htm,derived_proxy,Arithmetic sensitivity only: 100bp operating-margin change at constant revenue; not a forecast or policy elasticity.
WMT,cash_fcf_proxy_ttm,derived,2025-08-01,2026-07-31,13509000000.0,USD,derived,0000104169-26-000154|0000104169-26-000055,2026-08-28|2026-03-13,2026-08-28T20:11:28+00:00,https://www.sec.gov/Archives/edgar/data/104169/000010416926000154/wmt-20260731.htm|https://www.sec.gov/Archives/edgar/data/104169/000010416926000055/wmt-20260131.htm,derived_proxy,Operating cash flow minus cash purchases of PPE. Excludes finance-lease additions and acquisitions; not management adjusted FCF or equity distributable cash.
WMT,trailing_pe_proxy,derived,2025-08-01,2026-07-31,38.81884035856828,multiple,derived,0000104169-26-000154|0000104169-26-000055,2026-08-28|2026-03-13,2026-08-28T20:11:28+00:00,https://www.sec.gov/Archives/edgar/data/104169/000010416926000154/wmt-20260731.htm|https://www.sec.gov/Archives/edgar/data/104169/000010416926000055/wmt-20260131.htm,derived_proxy,"Raw close 107.13999938964844 on 2026-09-04; latest vendor history, not an archived valuation snapshot. Uses matching-tag reconstructed diluted EPS; inspect split/share-basis and one-off effects."
WMT,market_cap_proxy,derived,,2026-08-26,850021567418.3656,USD,derived,0000104169-26-000154,2026-08-28,2026-08-28T20:11:28+00:00,https://www.sec.gov/Archives/edgar/data/104169/000010416926000154/wmt-20260731.htm,derived_proxy,"Raw close 107.13999938964844 on 2026-09-04; latest vendor history, not an archived valuation snapshot. Uses reported common shares as of 2026-08-26; not current diluted market capitalization."
WMT,cash_fcf_yield_proxy,derived,2025-08-01,2026-07-31,0.0158925379282183,ratio,derived,0000104169-26-000154|0000104169-26-000055|0000104169-26-000154,2026-08-28|2026-03-13|2026-08-28,2026-08-28T20:11:28+00:00,https://www.sec.gov/Archives/edgar/data/104169/000010416926000154/wmt-20260731.htm|https://www.sec.gov/Archives/edgar/data/104169/000010416926000055/wmt-20260131.htm|https://www.sec.gov/Archives/edgar/data/104169/000010416926000154/wmt-20260731.htm,derived_proxy,"Raw close 107.13999938964844 on 2026-09-04; latest vendor history, not an archived valuation snapshot. CFO-minus-cash-PPE / reported-share market-cap proxy; no bank FCF proxy."
