ticker,date,session_close_utc,p,bid,ask,spread,oi,quote_age_hours,quote_status,bar_timestamp,age_limitation
CONTROLH-2026-D,2026-07-08,2026-07-08T20:00:00+00:00,0.825,0.82,0.83,0.010000000000000009,4480574.83,0.0,valid,1783540800.0,Bar age; unchanged underlying quote age unavailable
CONTROLH-2026-D,2026-07-09,2026-07-09T20:00:00+00:00,0.825,0.82,0.83,0.010000000000000009,4483798.1,0.0,valid,1783627200.0,Bar age; unchanged underlying quote age unavailable
CONTROLH-2026-D,2026-07-10,2026-07-10T20:00:00+00:00,0.815,0.81,0.82,0.009999999999999898,4479112.27,0.0,valid,1783713600.0,Bar age; unchanged underlying quote age unavailable
CONTROLH-2026-D,2026-07-13,2026-07-13T20:00:00+00:00,0.815,0.81,0.82,0.009999999999999898,4479322.94,0.0,valid,1783972800.0,Bar age; unchanged underlying quote age unavailable
CONTROLH-2026-D,2026-07-14,2026-07-14T20:00:00+00:00,0.815,0.81,0.82,0.009999999999999898,4482011.71,0.0,valid,1784059200.0,Bar age; unchanged underlying quote age unavailable
CONTROLH-2026-D,2026-07-15,2026-07-15T20:00:00+00:00,0.815,0.81,0.82,0.009999999999999898,4486913.45,0.0,valid,1784145600.0,Bar age; unchanged underlying quote age unavailable
CONTROLH-2026-D,2026-07-16,2026-07-16T20:00:00+00:00,0.815,0.81,0.82,0.009999999999999898,4488318.09,0.0,valid,1784232000.0,Bar age; unchanged underlying quote age unavailable
CONTROLH-2026-D,2026-07-17,2026-07-17T20:00:00+00:00,0.815,0.81,0.82,0.009999999999999898,4541029.47,0.0,valid,1784318400.0,Bar age; unchanged underlying quote age unavailable
CONTROLH-2026-D,2026-07-20,2026-07-20T20:00:00+00:00,0.825,0.82,0.83,0.010000000000000009,4627497.47,0.0,valid,1784577600.0,Bar age; unchanged underlying quote age unavailable
CONTROLH-2026-D,2026-07-21,2026-07-21T20:00:00+00:00,0.825,0.82,0.83,0.010000000000000009,4638126.86,0.0,valid,1784664000.0,Bar age; unchanged underlying quote age unavailable
CONTROLH-2026-D,2026-07-22,2026-07-22T20:00:00+00:00,0.825,0.82,0.83,0.010000000000000009,4644482.71,0.0,valid,1784750400.0,Bar age; unchanged underlying quote age unavailable
CONTROLH-2026-D,2026-07-23,2026-07-23T20:00:00+00:00,0.825,0.82,0.83,0.010000000000000009,4648543.83,0.0,valid,1784836800.0,Bar age; unchanged underlying quote age unavailable
CONTROLH-2026-D,2026-07-24,2026-07-24T20:00:00+00:00,0.835,0.83,0.84,0.010000000000000009,4675397.29,0.0,valid,1784923200.0,Bar age; unchanged underlying quote age unavailable
CONTROLH-2026-D,2026-07-27,2026-07-27T20:00:00+00:00,0.835,0.83,0.84,0.010000000000000009,4697557.21,0.0,valid,1785182400.0,Bar age; unchanged underlying quote age unavailable
CONTROLH-2026-D,2026-07-28,2026-07-28T20:00:00+00:00,0.835,0.83,0.84,0.010000000000000009,4707053.04,0.0,valid,1785268800.0,Bar age; unchanged underlying quote age unavailable
CONTROLH-2026-D,2026-07-29,2026-07-29T20:00:00+00:00,0.835,0.83,0.84,0.010000000000000009,4712114.0,0.0,valid,1785355200.0,Bar age; unchanged underlying quote age unavailable
CONTROLH-2026-D,2026-07-30,2026-07-30T20:00:00+00:00,0.835,0.83,0.84,0.010000000000000009,4835228.28,0.0,valid,1785441600.0,Bar age; unchanged underlying quote age unavailable
CONTROLH-2026-D,2026-07-31,2026-07-31T20:00:00+00:00,0.835,0.83,0.84,0.010000000000000009,4844912.59,0.0,valid,1785528000.0,Bar age; unchanged underlying quote age unavailable
CONTROLH-2026-D,2026-08-03,2026-08-03T20:00:00+00:00,0.835,0.83,0.84,0.010000000000000009,4861781.81,0.0,valid,1785787200.0,Bar age; unchanged underlying quote age unavailable
CONTROLH-2026-D,2026-08-04,2026-08-04T20:00:00+00:00,0.835,0.83,0.84,0.010000000000000009,4864513.94,0.0,valid,1785873600.0,Bar age; unchanged underlying quote age unavailable
CONTROLH-2026-D,2026-08-05,2026-08-05T20:00:00+00:00,0.835,0.83,0.84,0.010000000000000009,4893978.59,0.0,valid,1785960000.0,Bar age; unchanged underlying quote age unavailable
CONTROLH-2026-D,2026-08-06,2026-08-06T20:00:00+00:00,0.835,0.83,0.84,0.010000000000000009,4894076.43,0.0,valid,1786046400.0,Bar age; unchanged underlying quote age unavailable
CONTROLH-2026-D,2026-08-07,2026-08-07T20:00:00+00:00,0.845,0.84,0.85,0.010000000000000009,5250956.11,0.0,valid,1786132800.0,Bar age; unchanged underlying quote age unavailable
CONTROLH-2026-D,2026-08-10,2026-08-10T20:00:00+00:00,0.845,0.84,0.85,0.010000000000000009,5528569.81,0.0,valid,1786392000.0,Bar age; unchanged underlying quote age unavailable
CONTROLH-2026-D,2026-08-11,2026-08-11T20:00:00+00:00,0.845,0.84,0.85,0.010000000000000009,5533246.43,0.0,valid,1786478400.0,Bar age; unchanged underlying quote age unavailable
CONTROLH-2026-D,2026-08-12,2026-08-12T20:00:00+00:00,0.855,0.85,0.86,0.010000000000000009,5724742.72,0.0,valid,1786564800.0,Bar age; unchanged underlying quote age unavailable
CONTROLH-2026-D,2026-08-13,2026-08-13T20:00:00+00:00,0.855,0.85,0.86,0.010000000000000009,5734536.0,0.0,valid,1786651200.0,Bar age; unchanged underlying quote age unavailable
CONTROLH-2026-D,2026-08-14,2026-08-14T20:00:00+00:00,0.855,0.85,0.86,0.010000000000000009,5741908.43,0.0,valid,1786737600.0,Bar age; unchanged underlying quote age unavailable
CONTROLH-2026-D,2026-08-17,2026-08-17T20:00:00+00:00,0.855,0.85,0.86,0.010000000000000009,5755454.04,0.0,valid,1786996800.0,Bar age; unchanged underlying quote age unavailable
CONTROLH-2026-D,2026-08-18,2026-08-18T20:00:00+00:00,0.855,0.85,0.86,0.010000000000000009,5767303.41,0.0,valid,1787083200.0,Bar age; unchanged underlying quote age unavailable
CONTROLH-2026-D,2026-08-19,2026-08-19T20:00:00+00:00,0.845,0.84,0.85,0.010000000000000009,5880519.5,0.0,valid,1787169600.0,Bar age; unchanged underlying quote age unavailable
CONTROLH-2026-D,2026-08-20,2026-08-20T20:00:00+00:00,0.845,0.84,0.85,0.010000000000000009,5920787.21,0.0,valid,1787256000.0,Bar age; unchanged underlying quote age unavailable
CONTROLH-2026-D,2026-08-21,2026-08-21T20:00:00+00:00,0.845,0.84,0.85,0.010000000000000009,5956454.77,0.0,valid,1787342400.0,Bar age; unchanged underlying quote age unavailable
CONTROLH-2026-D,2026-08-24,2026-08-24T20:00:00+00:00,0.855,0.85,0.86,0.010000000000000009,6055132.9,0.0,valid,1787601600.0,Bar age; unchanged underlying quote age unavailable
CONTROLH-2026-D,2026-08-25,2026-08-25T20:00:00+00:00,0.855,0.85,0.86,0.010000000000000009,6060639.87,0.0,valid,1787688000.0,Bar age; unchanged underlying quote age unavailable
CONTROLH-2026-D,2026-08-26,2026-08-26T20:00:00+00:00,0.855,0.85,0.86,0.010000000000000009,6076555.69,0.0,valid,1787774400.0,Bar age; unchanged underlying quote age unavailable
CONTROLH-2026-D,2026-08-27,2026-08-27T20:00:00+00:00,0.845,0.84,0.85,0.010000000000000009,6115256.24,0.0,valid,1787860800.0,Bar age; unchanged underlying quote age unavailable
CONTROLH-2026-D,2026-08-28,2026-08-28T20:00:00+00:00,0.845,0.84,0.85,0.010000000000000009,6129224.17,0.0,valid,1787947200.0,Bar age; unchanged underlying quote age unavailable
CONTROLH-2026-D,2026-08-31,2026-08-31T20:00:00+00:00,0.845,0.84,0.85,0.010000000000000009,6199002.28,0.0,valid,1788206400.0,Bar age; unchanged underlying quote age unavailable
CONTROLH-2026-D,2026-09-01,2026-09-01T20:00:00+00:00,0.845,0.84,0.85,0.010000000000000009,6241251.03,0.0,valid,1788292800.0,Bar age; unchanged underlying quote age unavailable
CONTROLH-2026-D,2026-09-02,2026-09-02T20:00:00+00:00,0.845,0.84,0.85,0.010000000000000009,6266835.72,0.0,valid,1788379200.0,Bar age; unchanged underlying quote age unavailable
CONTROLH-2026-D,2026-09-03,2026-09-03T20:00:00+00:00,0.845,0.84,0.85,0.010000000000000009,6284936.28,0.0,valid,1788465600.0,Bar age; unchanged underlying quote age unavailable
CONTROLH-2026-D,2026-09-04,2026-09-04T20:00:00+00:00,0.845,0.84,0.85,0.010000000000000009,6339180.79,0.0,valid,1788552000.0,Bar age; unchanged underlying quote age unavailable
CONTROLS-2026-D,2026-07-08,2026-07-08T20:00:00+00:00,0.435,0.43,0.44,0.010000000000000009,1274513.78,0.0,valid,1783540800.0,Bar age; unchanged underlying quote age unavailable
CONTROLS-2026-D,2026-07-09,2026-07-09T20:00:00+00:00,0.435,0.43,0.44,0.010000000000000009,1277015.05,0.0,valid,1783627200.0,Bar age; unchanged underlying quote age unavailable
CONTROLS-2026-D,2026-07-10,2026-07-10T20:00:00+00:00,0.435,0.43,0.44,0.010000000000000009,1277760.37,0.0,valid,1783713600.0,Bar age; unchanged underlying quote age unavailable
CONTROLS-2026-D,2026-07-13,2026-07-13T20:00:00+00:00,0.445,0.44,0.45,0.010000000000000009,1320816.21,0.0,valid,1783972800.0,Bar age; unchanged underlying quote age unavailable
CONTROLS-2026-D,2026-07-14,2026-07-14T20:00:00+00:00,0.455,0.45,0.46,0.010000000000000009,1330532.36,0.0,valid,1784059200.0,Bar age; unchanged underlying quote age unavailable
CONTROLS-2026-D,2026-07-15,2026-07-15T20:00:00+00:00,0.455,0.45,0.46,0.010000000000000009,1333993.71,0.0,valid,1784145600.0,Bar age; unchanged underlying quote age unavailable
CONTROLS-2026-D,2026-07-16,2026-07-16T20:00:00+00:00,0.445,0.44,0.45,0.010000000000000009,1340286.91,0.0,valid,1784232000.0,Bar age; unchanged underlying quote age unavailable
CONTROLS-2026-D,2026-07-17,2026-07-17T20:00:00+00:00,0.435,0.43,0.44,0.010000000000000009,1343043.61,0.0,valid,1784318400.0,Bar age; unchanged underlying quote age unavailable
CONTROLS-2026-D,2026-07-20,2026-07-20T20:00:00+00:00,0.445,0.44,0.45,0.010000000000000009,1353876.63,0.0,valid,1784577600.0,Bar age; unchanged underlying quote age unavailable
CONTROLS-2026-D,2026-07-21,2026-07-21T20:00:00+00:00,0.445,0.44,0.45,0.010000000000000009,1355506.31,1.0,valid,1784660400.0,Bar age; unchanged underlying quote age unavailable
CONTROLS-2026-D,2026-07-22,2026-07-22T20:00:00+00:00,0.445,0.44,0.45,0.010000000000000009,1355722.27,0.0,valid,1784750400.0,Bar age; unchanged underlying quote age unavailable
CONTROLS-2026-D,2026-07-23,2026-07-23T20:00:00+00:00,0.445,0.44,0.45,0.010000000000000009,1356332.57,0.0,valid,1784836800.0,Bar age; unchanged underlying quote age unavailable
CONTROLS-2026-D,2026-07-24,2026-07-24T20:00:00+00:00,0.445,0.44,0.45,0.010000000000000009,1357318.93,0.0,valid,1784923200.0,Bar age; unchanged underlying quote age unavailable
CONTROLS-2026-D,2026-07-27,2026-07-27T20:00:00+00:00,0.445,0.44,0.45,0.010000000000000009,1362983.72,0.0,valid,1785182400.0,Bar age; unchanged underlying quote age unavailable
CONTROLS-2026-D,2026-07-28,2026-07-28T20:00:00+00:00,0.435,0.43,0.44,0.010000000000000009,1364075.23,0.0,valid,1785268800.0,Bar age; unchanged underlying quote age unavailable
CONTROLS-2026-D,2026-07-29,2026-07-29T20:00:00+00:00,0.445,0.44,0.45,0.010000000000000009,1366835.95,0.0,valid,1785355200.0,Bar age; unchanged underlying quote age unavailable
CONTROLS-2026-D,2026-07-30,2026-07-30T20:00:00+00:00,0.455,0.45,0.46,0.010000000000000009,1400301.16,0.0,valid,1785441600.0,Bar age; unchanged underlying quote age unavailable
CONTROLS-2026-D,2026-07-31,2026-07-31T20:00:00+00:00,0.46499999999999997,0.46,0.47,0.009999999999999953,1407519.5,0.0,valid,1785528000.0,Bar age; unchanged underlying quote age unavailable
CONTROLS-2026-D,2026-08-03,2026-08-03T20:00:00+00:00,0.46499999999999997,0.46,0.47,0.009999999999999953,1406472.55,0.0,valid,1785787200.0,Bar age; unchanged underlying quote age unavailable
CONTROLS-2026-D,2026-08-04,2026-08-04T20:00:00+00:00,0.46499999999999997,0.46,0.47,0.009999999999999953,1408206.09,0.0,valid,1785873600.0,Bar age; unchanged underlying quote age unavailable
CONTROLS-2026-D,2026-08-05,2026-08-05T20:00:00+00:00,0.455,0.45,0.46,0.010000000000000009,1404500.88,1.0,valid,1785956400.0,Bar age; unchanged underlying quote age unavailable
CONTROLS-2026-D,2026-08-06,2026-08-06T20:00:00+00:00,0.455,0.45,0.46,0.010000000000000009,1410238.34,0.0,valid,1786046400.0,Bar age; unchanged underlying quote age unavailable
CONTROLS-2026-D,2026-08-07,2026-08-07T20:00:00+00:00,0.46499999999999997,0.46,0.47,0.009999999999999953,1412149.18,0.0,valid,1786132800.0,Bar age; unchanged underlying quote age unavailable
CONTROLS-2026-D,2026-08-10,2026-08-10T20:00:00+00:00,0.455,0.45,0.46,0.010000000000000009,1415202.63,0.0,valid,1786392000.0,Bar age; unchanged underlying quote age unavailable
CONTROLS-2026-D,2026-08-11,2026-08-11T20:00:00+00:00,0.485,0.48,0.49,0.010000000000000009,1517243.88,0.0,valid,1786478400.0,Bar age; unchanged underlying quote age unavailable
CONTROLS-2026-D,2026-08-12,2026-08-12T20:00:00+00:00,0.495,0.49,0.5,0.010000000000000009,1523533.78,0.0,valid,1786564800.0,Bar age; unchanged underlying quote age unavailable
CONTROLS-2026-D,2026-08-13,2026-08-13T20:00:00+00:00,0.495,0.49,0.5,0.010000000000000009,1529833.52,0.0,valid,1786651200.0,Bar age; unchanged underlying quote age unavailable
CONTROLS-2026-D,2026-08-14,2026-08-14T20:00:00+00:00,0.485,0.48,0.49,0.010000000000000009,1533293.12,0.0,valid,1786737600.0,Bar age; unchanged underlying quote age unavailable
CONTROLS-2026-D,2026-08-17,2026-08-17T20:00:00+00:00,0.485,0.48,0.49,0.010000000000000009,1536753.51,0.0,valid,1786996800.0,Bar age; unchanged underlying quote age unavailable
CONTROLS-2026-D,2026-08-18,2026-08-18T20:00:00+00:00,0.485,0.48,0.49,0.010000000000000009,1538170.92,0.0,valid,1787083200.0,Bar age; unchanged underlying quote age unavailable
CONTROLS-2026-D,2026-08-19,2026-08-19T20:00:00+00:00,0.485,0.48,0.49,0.010000000000000009,1567535.3,0.0,valid,1787169600.0,Bar age; unchanged underlying quote age unavailable
CONTROLS-2026-D,2026-08-20,2026-08-20T20:00:00+00:00,0.46499999999999997,0.46,0.47,0.009999999999999953,1591401.01,0.0,valid,1787256000.0,Bar age; unchanged underlying quote age unavailable
CONTROLS-2026-D,2026-08-21,2026-08-21T20:00:00+00:00,0.46499999999999997,0.46,0.47,0.009999999999999953,1598018.95,0.0,valid,1787342400.0,Bar age; unchanged underlying quote age unavailable
CONTROLS-2026-D,2026-08-24,2026-08-24T20:00:00+00:00,0.46499999999999997,0.46,0.47,0.009999999999999953,1614454.79,0.0,valid,1787601600.0,Bar age; unchanged underlying quote age unavailable
CONTROLS-2026-D,2026-08-25,2026-08-25T20:00:00+00:00,0.475,0.47,0.48,0.010000000000000009,1628834.64,0.0,valid,1787688000.0,Bar age; unchanged underlying quote age unavailable
CONTROLS-2026-D,2026-08-26,2026-08-26T20:00:00+00:00,0.475,0.47,0.48,0.010000000000000009,1642916.08,0.0,valid,1787774400.0,Bar age; unchanged underlying quote age unavailable
CONTROLS-2026-D,2026-08-27,2026-08-27T20:00:00+00:00,0.485,0.48,0.49,0.010000000000000009,1645204.71,0.0,valid,1787860800.0,Bar age; unchanged underlying quote age unavailable
CONTROLS-2026-D,2026-08-28,2026-08-28T20:00:00+00:00,0.485,0.48,0.49,0.010000000000000009,1660144.78,0.0,valid,1787947200.0,Bar age; unchanged underlying quote age unavailable
CONTROLS-2026-D,2026-08-31,2026-08-31T20:00:00+00:00,0.485,0.48,0.49,0.010000000000000009,1672968.51,0.0,valid,1788206400.0,Bar age; unchanged underlying quote age unavailable
CONTROLS-2026-D,2026-09-01,2026-09-01T20:00:00+00:00,0.485,0.48,0.49,0.010000000000000009,1673853.48,0.0,valid,1788292800.0,Bar age; unchanged underlying quote age unavailable
CONTROLS-2026-D,2026-09-02,2026-09-02T20:00:00+00:00,0.475,0.47,0.48,0.010000000000000009,1679063.52,0.0,valid,1788379200.0,Bar age; unchanged underlying quote age unavailable
CONTROLS-2026-D,2026-09-03,2026-09-03T20:00:00+00:00,0.475,0.47,0.48,0.010000000000000009,1718684.31,0.0,valid,1788465600.0,Bar age; unchanged underlying quote age unavailable
CONTROLS-2026-D,2026-09-04,2026-09-04T20:00:00+00:00,0.475,0.47,0.48,0.010000000000000009,1720885.29,0.0,valid,1788552000.0,Bar age; unchanged underlying quote age unavailable
GOVPARTYAZ-26-D,2026-07-08,2026-07-08T20:00:00+00:00,,,,,,,missing,,Bar age; unchanged underlying quote age unavailable
GOVPARTYAZ-26-D,2026-07-09,2026-07-09T20:00:00+00:00,0.79,0.78,0.8,0.020000000000000018,150172.92,1.0,valid,1783623600.0,Bar age; unchanged underlying quote age unavailable
GOVPARTYAZ-26-D,2026-07-10,2026-07-10T20:00:00+00:00,0.805,0.8,0.81,0.010000000000000009,161112.92,0.0,valid,1783713600.0,Bar age; unchanged underlying quote age unavailable
GOVPARTYAZ-26-D,2026-07-13,2026-07-13T20:00:00+00:00,0.805,0.8,0.81,0.010000000000000009,161237.14,1.0,valid,1783969200.0,Bar age; unchanged underlying quote age unavailable
GOVPARTYAZ-26-D,2026-07-14,2026-07-14T20:00:00+00:00,0.805,0.8,0.81,0.010000000000000009,161264.87,4.0,stale,1784044800.0,Bar age; unchanged underlying quote age unavailable
GOVPARTYAZ-26-D,2026-07-15,2026-07-15T20:00:00+00:00,0.805,0.8,0.81,0.010000000000000009,161264.87,1.0,valid,1784142000.0,Bar age; unchanged underlying quote age unavailable
GOVPARTYAZ-26-D,2026-07-16,2026-07-16T20:00:00+00:00,0.805,0.8,0.81,0.010000000000000009,161264.87,0.0,valid,1784232000.0,Bar age; unchanged underlying quote age unavailable
GOVPARTYAZ-26-D,2026-07-17,2026-07-17T20:00:00+00:00,0.805,0.8,0.81,0.010000000000000009,161283.14,0.0,valid,1784318400.0,Bar age; unchanged underlying quote age unavailable
GOVPARTYAZ-26-D,2026-07-20,2026-07-20T20:00:00+00:00,0.805,0.8,0.81,0.010000000000000009,161318.96,0.0,valid,1784577600.0,Bar age; unchanged underlying quote age unavailable
GOVPARTYAZ-26-D,2026-07-21,2026-07-21T20:00:00+00:00,0.805,0.8,0.81,0.010000000000000009,161643.4,0.0,valid,1784664000.0,Bar age; unchanged underlying quote age unavailable
GOVPARTYAZ-26-D,2026-07-22,2026-07-22T20:00:00+00:00,0.805,0.8,0.81,0.010000000000000009,164884.18,0.0,valid,1784750400.0,Bar age; unchanged underlying quote age unavailable
GOVPARTYAZ-26-D,2026-07-23,2026-07-23T20:00:00+00:00,0.815,0.81,0.82,0.009999999999999898,167392.87,0.0,valid,1784836800.0,Bar age; unchanged underlying quote age unavailable
GOVPARTYAZ-26-D,2026-07-24,2026-07-24T20:00:00+00:00,0.815,0.81,0.82,0.009999999999999898,167888.8,5.0,stale,1784905200.0,Bar age; unchanged underlying quote age unavailable
GOVPARTYAZ-26-D,2026-07-27,2026-07-27T20:00:00+00:00,0.805,0.8,0.81,0.010000000000000009,168691.15,0.0,valid,1785182400.0,Bar age; unchanged underlying quote age unavailable
GOVPARTYAZ-26-D,2026-07-28,2026-07-28T20:00:00+00:00,0.805,0.8,0.81,0.010000000000000009,169664.6,2.0,valid,1785261600.0,Bar age; unchanged underlying quote age unavailable
GOVPARTYAZ-26-D,2026-07-29,2026-07-29T20:00:00+00:00,0.805,0.8,0.81,0.010000000000000009,169664.6,0.0,valid,1785355200.0,Bar age; unchanged underlying quote age unavailable
GOVPARTYAZ-26-D,2026-07-30,2026-07-30T20:00:00+00:00,0.805,0.8,0.81,0.010000000000000009,169664.6,0.0,valid,1785441600.0,Bar age; unchanged underlying quote age unavailable
GOVPARTYAZ-26-D,2026-07-31,2026-07-31T20:00:00+00:00,0.805,0.8,0.81,0.010000000000000009,169664.6,0.0,valid,1785528000.0,Bar age; unchanged underlying quote age unavailable
GOVPARTYAZ-26-D,2026-08-03,2026-08-03T20:00:00+00:00,0.805,0.8,0.81,0.010000000000000009,170196.54,0.0,valid,1785787200.0,Bar age; unchanged underlying quote age unavailable
GOVPARTYAZ-26-D,2026-08-04,2026-08-04T20:00:00+00:00,0.805,0.8,0.81,0.010000000000000009,170433.24,0.0,valid,1785873600.0,Bar age; unchanged underlying quote age unavailable
GOVPARTYAZ-26-D,2026-08-05,2026-08-05T20:00:00+00:00,0.805,0.8,0.81,0.010000000000000009,171247.03,0.0,valid,1785960000.0,Bar age; unchanged underlying quote age unavailable
GOVPARTYAZ-26-D,2026-08-06,2026-08-06T20:00:00+00:00,0.835,0.83,0.84,0.010000000000000009,172351.31,0.0,valid,1786046400.0,Bar age; unchanged underlying quote age unavailable
GOVPARTYAZ-26-D,2026-08-07,2026-08-07T20:00:00+00:00,0.825,0.82,0.83,0.010000000000000009,170795.05,0.0,valid,1786132800.0,Bar age; unchanged underlying quote age unavailable
GOVPARTYAZ-26-D,2026-08-10,2026-08-10T20:00:00+00:00,0.845,0.84,0.85,0.010000000000000009,167907.54,0.0,valid,1786392000.0,Bar age; unchanged underlying quote age unavailable
GOVPARTYAZ-26-D,2026-08-11,2026-08-11T20:00:00+00:00,0.85,0.84,0.86,0.020000000000000018,167816.06,0.0,valid,1786478400.0,Bar age; unchanged underlying quote age unavailable
GOVPARTYAZ-26-D,2026-08-12,2026-08-12T20:00:00+00:00,0.875,0.87,0.88,0.010000000000000009,168313.74,0.0,valid,1786564800.0,Bar age; unchanged underlying quote age unavailable
GOVPARTYAZ-26-D,2026-08-13,2026-08-13T20:00:00+00:00,0.875,0.87,0.88,0.010000000000000009,168635.11,1.0,valid,1786647600.0,Bar age; unchanged underlying quote age unavailable
GOVPARTYAZ-26-D,2026-08-14,2026-08-14T20:00:00+00:00,0.865,0.85,0.88,0.030000000000000027,169302.25,0.0,valid,1786737600.0,Bar age; unchanged underlying quote age unavailable
GOVPARTYAZ-26-D,2026-08-17,2026-08-17T20:00:00+00:00,0.87,0.86,0.88,0.020000000000000018,169788.31,0.0,valid,1786996800.0,Bar age; unchanged underlying quote age unavailable
GOVPARTYAZ-26-D,2026-08-18,2026-08-18T20:00:00+00:00,0.87,0.86,0.88,0.020000000000000018,169945.31,0.0,valid,1787083200.0,Bar age; unchanged underlying quote age unavailable
GOVPARTYAZ-26-D,2026-08-19,2026-08-19T20:00:00+00:00,0.86,0.85,0.87,0.020000000000000018,170756.29,0.0,valid,1787169600.0,Bar age; unchanged underlying quote age unavailable
GOVPARTYAZ-26-D,2026-08-20,2026-08-20T20:00:00+00:00,0.86,0.85,0.87,0.020000000000000018,171433.99,0.0,valid,1787256000.0,Bar age; unchanged underlying quote age unavailable
GOVPARTYAZ-26-D,2026-08-21,2026-08-21T20:00:00+00:00,0.87,0.86,0.88,0.020000000000000018,171956.24,0.0,valid,1787342400.0,Bar age; unchanged underlying quote age unavailable
GOVPARTYAZ-26-D,2026-08-24,2026-08-24T20:00:00+00:00,0.88,0.87,0.89,0.020000000000000018,173108.84,0.0,valid,1787601600.0,Bar age; unchanged underlying quote age unavailable
GOVPARTYAZ-26-D,2026-08-25,2026-08-25T20:00:00+00:00,0.885,0.88,0.89,0.010000000000000009,173154.61,0.0,valid,1787688000.0,Bar age; unchanged underlying quote age unavailable
GOVPARTYAZ-26-D,2026-08-26,2026-08-26T20:00:00+00:00,0.87,0.86,0.88,0.020000000000000018,173320.04,0.0,valid,1787774400.0,Bar age; unchanged underlying quote age unavailable
GOVPARTYAZ-26-D,2026-08-27,2026-08-27T20:00:00+00:00,0.87,0.86,0.88,0.020000000000000018,174058.55,0.0,valid,1787860800.0,Bar age; unchanged underlying quote age unavailable
GOVPARTYAZ-26-D,2026-08-28,2026-08-28T20:00:00+00:00,0.88,0.87,0.89,0.020000000000000018,174191.56,0.0,valid,1787947200.0,Bar age; unchanged underlying quote age unavailable
GOVPARTYAZ-26-D,2026-08-31,2026-08-31T20:00:00+00:00,0.87,0.86,0.88,0.020000000000000018,174635.59,0.0,valid,1788206400.0,Bar age; unchanged underlying quote age unavailable
GOVPARTYAZ-26-D,2026-09-01,2026-09-01T20:00:00+00:00,0.875,0.87,0.88,0.010000000000000009,175111.9,0.0,valid,1788292800.0,Bar age; unchanged underlying quote age unavailable
GOVPARTYAZ-26-D,2026-09-02,2026-09-02T20:00:00+00:00,0.87,0.86,0.88,0.020000000000000018,175165.1,0.0,valid,1788379200.0,Bar age; unchanged underlying quote age unavailable
GOVPARTYAZ-26-D,2026-09-03,2026-09-03T20:00:00+00:00,0.865,0.86,0.87,0.010000000000000009,175182.1,1.0,valid,1788462000.0,Bar age; unchanged underlying quote age unavailable
GOVPARTYAZ-26-D,2026-09-04,2026-09-04T20:00:00+00:00,0.865,0.86,0.87,0.010000000000000009,175262.1,0.0,valid,1788552000.0,Bar age; unchanged underlying quote age unavailable
GOVPARTYGA-26-D,2026-07-08,2026-07-08T20:00:00+00:00,0.475,0.47,0.48,0.010000000000000009,69316.16,2.0,valid,1783533600.0,Bar age; unchanged underlying quote age unavailable
GOVPARTYGA-26-D,2026-07-09,2026-07-09T20:00:00+00:00,0.475,0.47,0.48,0.010000000000000009,70503.21,16.0,stale,1783569600.0,Bar age; unchanged underlying quote age unavailable
GOVPARTYGA-26-D,2026-07-10,2026-07-10T20:00:00+00:00,0.475,0.47,0.48,0.010000000000000009,73613.06,0.0,valid,1783713600.0,Bar age; unchanged underlying quote age unavailable
GOVPARTYGA-26-D,2026-07-13,2026-07-13T20:00:00+00:00,0.46499999999999997,0.46,0.47,0.009999999999999953,76826.29,0.0,valid,1783972800.0,Bar age; unchanged underlying quote age unavailable
GOVPARTYGA-26-D,2026-07-14,2026-07-14T20:00:00+00:00,0.475,0.47,0.48,0.010000000000000009,79666.98,1.0,valid,1784055600.0,Bar age; unchanged underlying quote age unavailable
GOVPARTYGA-26-D,2026-07-15,2026-07-15T20:00:00+00:00,0.475,0.47,0.48,0.010000000000000009,79666.98,1.0,valid,1784142000.0,Bar age; unchanged underlying quote age unavailable
GOVPARTYGA-26-D,2026-07-16,2026-07-16T20:00:00+00:00,0.525,0.52,0.53,0.010000000000000009,180280.98,0.0,valid,1784232000.0,Bar age; unchanged underlying quote age unavailable
GOVPARTYGA-26-D,2026-07-17,2026-07-17T20:00:00+00:00,0.555,0.55,0.56,0.010000000000000009,183734.21,1.0,valid,1784314800.0,Bar age; unchanged underlying quote age unavailable
GOVPARTYGA-26-D,2026-07-20,2026-07-20T20:00:00+00:00,0.565,0.56,0.57,0.009999999999999898,186941.82,0.0,valid,1784577600.0,Bar age; unchanged underlying quote age unavailable
GOVPARTYGA-26-D,2026-07-21,2026-07-21T20:00:00+00:00,0.565,0.56,0.57,0.009999999999999898,186812.37,0.0,valid,1784664000.0,Bar age; unchanged underlying quote age unavailable
GOVPARTYGA-26-D,2026-07-22,2026-07-22T20:00:00+00:00,0.565,0.56,0.57,0.009999999999999898,186812.37,6.0,stale,1784728800.0,Bar age; unchanged underlying quote age unavailable
GOVPARTYGA-26-D,2026-07-23,2026-07-23T20:00:00+00:00,0.565,0.56,0.57,0.009999999999999898,186812.37,0.0,valid,1784836800.0,Bar age; unchanged underlying quote age unavailable
GOVPARTYGA-26-D,2026-07-24,2026-07-24T20:00:00+00:00,0.595,0.59,0.6,0.010000000000000009,189956.92,0.0,valid,1784923200.0,Bar age; unchanged underlying quote age unavailable
GOVPARTYGA-26-D,2026-07-27,2026-07-27T20:00:00+00:00,0.595,0.59,0.6,0.010000000000000009,189930.96,0.0,valid,1785182400.0,Bar age; unchanged underlying quote age unavailable
GOVPARTYGA-26-D,2026-07-28,2026-07-28T20:00:00+00:00,0.585,0.58,0.59,0.010000000000000009,189914.95,0.0,valid,1785268800.0,Bar age; unchanged underlying quote age unavailable
GOVPARTYGA-26-D,2026-07-29,2026-07-29T20:00:00+00:00,0.585,0.58,0.59,0.010000000000000009,189914.95,0.0,valid,1785355200.0,Bar age; unchanged underlying quote age unavailable
GOVPARTYGA-26-D,2026-07-30,2026-07-30T20:00:00+00:00,0.585,0.58,0.59,0.010000000000000009,189914.95,0.0,valid,1785441600.0,Bar age; unchanged underlying quote age unavailable
GOVPARTYGA-26-D,2026-07-31,2026-07-31T20:00:00+00:00,0.585,0.58,0.59,0.010000000000000009,189914.95,0.0,valid,1785528000.0,Bar age; unchanged underlying quote age unavailable
GOVPARTYGA-26-D,2026-08-03,2026-08-03T20:00:00+00:00,0.585,0.58,0.59,0.010000000000000009,190039.95,0.0,valid,1785787200.0,Bar age; unchanged underlying quote age unavailable
GOVPARTYGA-26-D,2026-08-04,2026-08-04T20:00:00+00:00,0.585,0.58,0.59,0.010000000000000009,190142.9,0.0,valid,1785873600.0,Bar age; unchanged underlying quote age unavailable
GOVPARTYGA-26-D,2026-08-05,2026-08-05T20:00:00+00:00,0.585,0.58,0.59,0.010000000000000009,191401.06,0.0,valid,1785960000.0,Bar age; unchanged underlying quote age unavailable
GOVPARTYGA-26-D,2026-08-06,2026-08-06T20:00:00+00:00,0.585,0.58,0.59,0.010000000000000009,191401.06,1.0,valid,1786042800.0,Bar age; unchanged underlying quote age unavailable
GOVPARTYGA-26-D,2026-08-07,2026-08-07T20:00:00+00:00,0.585,0.58,0.59,0.010000000000000009,191401.06,4.0,stale,1786118400.0,Bar age; unchanged underlying quote age unavailable
GOVPARTYGA-26-D,2026-08-10,2026-08-10T20:00:00+00:00,0.535,0.53,0.54,0.010000000000000009,203299.87,0.0,valid,1786392000.0,Bar age; unchanged underlying quote age unavailable
GOVPARTYGA-26-D,2026-08-11,2026-08-11T20:00:00+00:00,0.565,0.56,0.57,0.009999999999999898,213538.98,0.0,valid,1786478400.0,Bar age; unchanged underlying quote age unavailable
GOVPARTYGA-26-D,2026-08-12,2026-08-12T20:00:00+00:00,0.595,0.59,0.6,0.010000000000000009,216501.57,0.0,valid,1786564800.0,Bar age; unchanged underlying quote age unavailable
GOVPARTYGA-26-D,2026-08-13,2026-08-13T20:00:00+00:00,0.595,0.59,0.6,0.010000000000000009,216601.56,0.0,valid,1786651200.0,Bar age; unchanged underlying quote age unavailable
GOVPARTYGA-26-D,2026-08-14,2026-08-14T20:00:00+00:00,0.605,0.6,0.61,0.010000000000000009,217013.24,0.0,valid,1786737600.0,Bar age; unchanged underlying quote age unavailable
GOVPARTYGA-26-D,2026-08-17,2026-08-17T20:00:00+00:00,0.595,0.59,0.6,0.010000000000000009,217282.6,0.0,valid,1786996800.0,Bar age; unchanged underlying quote age unavailable
GOVPARTYGA-26-D,2026-08-18,2026-08-18T20:00:00+00:00,0.595,0.59,0.6,0.010000000000000009,222196.19,0.0,valid,1787083200.0,Bar age; unchanged underlying quote age unavailable
GOVPARTYGA-26-D,2026-08-19,2026-08-19T20:00:00+00:00,0.605,0.6,0.61,0.010000000000000009,222654.37,0.0,valid,1787169600.0,Bar age; unchanged underlying quote age unavailable
GOVPARTYGA-26-D,2026-08-20,2026-08-20T20:00:00+00:00,0.605,0.6,0.61,0.010000000000000009,223763.14,0.0,valid,1787256000.0,Bar age; unchanged underlying quote age unavailable
GOVPARTYGA-26-D,2026-08-21,2026-08-21T20:00:00+00:00,0.61,0.6,0.62,0.020000000000000018,223841.35,0.0,valid,1787342400.0,Bar age; unchanged underlying quote age unavailable
GOVPARTYGA-26-D,2026-08-24,2026-08-24T20:00:00+00:00,0.59,0.58,0.6,0.020000000000000018,225519.51,0.0,valid,1787601600.0,Bar age; unchanged underlying quote age unavailable
GOVPARTYGA-26-D,2026-08-25,2026-08-25T20:00:00+00:00,0.595,0.59,0.6,0.010000000000000009,228894.03,0.0,valid,1787688000.0,Bar age; unchanged underlying quote age unavailable
GOVPARTYGA-26-D,2026-08-26,2026-08-26T20:00:00+00:00,0.595,0.59,0.6,0.010000000000000009,230129.66,0.0,valid,1787774400.0,Bar age; unchanged underlying quote age unavailable
GOVPARTYGA-26-D,2026-08-27,2026-08-27T20:00:00+00:00,0.595,0.59,0.6,0.010000000000000009,230185.68,0.0,valid,1787860800.0,Bar age; unchanged underlying quote age unavailable
GOVPARTYGA-26-D,2026-08-28,2026-08-28T20:00:00+00:00,0.595,0.59,0.6,0.010000000000000009,230355.9,0.0,valid,1787947200.0,Bar age; unchanged underlying quote age unavailable
GOVPARTYGA-26-D,2026-08-31,2026-08-31T20:00:00+00:00,0.595,0.59,0.6,0.010000000000000009,231604.41,0.0,valid,1788206400.0,Bar age; unchanged underlying quote age unavailable
GOVPARTYGA-26-D,2026-09-01,2026-09-01T20:00:00+00:00,0.595,0.59,0.6,0.010000000000000009,231913.79,1.0,valid,1788289200.0,Bar age; unchanged underlying quote age unavailable
GOVPARTYGA-26-D,2026-09-02,2026-09-02T20:00:00+00:00,0.595,0.59,0.6,0.010000000000000009,233526.44,0.0,valid,1788379200.0,Bar age; unchanged underlying quote age unavailable
GOVPARTYGA-26-D,2026-09-03,2026-09-03T20:00:00+00:00,0.575,0.57,0.58,0.010000000000000009,233735.62,0.0,valid,1788465600.0,Bar age; unchanged underlying quote age unavailable
GOVPARTYGA-26-D,2026-09-04,2026-09-04T20:00:00+00:00,0.575,0.57,0.58,0.010000000000000009,222156.51,0.0,valid,1788552000.0,Bar age; unchanged underlying quote age unavailable
GOVPARTYMI-26-D,2026-07-08,2026-07-08T20:00:00+00:00,0.8200000000000001,0.8,0.84,0.039999999999999925,47681.05,3.0,valid,1783530000.0,Bar age; unchanged underlying quote age unavailable
GOVPARTYMI-26-D,2026-07-09,2026-07-09T20:00:00+00:00,0.825,0.81,0.84,0.029999999999999916,47681.05,1.0,valid,1783623600.0,Bar age; unchanged underlying quote age unavailable
GOVPARTYMI-26-D,2026-07-10,2026-07-10T20:00:00+00:00,0.825,0.81,0.84,0.029999999999999916,47681.05,2.0,valid,1783706400.0,Bar age; unchanged underlying quote age unavailable
GOVPARTYMI-26-D,2026-07-13,2026-07-13T20:00:00+00:00,0.81,0.8,0.82,0.019999999999999907,47642.22,0.0,valid,1783972800.0,Bar age; unchanged underlying quote age unavailable
GOVPARTYMI-26-D,2026-07-14,2026-07-14T20:00:00+00:00,0.8049999999999999,0.79,0.82,0.029999999999999916,47652.22,0.0,valid,1784059200.0,Bar age; unchanged underlying quote age unavailable
GOVPARTYMI-26-D,2026-07-15,2026-07-15T20:00:00+00:00,0.8200000000000001,0.81,0.83,0.019999999999999907,47652.22,1.0,valid,1784142000.0,Bar age; unchanged underlying quote age unavailable
GOVPARTYMI-26-D,2026-07-16,2026-07-16T20:00:00+00:00,0.825,0.82,0.83,0.010000000000000009,47652.22,0.0,valid,1784232000.0,Bar age; unchanged underlying quote age unavailable
GOVPARTYMI-26-D,2026-07-17,2026-07-17T20:00:00+00:00,0.835,0.83,0.84,0.010000000000000009,47658.1,3.0,valid,1784307600.0,Bar age; unchanged underlying quote age unavailable
GOVPARTYMI-26-D,2026-07-20,2026-07-20T20:00:00+00:00,0.835,0.83,0.84,0.010000000000000009,47658.1,1.0,valid,1784574000.0,Bar age; unchanged underlying quote age unavailable
GOVPARTYMI-26-D,2026-07-21,2026-07-21T20:00:00+00:00,0.835,0.83,0.84,0.010000000000000009,47658.1,1.0,valid,1784660400.0,Bar age; unchanged underlying quote age unavailable
GOVPARTYMI-26-D,2026-07-22,2026-07-22T20:00:00+00:00,0.83,0.82,0.84,0.020000000000000018,47658.1,1.0,valid,1784746800.0,Bar age; unchanged underlying quote age unavailable
GOVPARTYMI-26-D,2026-07-23,2026-07-23T20:00:00+00:00,0.835,0.83,0.84,0.010000000000000009,47658.1,0.0,valid,1784836800.0,Bar age; unchanged underlying quote age unavailable
GOVPARTYMI-26-D,2026-07-24,2026-07-24T20:00:00+00:00,0.835,0.83,0.84,0.010000000000000009,47657.1,0.0,valid,1784923200.0,Bar age; unchanged underlying quote age unavailable
GOVPARTYMI-26-D,2026-07-27,2026-07-27T20:00:00+00:00,0.835,0.83,0.84,0.010000000000000009,47692.25,1.0,valid,1785178800.0,Bar age; unchanged underlying quote age unavailable
GOVPARTYMI-26-D,2026-07-28,2026-07-28T20:00:00+00:00,0.835,0.83,0.84,0.010000000000000009,47692.25,1.0,valid,1785265200.0,Bar age; unchanged underlying quote age unavailable
GOVPARTYMI-26-D,2026-07-29,2026-07-29T20:00:00+00:00,0.835,0.83,0.84,0.010000000000000009,47692.25,1.0,valid,1785351600.0,Bar age; unchanged underlying quote age unavailable
GOVPARTYMI-26-D,2026-07-30,2026-07-30T20:00:00+00:00,0.835,0.83,0.84,0.010000000000000009,47822.75,0.0,valid,1785441600.0,Bar age; unchanged underlying quote age unavailable
GOVPARTYMI-26-D,2026-07-31,2026-07-31T20:00:00+00:00,0.835,0.83,0.84,0.010000000000000009,47827.75,1.0,valid,1785524400.0,Bar age; unchanged underlying quote age unavailable
GOVPARTYMI-26-D,2026-08-03,2026-08-03T20:00:00+00:00,0.835,0.83,0.84,0.010000000000000009,48027.62,1.0,valid,1785783600.0,Bar age; unchanged underlying quote age unavailable
GOVPARTYMI-26-D,2026-08-04,2026-08-04T20:00:00+00:00,0.835,0.83,0.84,0.010000000000000009,49629.07,1.0,valid,1785870000.0,Bar age; unchanged underlying quote age unavailable
GOVPARTYMI-26-D,2026-08-05,2026-08-05T20:00:00+00:00,0.845,0.84,0.85,0.010000000000000009,50297.51,2.0,valid,1785952800.0,Bar age; unchanged underlying quote age unavailable
GOVPARTYMI-26-D,2026-08-06,2026-08-06T20:00:00+00:00,0.845,0.84,0.85,0.010000000000000009,52241.77,0.0,valid,1786046400.0,Bar age; unchanged underlying quote age unavailable
GOVPARTYMI-26-D,2026-08-07,2026-08-07T20:00:00+00:00,0.845,0.84,0.85,0.010000000000000009,52265.05,0.0,valid,1786132800.0,Bar age; unchanged underlying quote age unavailable
GOVPARTYMI-26-D,2026-08-10,2026-08-10T20:00:00+00:00,0.845,0.84,0.85,0.010000000000000009,53294.56,16.0,stale,1786334400.0,Bar age; unchanged underlying quote age unavailable
GOVPARTYMI-26-D,2026-08-11,2026-08-11T20:00:00+00:00,0.845,0.84,0.85,0.010000000000000009,53294.56,1.0,valid,1786474800.0,Bar age; unchanged underlying quote age unavailable
GOVPARTYMI-26-D,2026-08-12,2026-08-12T20:00:00+00:00,0.855,0.84,0.87,0.030000000000000027,53396.31,0.0,valid,1786564800.0,Bar age; unchanged underlying quote age unavailable
GOVPARTYMI-26-D,2026-08-13,2026-08-13T20:00:00+00:00,0.85,0.84,0.86,0.020000000000000018,53405.63,0.0,valid,1786651200.0,Bar age; unchanged underlying quote age unavailable
GOVPARTYMI-26-D,2026-08-14,2026-08-14T20:00:00+00:00,0.85,0.84,0.86,0.020000000000000018,53405.63,19.0,stale,1786669200.0,Bar age; unchanged underlying quote age unavailable
GOVPARTYMI-26-D,2026-08-17,2026-08-17T20:00:00+00:00,0.865,0.85,0.88,0.030000000000000027,53426.91,0.0,valid,1786996800.0,Bar age; unchanged underlying quote age unavailable
GOVPARTYMI-26-D,2026-08-18,2026-08-18T20:00:00+00:00,0.865,0.85,0.88,0.030000000000000027,53449.44,1.0,valid,1787079600.0,Bar age; unchanged underlying quote age unavailable
GOVPARTYMI-26-D,2026-08-19,2026-08-19T20:00:00+00:00,0.86,0.85,0.87,0.020000000000000018,53618.47,0.0,valid,1787169600.0,Bar age; unchanged underlying quote age unavailable
GOVPARTYMI-26-D,2026-08-20,2026-08-20T20:00:00+00:00,0.86,0.85,0.87,0.020000000000000018,53848.28,1.0,valid,1787252400.0,Bar age; unchanged underlying quote age unavailable
GOVPARTYMI-26-D,2026-08-21,2026-08-21T20:00:00+00:00,0.87,0.86,0.88,0.020000000000000018,53860.8,0.0,valid,1787342400.0,Bar age; unchanged underlying quote age unavailable
GOVPARTYMI-26-D,2026-08-24,2026-08-24T20:00:00+00:00,0.875,0.86,0.89,0.030000000000000027,53860.8,1.0,valid,1787598000.0,Bar age; unchanged underlying quote age unavailable
GOVPARTYMI-26-D,2026-08-25,2026-08-25T20:00:00+00:00,0.88,0.87,0.89,0.020000000000000018,53861.77,0.0,valid,1787688000.0,Bar age; unchanged underlying quote age unavailable
GOVPARTYMI-26-D,2026-08-26,2026-08-26T20:00:00+00:00,0.875,0.87,0.88,0.010000000000000009,53928.17,0.0,valid,1787774400.0,Bar age; unchanged underlying quote age unavailable
GOVPARTYMI-26-D,2026-08-27,2026-08-27T20:00:00+00:00,0.885,0.88,0.89,0.010000000000000009,54339.81,0.0,valid,1787860800.0,Bar age; unchanged underlying quote age unavailable
GOVPARTYMI-26-D,2026-08-28,2026-08-28T20:00:00+00:00,0.904,0.89,0.918,0.028000000000000025,54526.23,0.0,valid,1787947200.0,Bar age; unchanged underlying quote age unavailable
GOVPARTYMI-26-D,2026-08-31,2026-08-31T20:00:00+00:00,0.88,0.87,0.89,0.020000000000000018,55007.52,0.0,valid,1788206400.0,Bar age; unchanged underlying quote age unavailable
GOVPARTYMI-26-D,2026-09-01,2026-09-01T20:00:00+00:00,0.886,0.87,0.902,0.03200000000000003,55007.52,5.0,stale,1788274800.0,Bar age; unchanged underlying quote age unavailable
GOVPARTYMI-26-D,2026-09-02,2026-09-02T20:00:00+00:00,0.894,0.87,0.918,0.04800000000000004,55027.56,0.0,valid,1788379200.0,Bar age; unchanged underlying quote age unavailable
GOVPARTYMI-26-D,2026-09-03,2026-09-03T20:00:00+00:00,0.88,0.87,0.89,0.020000000000000018,55027.56,0.0,valid,1788465600.0,Bar age; unchanged underlying quote age unavailable
GOVPARTYMI-26-D,2026-09-04,2026-09-04T20:00:00+00:00,0.914,0.906,0.922,0.016000000000000014,55027.56,0.0,valid,1788552000.0,Bar age; unchanged underlying quote age unavailable
GOVPARTYPA-26-D,2026-07-08,2026-07-08T20:00:00+00:00,,,,,,,missing,,Bar age; unchanged underlying quote age unavailable
GOVPARTYPA-26-D,2026-07-09,2026-07-09T20:00:00+00:00,0.929,0.914,0.944,0.029999999999999916,8200.9,4.0,stale,1783612800.0,Bar age; unchanged underlying quote age unavailable
GOVPARTYPA-26-D,2026-07-10,2026-07-10T20:00:00+00:00,0.929,0.914,0.944,0.029999999999999916,8221.55,22.0,stale,1783634400.0,Bar age; unchanged underlying quote age unavailable
GOVPARTYPA-26-D,2026-07-13,2026-07-13T20:00:00+00:00,0.9275,0.912,0.943,0.030999999999999917,8555.55,18.0,stale,1783908000.0,Bar age; unchanged underlying quote age unavailable
GOVPARTYPA-26-D,2026-07-14,2026-07-14T20:00:00+00:00,0.9275,0.912,0.943,0.030999999999999917,8555.55,17.0,stale,1783998000.0,Bar age; unchanged underlying quote age unavailable
GOVPARTYPA-26-D,2026-07-15,2026-07-15T20:00:00+00:00,0.9299999999999999,0.92,0.94,0.019999999999999907,8558.73,0.0,valid,1784145600.0,Bar age; unchanged underlying quote age unavailable
GOVPARTYPA-26-D,2026-07-16,2026-07-16T20:00:00+00:00,0.935,0.92,0.95,0.029999999999999916,8558.73,0.0,valid,1784232000.0,Bar age; unchanged underlying quote age unavailable
GOVPARTYPA-26-D,2026-07-17,2026-07-17T20:00:00+00:00,0.935,0.92,0.95,0.029999999999999916,8558.73,1.0,valid,1784314800.0,Bar age; unchanged underlying quote age unavailable
GOVPARTYPA-26-D,2026-07-20,2026-07-20T20:00:00+00:00,0.9355,0.921,0.95,0.028999999999999915,8558.73,0.0,valid,1784577600.0,Bar age; unchanged underlying quote age unavailable
GOVPARTYPA-26-D,2026-07-21,2026-07-21T20:00:00+00:00,0.9385,0.922,0.955,0.03299999999999992,8558.73,0.0,valid,1784664000.0,Bar age; unchanged underlying quote age unavailable
GOVPARTYPA-26-D,2026-07-22,2026-07-22T20:00:00+00:00,0.938,0.921,0.955,0.03399999999999992,8588.99,1.0,valid,1784746800.0,Bar age; unchanged underlying quote age unavailable
GOVPARTYPA-26-D,2026-07-23,2026-07-23T20:00:00+00:00,0.9339999999999999,0.918,0.95,0.03199999999999992,8594.23,0.0,valid,1784836800.0,Bar age; unchanged underlying quote age unavailable
GOVPARTYPA-26-D,2026-07-24,2026-07-24T20:00:00+00:00,0.9339999999999999,0.918,0.95,0.03199999999999992,8594.23,1.0,valid,1784919600.0,Bar age; unchanged underlying quote age unavailable
GOVPARTYPA-26-D,2026-07-27,2026-07-27T20:00:00+00:00,0.9355,0.931,0.94,0.008999999999999897,8606.23,1.0,valid,1785178800.0,Bar age; unchanged underlying quote age unavailable
GOVPARTYPA-26-D,2026-07-28,2026-07-28T20:00:00+00:00,0.9355,0.931,0.94,0.008999999999999897,8606.23,0.0,valid,1785268800.0,Bar age; unchanged underlying quote age unavailable
GOVPARTYPA-26-D,2026-07-29,2026-07-29T20:00:00+00:00,0.929,0.913,0.945,0.03199999999999992,8606.23,0.0,valid,1785355200.0,Bar age; unchanged underlying quote age unavailable
GOVPARTYPA-26-D,2026-07-30,2026-07-30T20:00:00+00:00,0.929,0.913,0.945,0.03199999999999992,8620.23,0.0,valid,1785441600.0,Bar age; unchanged underlying quote age unavailable
GOVPARTYPA-26-D,2026-07-31,2026-07-31T20:00:00+00:00,0.9295,0.914,0.945,0.030999999999999917,8620.23,0.0,valid,1785528000.0,Bar age; unchanged underlying quote age unavailable
GOVPARTYPA-26-D,2026-08-03,2026-08-03T20:00:00+00:00,0.9225000000000001,0.919,0.926,0.007000000000000006,9716.55,0.0,valid,1785787200.0,Bar age; unchanged underlying quote age unavailable
GOVPARTYPA-26-D,2026-08-04,2026-08-04T20:00:00+00:00,0.923,0.921,0.925,0.0040000000000000036,18316.68,0.0,valid,1785873600.0,Bar age; unchanged underlying quote age unavailable
GOVPARTYPA-26-D,2026-08-05,2026-08-05T20:00:00+00:00,0.9235,0.921,0.926,0.0050000000000000044,20316.68,0.0,valid,1785960000.0,Bar age; unchanged underlying quote age unavailable
GOVPARTYPA-26-D,2026-08-06,2026-08-06T20:00:00+00:00,0.9235,0.921,0.926,0.0050000000000000044,20321.68,1.0,valid,1786042800.0,Bar age; unchanged underlying quote age unavailable
GOVPARTYPA-26-D,2026-08-07,2026-08-07T20:00:00+00:00,0.927,0.922,0.932,0.010000000000000009,20459.57,0.0,valid,1786132800.0,Bar age; unchanged underlying quote age unavailable
GOVPARTYPA-26-D,2026-08-10,2026-08-10T20:00:00+00:00,0.9410000000000001,0.934,0.948,0.013999999999999901,40559.75,0.0,valid,1786392000.0,Bar age; unchanged underlying quote age unavailable
GOVPARTYPA-26-D,2026-08-11,2026-08-11T20:00:00+00:00,0.948,0.94,0.956,0.016000000000000014,41889.81,0.0,valid,1786478400.0,Bar age; unchanged underlying quote age unavailable
GOVPARTYPA-26-D,2026-08-12,2026-08-12T20:00:00+00:00,0.9445,0.934,0.955,0.020999999999999908,60969.75,0.0,valid,1786564800.0,Bar age; unchanged underlying quote age unavailable
GOVPARTYPA-26-D,2026-08-13,2026-08-13T20:00:00+00:00,0.9435,0.933,0.954,0.020999999999999908,60969.75,7.0,stale,1786626000.0,Bar age; unchanged underlying quote age unavailable
GOVPARTYPA-26-D,2026-08-14,2026-08-14T20:00:00+00:00,0.9385,0.923,0.954,0.030999999999999917,60969.75,0.0,valid,1786737600.0,Bar age; unchanged underlying quote age unavailable
GOVPARTYPA-26-D,2026-08-17,2026-08-17T20:00:00+00:00,0.9390000000000001,0.923,0.955,0.03199999999999992,60969.75,1.0,valid,1786993200.0,Bar age; unchanged underlying quote age unavailable
GOVPARTYPA-26-D,2026-08-18,2026-08-18T20:00:00+00:00,0.9470000000000001,0.925,0.969,0.04399999999999993,60970.71,0.0,valid,1787083200.0,Bar age; unchanged underlying quote age unavailable
GOVPARTYPA-26-D,2026-08-19,2026-08-19T20:00:00+00:00,0.944,0.926,0.962,0.03599999999999992,60970.71,0.0,valid,1787169600.0,Bar age; unchanged underlying quote age unavailable
GOVPARTYPA-26-D,2026-08-20,2026-08-20T20:00:00+00:00,0.948,0.927,0.969,0.041999999999999926,60989.38,0.0,valid,1787256000.0,Bar age; unchanged underlying quote age unavailable
GOVPARTYPA-26-D,2026-08-21,2026-08-21T20:00:00+00:00,0.948,0.926,0.97,0.04399999999999993,60989.38,0.0,valid,1787342400.0,Bar age; unchanged underlying quote age unavailable
GOVPARTYPA-26-D,2026-08-24,2026-08-24T20:00:00+00:00,0.969,0.961,0.977,0.016000000000000014,61067.5,0.0,valid,1787601600.0,Bar age; unchanged underlying quote age unavailable
GOVPARTYPA-26-D,2026-08-25,2026-08-25T20:00:00+00:00,0.9615,0.961,0.962,0.0010000000000000009,61067.5,0.0,valid,1787688000.0,Bar age; unchanged underlying quote age unavailable
GOVPARTYPA-26-D,2026-08-26,2026-08-26T20:00:00+00:00,0.962,0.951,0.973,0.02200000000000002,60644.89,0.0,valid,1787774400.0,Bar age; unchanged underlying quote age unavailable
GOVPARTYPA-26-D,2026-08-27,2026-08-27T20:00:00+00:00,0.9675,0.953,0.982,0.029000000000000026,90938.63,0.0,valid,1787860800.0,Bar age; unchanged underlying quote age unavailable
GOVPARTYPA-26-D,2026-08-28,2026-08-28T20:00:00+00:00,0.972,0.967,0.977,0.010000000000000009,90938.73,2.0,valid,1787940000.0,Bar age; unchanged underlying quote age unavailable
GOVPARTYPA-26-D,2026-08-31,2026-08-31T20:00:00+00:00,0.972,0.967,0.977,0.010000000000000009,90938.73,0.0,valid,1788206400.0,Bar age; unchanged underlying quote age unavailable
GOVPARTYPA-26-D,2026-09-01,2026-09-01T20:00:00+00:00,0.972,0.967,0.977,0.010000000000000009,90938.73,0.0,valid,1788292800.0,Bar age; unchanged underlying quote age unavailable
GOVPARTYPA-26-D,2026-09-02,2026-09-02T20:00:00+00:00,0.972,0.967,0.977,0.010000000000000009,90938.73,0.0,valid,1788379200.0,Bar age; unchanged underlying quote age unavailable
GOVPARTYPA-26-D,2026-09-03,2026-09-03T20:00:00+00:00,0.971,0.967,0.975,0.008000000000000007,90938.73,0.0,valid,1788465600.0,Bar age; unchanged underlying quote age unavailable
GOVPARTYPA-26-D,2026-09-04,2026-09-04T20:00:00+00:00,0.971,0.968,0.974,0.006000000000000005,90948.73,0.0,valid,1788552000.0,Bar age; unchanged underlying quote age unavailable
GOVPARTYWI-26-D,2026-07-08,2026-07-08T20:00:00+00:00,0.715,0.7,0.73,0.030000000000000027,8685.52,0.0,valid,1783540800.0,Bar age; unchanged underlying quote age unavailable
GOVPARTYWI-26-D,2026-07-09,2026-07-09T20:00:00+00:00,0.715,0.7,0.73,0.030000000000000027,8698.95,1.0,valid,1783623600.0,Bar age; unchanged underlying quote age unavailable
GOVPARTYWI-26-D,2026-07-10,2026-07-10T20:00:00+00:00,0.72,0.71,0.73,0.020000000000000018,8698.95,3.0,valid,1783702800.0,Bar age; unchanged underlying quote age unavailable
GOVPARTYWI-26-D,2026-07-13,2026-07-13T20:00:00+00:00,0.71,0.7,0.72,0.020000000000000018,8698.95,2.0,valid,1783965600.0,Bar age; unchanged underlying quote age unavailable
GOVPARTYWI-26-D,2026-07-14,2026-07-14T20:00:00+00:00,0.71,0.7,0.72,0.020000000000000018,8698.95,2.0,valid,1784052000.0,Bar age; unchanged underlying quote age unavailable
GOVPARTYWI-26-D,2026-07-15,2026-07-15T20:00:00+00:00,0.715,0.71,0.72,0.010000000000000009,8811.16,0.0,valid,1784145600.0,Bar age; unchanged underlying quote age unavailable
GOVPARTYWI-26-D,2026-07-16,2026-07-16T20:00:00+00:00,0.715,0.71,0.72,0.010000000000000009,8811.16,2.0,valid,1784224800.0,Bar age; unchanged underlying quote age unavailable
GOVPARTYWI-26-D,2026-07-17,2026-07-17T20:00:00+00:00,0.65,0.64,0.66,0.020000000000000018,37479.13,0.0,valid,1784318400.0,Bar age; unchanged underlying quote age unavailable
GOVPARTYWI-26-D,2026-07-20,2026-07-20T20:00:00+00:00,0.6,0.59,0.61,0.020000000000000018,37735.86,0.0,valid,1784577600.0,Bar age; unchanged underlying quote age unavailable
GOVPARTYWI-26-D,2026-07-21,2026-07-21T20:00:00+00:00,0.61,0.6,0.62,0.020000000000000018,38399.25,0.0,valid,1784664000.0,Bar age; unchanged underlying quote age unavailable
GOVPARTYWI-26-D,2026-07-22,2026-07-22T20:00:00+00:00,0.55,0.54,0.56,0.020000000000000018,53167.73,0.0,valid,1784750400.0,Bar age; unchanged underlying quote age unavailable
GOVPARTYWI-26-D,2026-07-23,2026-07-23T20:00:00+00:00,0.545,0.54,0.55,0.010000000000000009,53479.97,0.0,valid,1784836800.0,Bar age; unchanged underlying quote age unavailable
GOVPARTYWI-26-D,2026-07-24,2026-07-24T20:00:00+00:00,0.565,0.56,0.57,0.009999999999999898,55874.84,0.0,valid,1784923200.0,Bar age; unchanged underlying quote age unavailable
GOVPARTYWI-26-D,2026-07-27,2026-07-27T20:00:00+00:00,0.555,0.55,0.56,0.010000000000000009,56048.47,2.0,valid,1785175200.0,Bar age; unchanged underlying quote age unavailable
GOVPARTYWI-26-D,2026-07-28,2026-07-28T20:00:00+00:00,0.55,0.54,0.56,0.020000000000000018,56153.41,1.0,valid,1785265200.0,Bar age; unchanged underlying quote age unavailable
GOVPARTYWI-26-D,2026-07-29,2026-07-29T20:00:00+00:00,0.585,0.58,0.59,0.010000000000000009,60527.09,0.0,valid,1785355200.0,Bar age; unchanged underlying quote age unavailable
GOVPARTYWI-26-D,2026-07-30,2026-07-30T20:00:00+00:00,0.565,0.56,0.57,0.009999999999999898,62535.16,0.0,valid,1785441600.0,Bar age; unchanged underlying quote age unavailable
GOVPARTYWI-26-D,2026-07-31,2026-07-31T20:00:00+00:00,0.525,0.52,0.53,0.010000000000000009,65730.54,0.0,valid,1785528000.0,Bar age; unchanged underlying quote age unavailable
GOVPARTYWI-26-D,2026-08-03,2026-08-03T20:00:00+00:00,0.49,0.48,0.5,0.020000000000000018,78235.06,0.0,valid,1785787200.0,Bar age; unchanged underlying quote age unavailable
GOVPARTYWI-26-D,2026-08-04,2026-08-04T20:00:00+00:00,0.46499999999999997,0.46,0.47,0.009999999999999953,84609.11,0.0,valid,1785873600.0,Bar age; unchanged underlying quote age unavailable
GOVPARTYWI-26-D,2026-08-05,2026-08-05T20:00:00+00:00,0.425,0.42,0.43,0.010000000000000009,142630.15,0.0,valid,1785960000.0,Bar age; unchanged underlying quote age unavailable
GOVPARTYWI-26-D,2026-08-06,2026-08-06T20:00:00+00:00,0.405,0.4,0.41,0.009999999999999953,145630.54,0.0,valid,1786046400.0,Bar age; unchanged underlying quote age unavailable
GOVPARTYWI-26-D,2026-08-07,2026-08-07T20:00:00+00:00,0.395,0.39,0.4,0.010000000000000009,151871.43,0.0,valid,1786132800.0,Bar age; unchanged underlying quote age unavailable
GOVPARTYWI-26-D,2026-08-10,2026-08-10T20:00:00+00:00,0.385,0.38,0.39,0.010000000000000009,164108.79,0.0,valid,1786392000.0,Bar age; unchanged underlying quote age unavailable
GOVPARTYWI-26-D,2026-08-11,2026-08-11T20:00:00+00:00,0.385,0.38,0.39,0.010000000000000009,172164.22,0.0,valid,1786478400.0,Bar age; unchanged underlying quote age unavailable
GOVPARTYWI-26-D,2026-08-12,2026-08-12T20:00:00+00:00,0.765,0.76,0.77,0.010000000000000009,193988.41,0.0,valid,1786564800.0,Bar age; unchanged underlying quote age unavailable
GOVPARTYWI-26-D,2026-08-13,2026-08-13T20:00:00+00:00,0.765,0.76,0.77,0.010000000000000009,194763.69,0.0,valid,1786651200.0,Bar age; unchanged underlying quote age unavailable
GOVPARTYWI-26-D,2026-08-14,2026-08-14T20:00:00+00:00,0.755,0.75,0.76,0.010000000000000009,193975.79,0.0,valid,1786737600.0,Bar age; unchanged underlying quote age unavailable
GOVPARTYWI-26-D,2026-08-17,2026-08-17T20:00:00+00:00,0.745,0.74,0.75,0.010000000000000009,196043.76,0.0,valid,1786996800.0,Bar age; unchanged underlying quote age unavailable
GOVPARTYWI-26-D,2026-08-18,2026-08-18T20:00:00+00:00,0.745,0.74,0.75,0.010000000000000009,195617.44,0.0,valid,1787083200.0,Bar age; unchanged underlying quote age unavailable
GOVPARTYWI-26-D,2026-08-19,2026-08-19T20:00:00+00:00,0.745,0.74,0.75,0.010000000000000009,195273.26,0.0,valid,1787169600.0,Bar age; unchanged underlying quote age unavailable
GOVPARTYWI-26-D,2026-08-20,2026-08-20T20:00:00+00:00,0.745,0.74,0.75,0.010000000000000009,195371.38,0.0,valid,1787256000.0,Bar age; unchanged underlying quote age unavailable
GOVPARTYWI-26-D,2026-08-21,2026-08-21T20:00:00+00:00,0.755,0.75,0.76,0.010000000000000009,202723.61,0.0,valid,1787342400.0,Bar age; unchanged underlying quote age unavailable
GOVPARTYWI-26-D,2026-08-24,2026-08-24T20:00:00+00:00,0.785,0.78,0.79,0.010000000000000009,210445.25,0.0,valid,1787601600.0,Bar age; unchanged underlying quote age unavailable
GOVPARTYWI-26-D,2026-08-25,2026-08-25T20:00:00+00:00,0.785,0.78,0.79,0.010000000000000009,210498.18,0.0,valid,1787688000.0,Bar age; unchanged underlying quote age unavailable
GOVPARTYWI-26-D,2026-08-26,2026-08-26T20:00:00+00:00,0.795,0.79,0.8,0.010000000000000009,211840.05,0.0,valid,1787774400.0,Bar age; unchanged underlying quote age unavailable
GOVPARTYWI-26-D,2026-08-27,2026-08-27T20:00:00+00:00,0.785,0.78,0.79,0.010000000000000009,211909.69,0.0,valid,1787860800.0,Bar age; unchanged underlying quote age unavailable
GOVPARTYWI-26-D,2026-08-28,2026-08-28T20:00:00+00:00,0.785,0.78,0.79,0.010000000000000009,212168.46,0.0,valid,1787947200.0,Bar age; unchanged underlying quote age unavailable
GOVPARTYWI-26-D,2026-08-31,2026-08-31T20:00:00+00:00,0.795,0.79,0.8,0.010000000000000009,214512.85,4.0,stale,1788192000.0,Bar age; unchanged underlying quote age unavailable
GOVPARTYWI-26-D,2026-09-01,2026-09-01T20:00:00+00:00,0.795,0.79,0.8,0.010000000000000009,214514.29,0.0,valid,1788292800.0,Bar age; unchanged underlying quote age unavailable
GOVPARTYWI-26-D,2026-09-02,2026-09-02T20:00:00+00:00,0.795,0.79,0.8,0.010000000000000009,217537.91,0.0,valid,1788379200.0,Bar age; unchanged underlying quote age unavailable
GOVPARTYWI-26-D,2026-09-03,2026-09-03T20:00:00+00:00,0.795,0.79,0.8,0.010000000000000009,218816.77,0.0,valid,1788465600.0,Bar age; unchanged underlying quote age unavailable
GOVPARTYWI-26-D,2026-09-04,2026-09-04T20:00:00+00:00,0.795,0.79,0.8,0.010000000000000009,218839.33,0.0,valid,1788552000.0,Bar age; unchanged underlying quote age unavailable
KXAAAGASED-26NOV03-4.00,2026-07-08,2026-07-08T20:00:00+00:00,0.125,0.04,0.21,0.16999999999999998,3831.09,1.0,valid,1783537200.0,Bar age; unchanged underlying quote age unavailable
KXAAAGASED-26NOV03-4.00,2026-07-09,2026-07-09T20:00:00+00:00,0.245,0.05,0.44,0.39,3605.09,4.0,stale,1783612800.0,Bar age; unchanged underlying quote age unavailable
KXAAAGASED-26NOV03-4.00,2026-07-10,2026-07-10T20:00:00+00:00,0.19999999999999998,0.05,0.35,0.3,3605.09,0.0,valid,1783713600.0,Bar age; unchanged underlying quote age unavailable
KXAAAGASED-26NOV03-4.00,2026-07-13,2026-07-13T20:00:00+00:00,0.26,0.08,0.44,0.36,3605.09,26.0,stale,1783879200.0,Bar age; unchanged underlying quote age unavailable
KXAAAGASED-26NOV03-4.00,2026-07-14,2026-07-14T20:00:00+00:00,0.435,0.43,0.44,0.010000000000000009,3615.09,0.0,valid,1784059200.0,Bar age; unchanged underlying quote age unavailable
KXAAAGASED-26NOV03-4.00,2026-07-15,2026-07-15T20:00:00+00:00,0.435,0.43,0.44,0.010000000000000009,3617.82,0.0,valid,1784145600.0,Bar age; unchanged underlying quote age unavailable
KXAAAGASED-26NOV03-4.00,2026-07-16,2026-07-16T20:00:00+00:00,0.435,0.43,0.44,0.010000000000000009,3626.56,0.0,valid,1784232000.0,Bar age; unchanged underlying quote age unavailable
KXAAAGASED-26NOV03-4.00,2026-07-17,2026-07-17T20:00:00+00:00,0.435,0.43,0.44,0.010000000000000009,3680.28,0.0,valid,1784318400.0,Bar age; unchanged underlying quote age unavailable
KXAAAGASED-26NOV03-4.00,2026-07-20,2026-07-20T20:00:00+00:00,0.425,0.38,0.47,0.08999999999999997,5042.41,1.0,valid,1784574000.0,Bar age; unchanged underlying quote age unavailable
KXAAAGASED-26NOV03-4.00,2026-07-21,2026-07-21T20:00:00+00:00,0.475,0.46,0.49,0.02999999999999997,5082.15,0.0,valid,1784664000.0,Bar age; unchanged underlying quote age unavailable
KXAAAGASED-26NOV03-4.00,2026-07-22,2026-07-22T20:00:00+00:00,0.255,0.25,0.26,0.010000000000000009,5531.15,0.0,valid,1784750400.0,Bar age; unchanged underlying quote age unavailable
KXAAAGASED-26NOV03-4.00,2026-07-23,2026-07-23T20:00:00+00:00,0.265,0.24,0.29,0.04999999999999999,5606.48,0.0,valid,1784836800.0,Bar age; unchanged underlying quote age unavailable
KXAAAGASED-26NOV03-4.00,2026-07-24,2026-07-24T20:00:00+00:00,0.445,0.4,0.49,0.08999999999999997,5659.8,1.0,valid,1784919600.0,Bar age; unchanged underlying quote age unavailable
KXAAAGASED-26NOV03-4.00,2026-07-27,2026-07-27T20:00:00+00:00,0.29500000000000004,0.27,0.32,0.04999999999999999,6427.35,0.0,valid,1785182400.0,Bar age; unchanged underlying quote age unavailable
KXAAAGASED-26NOV03-4.00,2026-07-28,2026-07-28T20:00:00+00:00,0.245,0.21,0.28,0.07000000000000003,6667.22,1.0,valid,1785265200.0,Bar age; unchanged underlying quote age unavailable
KXAAAGASED-26NOV03-4.00,2026-07-29,2026-07-29T20:00:00+00:00,0.28500000000000003,0.25,0.32,0.07,7150.39,0.0,valid,1785355200.0,Bar age; unchanged underlying quote age unavailable
KXAAAGASED-26NOV03-4.00,2026-07-30,2026-07-30T20:00:00+00:00,0.22999999999999998,0.22,0.24,0.01999999999999999,8620.26,0.0,valid,1785441600.0,Bar age; unchanged underlying quote age unavailable
KXAAAGASED-26NOV03-4.00,2026-07-31,2026-07-31T20:00:00+00:00,0.405,0.37,0.44,0.07,8625.14,0.0,valid,1785528000.0,Bar age; unchanged underlying quote age unavailable
KXAAAGASED-26NOV03-4.00,2026-08-03,2026-08-03T20:00:00+00:00,0.31000000000000005,0.28,0.34,0.06,9082.59,0.0,valid,1785787200.0,Bar age; unchanged underlying quote age unavailable
KXAAAGASED-26NOV03-4.00,2026-08-04,2026-08-04T20:00:00+00:00,0.28500000000000003,0.26,0.31,0.04999999999999999,10345.77,0.0,valid,1785873600.0,Bar age; unchanged underlying quote age unavailable
KXAAAGASED-26NOV03-4.00,2026-08-05,2026-08-05T20:00:00+00:00,0.21,0.18,0.24,0.06,10556.22,0.0,valid,1785960000.0,Bar age; unchanged underlying quote age unavailable
KXAAAGASED-26NOV03-4.00,2026-08-06,2026-08-06T20:00:00+00:00,0.2,0.18,0.22,0.04000000000000001,10554.22,1.0,valid,1786042800.0,Bar age; unchanged underlying quote age unavailable
KXAAAGASED-26NOV03-4.00,2026-08-07,2026-08-07T20:00:00+00:00,0.21500000000000002,0.2,0.23,0.03,10554.22,0.0,valid,1786132800.0,Bar age; unchanged underlying quote age unavailable
KXAAAGASED-26NOV03-4.00,2026-08-10,2026-08-10T20:00:00+00:00,0.355,0.33,0.38,0.04999999999999999,10513.69,0.0,valid,1786392000.0,Bar age; unchanged underlying quote age unavailable
KXAAAGASED-26NOV03-4.00,2026-08-11,2026-08-11T20:00:00+00:00,0.31,0.27,0.35,0.07999999999999996,10934.96,0.0,valid,1786478400.0,Bar age; unchanged underlying quote age unavailable
KXAAAGASED-26NOV03-4.00,2026-08-12,2026-08-12T20:00:00+00:00,0.255,0.22,0.29,0.06999999999999998,11654.95,0.0,valid,1786564800.0,Bar age; unchanged underlying quote age unavailable
KXAAAGASED-26NOV03-4.00,2026-08-13,2026-08-13T20:00:00+00:00,0.565,0.55,0.58,0.029999999999999916,12823.66,1.0,valid,1786647600.0,Bar age; unchanged underlying quote age unavailable
KXAAAGASED-26NOV03-4.00,2026-08-14,2026-08-14T20:00:00+00:00,0.42000000000000004,0.31,0.53,0.22000000000000003,15074.72,0.0,valid,1786737600.0,Bar age; unchanged underlying quote age unavailable
KXAAAGASED-26NOV03-4.00,2026-08-17,2026-08-17T20:00:00+00:00,0.36,0.33,0.39,0.06,15630.54,0.0,valid,1786996800.0,Bar age; unchanged underlying quote age unavailable
KXAAAGASED-26NOV03-4.00,2026-08-18,2026-08-18T20:00:00+00:00,0.375,0.35,0.4,0.050000000000000044,19758.36,0.0,valid,1787083200.0,Bar age; unchanged underlying quote age unavailable
KXAAAGASED-26NOV03-4.00,2026-08-19,2026-08-19T20:00:00+00:00,0.365,0.35,0.38,0.030000000000000027,19807.19,1.0,valid,1787166000.0,Bar age; unchanged underlying quote age unavailable
KXAAAGASED-26NOV03-4.00,2026-08-20,2026-08-20T20:00:00+00:00,0.375,0.28,0.47,0.18999999999999995,19971.53,0.0,valid,1787256000.0,Bar age; unchanged underlying quote age unavailable
KXAAAGASED-26NOV03-4.00,2026-08-21,2026-08-21T20:00:00+00:00,0.33499999999999996,0.32,0.35,0.02999999999999997,21044.53,1.0,valid,1787338800.0,Bar age; unchanged underlying quote age unavailable
KXAAAGASED-26NOV03-4.00,2026-08-24,2026-08-24T20:00:00+00:00,0.345,0.3,0.39,0.09000000000000002,21876.09,1.0,valid,1787598000.0,Bar age; unchanged underlying quote age unavailable
KXAAAGASED-26NOV03-4.00,2026-08-25,2026-08-25T20:00:00+00:00,0.245,0.23,0.26,0.03,22379.3,1.0,valid,1787684400.0,Bar age; unchanged underlying quote age unavailable
KXAAAGASED-26NOV03-4.00,2026-08-26,2026-08-26T20:00:00+00:00,0.30500000000000005,0.28,0.33,0.04999999999999999,22420.8,0.0,valid,1787774400.0,Bar age; unchanged underlying quote age unavailable
KXAAAGASED-26NOV03-4.00,2026-08-27,2026-08-27T20:00:00+00:00,0.21000000000000002,0.17,0.25,0.07999999999999999,22562.8,2.0,valid,1787853600.0,Bar age; unchanged underlying quote age unavailable
KXAAAGASED-26NOV03-4.00,2026-08-28,2026-08-28T20:00:00+00:00,0.225,0.22,0.23,0.010000000000000009,23019.18,0.0,valid,1787947200.0,Bar age; unchanged underlying quote age unavailable
KXAAAGASED-26NOV03-4.00,2026-08-31,2026-08-31T20:00:00+00:00,0.29000000000000004,0.28,0.3,0.019999999999999962,23109.88,0.0,valid,1788206400.0,Bar age; unchanged underlying quote age unavailable
KXAAAGASED-26NOV03-4.00,2026-09-01,2026-09-01T20:00:00+00:00,0.315,0.31,0.32,0.010000000000000009,23190.4,0.0,valid,1788292800.0,Bar age; unchanged underlying quote age unavailable
KXAAAGASED-26NOV03-4.00,2026-09-02,2026-09-02T20:00:00+00:00,0.295,0.29,0.3,0.010000000000000009,23309.72,0.0,valid,1788379200.0,Bar age; unchanged underlying quote age unavailable
KXAAAGASED-26NOV03-4.00,2026-09-03,2026-09-03T20:00:00+00:00,0.305,0.3,0.31,0.010000000000000009,23369.54,0.0,valid,1788465600.0,Bar age; unchanged underlying quote age unavailable
KXAAAGASED-26NOV03-4.00,2026-09-04,2026-09-04T20:00:00+00:00,0.3,0.29,0.31,0.020000000000000018,25055.35,0.0,valid,1788552000.0,Bar age; unchanged underlying quote age unavailable
KXACAEXT-26JAN-27,2026-07-08,2026-07-08T20:00:00+00:00,0.0655,0.062,0.069,0.007000000000000006,45777.91,3.0,valid,1783530000.0,Bar age; unchanged underlying quote age unavailable
KXACAEXT-26JAN-27,2026-07-09,2026-07-09T20:00:00+00:00,0.0655,0.062,0.069,0.007000000000000006,45697.91,3.0,valid,1783616400.0,Bar age; unchanged underlying quote age unavailable
KXACAEXT-26JAN-27,2026-07-10,2026-07-10T20:00:00+00:00,0.0655,0.062,0.069,0.007000000000000006,45697.91,17.0,stale,1783652400.0,Bar age; unchanged underlying quote age unavailable
KXACAEXT-26JAN-27,2026-07-13,2026-07-13T20:00:00+00:00,0.0645,0.062,0.067,0.0050000000000000044,45697.91,46.0,stale,1783807200.0,Bar age; unchanged underlying quote age unavailable
KXACAEXT-26JAN-27,2026-07-14,2026-07-14T20:00:00+00:00,0.0645,0.062,0.067,0.0050000000000000044,45637.91,3.0,valid,1784048400.0,Bar age; unchanged underlying quote age unavailable
KXACAEXT-26JAN-27,2026-07-15,2026-07-15T20:00:00+00:00,0.05499999999999999,0.051,0.059,0.008,45544.43,9.0,stale,1784113200.0,Bar age; unchanged underlying quote age unavailable
KXACAEXT-26JAN-27,2026-07-16,2026-07-16T20:00:00+00:00,0.053500000000000006,0.05,0.057,0.006999999999999999,41538.43,0.0,valid,1784232000.0,Bar age; unchanged underlying quote age unavailable
KXACAEXT-26JAN-27,2026-07-17,2026-07-17T20:00:00+00:00,0.103,0.086,0.12,0.034,43504.04,0.0,valid,1784318400.0,Bar age; unchanged underlying quote age unavailable
KXACAEXT-26JAN-27,2026-07-20,2026-07-20T20:00:00+00:00,0.105,0.09,0.12,0.03,43534.54,0.0,valid,1784577600.0,Bar age; unchanged underlying quote age unavailable
KXACAEXT-26JAN-27,2026-07-21,2026-07-21T20:00:00+00:00,0.0985,0.077,0.12,0.043,43449.54,0.0,valid,1784664000.0,Bar age; unchanged underlying quote age unavailable
KXACAEXT-26JAN-27,2026-07-22,2026-07-22T20:00:00+00:00,0.0755,0.075,0.076,0.0010000000000000009,43423.54,0.0,valid,1784750400.0,Bar age; unchanged underlying quote age unavailable
KXACAEXT-26JAN-27,2026-07-23,2026-07-23T20:00:00+00:00,0.097,0.074,0.12,0.046,43397.54,0.0,valid,1784836800.0,Bar age; unchanged underlying quote age unavailable
KXACAEXT-26JAN-27,2026-07-24,2026-07-24T20:00:00+00:00,0.0755,0.074,0.077,0.0030000000000000027,43397.54,1.0,valid,1784919600.0,Bar age; unchanged underlying quote age unavailable
KXACAEXT-26JAN-27,2026-07-27,2026-07-27T20:00:00+00:00,0.07200000000000001,0.07,0.074,0.00399999999999999,43133.42,3.0,valid,1785171600.0,Bar age; unchanged underlying quote age unavailable
KXACAEXT-26JAN-27,2026-07-28,2026-07-28T20:00:00+00:00,0.0675,0.06,0.075,0.015,43086.42,0.0,valid,1785268800.0,Bar age; unchanged underlying quote age unavailable
KXACAEXT-26JAN-27,2026-07-29,2026-07-29T20:00:00+00:00,0.065,0.06,0.07,0.010000000000000009,43086.42,1.0,valid,1785351600.0,Bar age; unchanged underlying quote age unavailable
KXACAEXT-26JAN-27,2026-07-30,2026-07-30T20:00:00+00:00,0.0645,0.059,0.07,0.01100000000000001,43045.42,7.0,stale,1785416400.0,Bar age; unchanged underlying quote age unavailable
KXACAEXT-26JAN-27,2026-07-31,2026-07-31T20:00:00+00:00,0.0645,0.059,0.07,0.01100000000000001,43045.42,31.0,stale,1785416400.0,Bar age; unchanged underlying quote age unavailable
KXACAEXT-26JAN-27,2026-08-03,2026-08-03T20:00:00+00:00,0.0595,0.059,0.06,0.0010000000000000009,43045.42,44.0,stale,1785628800.0,Bar age; unchanged underlying quote age unavailable
KXACAEXT-26JAN-27,2026-08-04,2026-08-04T20:00:00+00:00,0.064,0.059,0.069,0.010000000000000009,43034.26,1.0,valid,1785870000.0,Bar age; unchanged underlying quote age unavailable
KXACAEXT-26JAN-27,2026-08-05,2026-08-05T20:00:00+00:00,0.058,0.05,0.066,0.016,43155.8,1.0,valid,1785956400.0,Bar age; unchanged underlying quote age unavailable
KXACAEXT-26JAN-27,2026-08-06,2026-08-06T20:00:00+00:00,0.058,0.05,0.066,0.016,43155.8,1.0,valid,1786042800.0,Bar age; unchanged underlying quote age unavailable
KXACAEXT-26JAN-27,2026-08-07,2026-08-07T20:00:00+00:00,0.063,0.06,0.066,0.006000000000000005,43139.0,0.0,valid,1786132800.0,Bar age; unchanged underlying quote age unavailable
KXACAEXT-26JAN-27,2026-08-10,2026-08-10T20:00:00+00:00,0.0645,0.06,0.069,0.009000000000000008,43193.0,0.0,valid,1786392000.0,Bar age; unchanged underlying quote age unavailable
KXACAEXT-26JAN-27,2026-08-11,2026-08-11T20:00:00+00:00,0.0595,0.052,0.067,0.015000000000000006,43339.17,0.0,valid,1786478400.0,Bar age; unchanged underlying quote age unavailable
KXACAEXT-26JAN-27,2026-08-12,2026-08-12T20:00:00+00:00,0.059000000000000004,0.05,0.068,0.018000000000000002,43867.39,0.0,valid,1786564800.0,Bar age; unchanged underlying quote age unavailable
KXACAEXT-26JAN-27,2026-08-13,2026-08-13T20:00:00+00:00,0.0595,0.052,0.067,0.015000000000000006,44882.02,0.0,valid,1786651200.0,Bar age; unchanged underlying quote age unavailable
KXACAEXT-26JAN-27,2026-08-14,2026-08-14T20:00:00+00:00,0.0585,0.05,0.067,0.017,44882.02,0.0,valid,1786737600.0,Bar age; unchanged underlying quote age unavailable
KXACAEXT-26JAN-27,2026-08-17,2026-08-17T20:00:00+00:00,0.066,0.057,0.075,0.017999999999999995,45577.51,0.0,valid,1786996800.0,Bar age; unchanged underlying quote age unavailable
KXACAEXT-26JAN-27,2026-08-18,2026-08-18T20:00:00+00:00,0.069,0.055,0.083,0.028000000000000004,45561.51,0.0,valid,1787083200.0,Bar age; unchanged underlying quote age unavailable
KXACAEXT-26JAN-27,2026-08-19,2026-08-19T20:00:00+00:00,0.069,0.055,0.083,0.028000000000000004,45551.96,0.0,valid,1787169600.0,Bar age; unchanged underlying quote age unavailable
KXACAEXT-26JAN-27,2026-08-20,2026-08-20T20:00:00+00:00,0.064,0.056,0.072,0.015999999999999993,45561.96,0.0,valid,1787256000.0,Bar age; unchanged underlying quote age unavailable
KXACAEXT-26JAN-27,2026-08-21,2026-08-21T20:00:00+00:00,0.069,0.055,0.083,0.028000000000000004,45561.96,0.0,valid,1787342400.0,Bar age; unchanged underlying quote age unavailable
KXACAEXT-26JAN-27,2026-08-24,2026-08-24T20:00:00+00:00,0.0675,0.056,0.079,0.023,45739.9,0.0,valid,1787601600.0,Bar age; unchanged underlying quote age unavailable
KXACAEXT-26JAN-27,2026-08-25,2026-08-25T20:00:00+00:00,0.067,0.055,0.079,0.024,45705.9,0.0,valid,1787688000.0,Bar age; unchanged underlying quote age unavailable
KXACAEXT-26JAN-27,2026-08-26,2026-08-26T20:00:00+00:00,0.067,0.055,0.079,0.024,45705.9,0.0,valid,1787774400.0,Bar age; unchanged underlying quote age unavailable
KXACAEXT-26JAN-27,2026-08-27,2026-08-27T20:00:00+00:00,0.067,0.055,0.079,0.024,45705.9,0.0,valid,1787860800.0,Bar age; unchanged underlying quote age unavailable
KXACAEXT-26JAN-27,2026-08-28,2026-08-28T20:00:00+00:00,0.067,0.055,0.079,0.024,45705.9,0.0,valid,1787947200.0,Bar age; unchanged underlying quote age unavailable
KXACAEXT-26JAN-27,2026-08-31,2026-08-31T20:00:00+00:00,0.0695,0.059,0.08,0.021000000000000005,45564.52,0.0,valid,1788206400.0,Bar age; unchanged underlying quote age unavailable
KXACAEXT-26JAN-27,2026-09-01,2026-09-01T20:00:00+00:00,0.0695,0.059,0.08,0.021000000000000005,45558.32,0.0,valid,1788292800.0,Bar age; unchanged underlying quote age unavailable
KXACAEXT-26JAN-27,2026-09-02,2026-09-02T20:00:00+00:00,0.0695,0.059,0.08,0.021000000000000005,45558.32,0.0,valid,1788379200.0,Bar age; unchanged underlying quote age unavailable
KXACAEXT-26JAN-27,2026-09-03,2026-09-03T20:00:00+00:00,0.0695,0.059,0.08,0.021000000000000005,45558.32,0.0,valid,1788465600.0,Bar age; unchanged underlying quote age unavailable
KXACAEXT-26JAN-27,2026-09-04,2026-09-04T20:00:00+00:00,0.0695,0.059,0.08,0.021000000000000005,45558.32,0.0,valid,1788552000.0,Bar age; unchanged underlying quote age unavailable
KXAIBILL-26JUN-27JAN01,2026-07-08,2026-07-08T20:00:00+00:00,,,,,,,missing,,Bar age; unchanged underlying quote age unavailable
KXAIBILL-26JUN-27JAN01,2026-07-09,2026-07-09T20:00:00+00:00,0.115,0.09,0.14,0.05000000000000002,2545.64,10.0,stale,1783591200.0,Bar age; unchanged underlying quote age unavailable
KXAIBILL-26JUN-27JAN01,2026-07-10,2026-07-10T20:00:00+00:00,0.115,0.09,0.14,0.05000000000000002,2545.64,0.0,valid,1783713600.0,Bar age; unchanged underlying quote age unavailable
KXAIBILL-26JUN-27JAN01,2026-07-13,2026-07-13T20:00:00+00:00,0.115,0.09,0.14,0.05000000000000002,2545.64,29.0,stale,1783868400.0,Bar age; unchanged underlying quote age unavailable
KXAIBILL-26JUN-27JAN01,2026-07-14,2026-07-14T20:00:00+00:00,0.115,0.09,0.14,0.05000000000000002,2545.64,15.0,stale,1784005200.0,Bar age; unchanged underlying quote age unavailable
KXAIBILL-26JUN-27JAN01,2026-07-15,2026-07-15T20:00:00+00:00,0.11,0.09,0.13,0.04000000000000001,2545.64,2.0,valid,1784138400.0,Bar age; unchanged underlying quote age unavailable
KXAIBILL-26JUN-27JAN01,2026-07-16,2026-07-16T20:00:00+00:00,0.11,0.09,0.13,0.04000000000000001,2545.64,10.0,stale,1784196000.0,Bar age; unchanged underlying quote age unavailable
KXAIBILL-26JUN-27JAN01,2026-07-17,2026-07-17T20:00:00+00:00,0.11,0.09,0.13,0.04000000000000001,2545.64,34.0,stale,1784196000.0,Bar age; unchanged underlying quote age unavailable
KXAIBILL-26JUN-27JAN01,2026-07-20,2026-07-20T20:00:00+00:00,0.10500000000000001,0.08,0.13,0.05,2550.99,7.0,stale,1784552400.0,Bar age; unchanged underlying quote age unavailable
KXAIBILL-26JUN-27JAN01,2026-07-21,2026-07-21T20:00:00+00:00,0.10500000000000001,0.08,0.13,0.05,2550.99,31.0,stale,1784552400.0,Bar age; unchanged underlying quote age unavailable
KXAIBILL-26JUN-27JAN01,2026-07-22,2026-07-22T20:00:00+00:00,0.10500000000000001,0.08,0.13,0.05,2550.99,6.0,stale,1784728800.0,Bar age; unchanged underlying quote age unavailable
KXAIBILL-26JUN-27JAN01,2026-07-23,2026-07-23T20:00:00+00:00,0.115,0.09,0.14,0.05000000000000002,2567.22,2.0,valid,1784829600.0,Bar age; unchanged underlying quote age unavailable
KXAIBILL-26JUN-27JAN01,2026-07-24,2026-07-24T20:00:00+00:00,0.11000000000000001,0.08,0.14,0.06000000000000001,2703.22,0.0,valid,1784923200.0,Bar age; unchanged underlying quote age unavailable
KXAIBILL-26JUN-27JAN01,2026-07-27,2026-07-27T20:00:00+00:00,0.10500000000000001,0.08,0.13,0.05,2770.4,0.0,valid,1785182400.0,Bar age; unchanged underlying quote age unavailable
KXAIBILL-26JUN-27JAN01,2026-07-28,2026-07-28T20:00:00+00:00,0.07500000000000001,0.07,0.08,0.009999999999999995,2770.4,0.0,valid,1785268800.0,Bar age; unchanged underlying quote age unavailable
KXAIBILL-26JUN-27JAN01,2026-07-29,2026-07-29T20:00:00+00:00,0.07500000000000001,0.07,0.08,0.009999999999999995,2770.4,0.0,valid,1785355200.0,Bar age; unchanged underlying quote age unavailable
KXAIBILL-26JUN-27JAN01,2026-07-30,2026-07-30T20:00:00+00:00,0.07500000000000001,0.07,0.08,0.009999999999999995,2770.4,0.0,valid,1785441600.0,Bar age; unchanged underlying quote age unavailable
KXAIBILL-26JUN-27JAN01,2026-07-31,2026-07-31T20:00:00+00:00,0.07500000000000001,0.07,0.08,0.009999999999999995,2770.4,0.0,valid,1785528000.0,Bar age; unchanged underlying quote age unavailable
KXAIBILL-26JUN-27JAN01,2026-08-03,2026-08-03T20:00:00+00:00,0.10500000000000001,0.07,0.14,0.07,2769.95,0.0,valid,1785787200.0,Bar age; unchanged underlying quote age unavailable
KXAIBILL-26JUN-27JAN01,2026-08-04,2026-08-04T20:00:00+00:00,0.1,0.07,0.13,0.06,2769.95,0.0,valid,1785873600.0,Bar age; unchanged underlying quote age unavailable
KXAIBILL-26JUN-27JAN01,2026-08-05,2026-08-05T20:00:00+00:00,0.1,0.07,0.13,0.06,2769.95,0.0,valid,1785960000.0,Bar age; unchanged underlying quote age unavailable
KXAIBILL-26JUN-27JAN01,2026-08-06,2026-08-06T20:00:00+00:00,0.095,0.06,0.13,0.07,2769.95,0.0,valid,1786046400.0,Bar age; unchanged underlying quote age unavailable
KXAIBILL-26JUN-27JAN01,2026-08-07,2026-08-07T20:00:00+00:00,0.1,0.07,0.13,0.06,2769.95,0.0,valid,1786132800.0,Bar age; unchanged underlying quote age unavailable
KXAIBILL-26JUN-27JAN01,2026-08-10,2026-08-10T20:00:00+00:00,0.115,0.09,0.14,0.05000000000000002,2769.95,0.0,valid,1786392000.0,Bar age; unchanged underlying quote age unavailable
KXAIBILL-26JUN-27JAN01,2026-08-11,2026-08-11T20:00:00+00:00,0.11000000000000001,0.08,0.14,0.06000000000000001,2769.95,0.0,valid,1786478400.0,Bar age; unchanged underlying quote age unavailable
KXAIBILL-26JUN-27JAN01,2026-08-12,2026-08-12T20:00:00+00:00,0.11000000000000001,0.08,0.14,0.06000000000000001,2769.95,0.0,valid,1786564800.0,Bar age; unchanged underlying quote age unavailable
KXAIBILL-26JUN-27JAN01,2026-08-13,2026-08-13T20:00:00+00:00,0.10500000000000001,0.07,0.14,0.07,2776.95,0.0,valid,1786651200.0,Bar age; unchanged underlying quote age unavailable
KXAIBILL-26JUN-27JAN01,2026-08-14,2026-08-14T20:00:00+00:00,0.095,0.05,0.14,0.09000000000000001,2776.95,0.0,valid,1786737600.0,Bar age; unchanged underlying quote age unavailable
KXAIBILL-26JUN-27JAN01,2026-08-17,2026-08-17T20:00:00+00:00,0.10500000000000001,0.07,0.14,0.07,2776.95,0.0,valid,1786996800.0,Bar age; unchanged underlying quote age unavailable
KXAIBILL-26JUN-27JAN01,2026-08-18,2026-08-18T20:00:00+00:00,0.1,0.06,0.14,0.08000000000000002,2776.95,0.0,valid,1787083200.0,Bar age; unchanged underlying quote age unavailable
KXAIBILL-26JUN-27JAN01,2026-08-19,2026-08-19T20:00:00+00:00,0.10500000000000001,0.07,0.14,0.07,2776.95,0.0,valid,1787169600.0,Bar age; unchanged underlying quote age unavailable
KXAIBILL-26JUN-27JAN01,2026-08-20,2026-08-20T20:00:00+00:00,0.10500000000000001,0.07,0.14,0.07,2776.95,0.0,valid,1787256000.0,Bar age; unchanged underlying quote age unavailable
KXAIBILL-26JUN-27JAN01,2026-08-21,2026-08-21T20:00:00+00:00,0.10500000000000001,0.07,0.14,0.07,2776.95,0.0,valid,1787342400.0,Bar age; unchanged underlying quote age unavailable
KXAIBILL-26JUN-27JAN01,2026-08-24,2026-08-24T20:00:00+00:00,0.09,0.06,0.12,0.06,2776.94,0.0,valid,1787601600.0,Bar age; unchanged underlying quote age unavailable
KXAIBILL-26JUN-27JAN01,2026-08-25,2026-08-25T20:00:00+00:00,0.1,0.07,0.13,0.06,2776.94,0.0,valid,1787688000.0,Bar age; unchanged underlying quote age unavailable
KXAIBILL-26JUN-27JAN01,2026-08-26,2026-08-26T20:00:00+00:00,0.1,0.07,0.13,0.06,2776.94,0.0,valid,1787774400.0,Bar age; unchanged underlying quote age unavailable
KXAIBILL-26JUN-27JAN01,2026-08-27,2026-08-27T20:00:00+00:00,0.095,0.07,0.12,0.04999999999999999,2776.94,0.0,valid,1787860800.0,Bar age; unchanged underlying quote age unavailable
KXAIBILL-26JUN-27JAN01,2026-08-28,2026-08-28T20:00:00+00:00,0.1,0.07,0.13,0.06,2776.94,0.0,valid,1787947200.0,Bar age; unchanged underlying quote age unavailable
KXAIBILL-26JUN-27JAN01,2026-08-31,2026-08-31T20:00:00+00:00,0.095,0.06,0.13,0.07,2776.94,0.0,valid,1788206400.0,Bar age; unchanged underlying quote age unavailable
KXAIBILL-26JUN-27JAN01,2026-09-01,2026-09-01T20:00:00+00:00,0.1,0.07,0.13,0.06,2776.94,0.0,valid,1788292800.0,Bar age; unchanged underlying quote age unavailable
KXAIBILL-26JUN-27JAN01,2026-09-02,2026-09-02T20:00:00+00:00,0.1,0.07,0.13,0.06,2776.94,0.0,valid,1788379200.0,Bar age; unchanged underlying quote age unavailable
KXAIBILL-26JUN-27JAN01,2026-09-03,2026-09-03T20:00:00+00:00,0.095,0.06,0.13,0.07,2776.94,0.0,valid,1788465600.0,Bar age; unchanged underlying quote age unavailable
KXAIBILL-26JUN-27JAN01,2026-09-04,2026-09-04T20:00:00+00:00,0.1,0.07,0.13,0.06,2777.74,0.0,valid,1788552000.0,Bar age; unchanged underlying quote age unavailable
KXFEDDECISION-26SEP-H25,2026-07-08,2026-07-08T20:00:00+00:00,0.36,0.35,0.37,0.020000000000000018,36433.26,0.0,valid,1783540800.0,Bar age; unchanged underlying quote age unavailable
KXFEDDECISION-26SEP-H25,2026-07-09,2026-07-09T20:00:00+00:00,0.335,0.33,0.34,0.010000000000000009,36355.58,3.0,valid,1783616400.0,Bar age; unchanged underlying quote age unavailable
KXFEDDECISION-26SEP-H25,2026-07-10,2026-07-10T20:00:00+00:00,0.315,0.31,0.32,0.010000000000000009,36185.3,0.0,valid,1783713600.0,Bar age; unchanged underlying quote age unavailable
KXFEDDECISION-26SEP-H25,2026-07-13,2026-07-13T20:00:00+00:00,0.575,0.56,0.59,0.029999999999999916,40944.54,0.0,valid,1783972800.0,Bar age; unchanged underlying quote age unavailable
KXFEDDECISION-26SEP-H25,2026-07-14,2026-07-14T20:00:00+00:00,0.45,0.44,0.46,0.020000000000000018,46044.33,0.0,valid,1784059200.0,Bar age; unchanged underlying quote age unavailable
KXFEDDECISION-26SEP-H25,2026-07-15,2026-07-15T20:00:00+00:00,0.35,0.32,0.38,0.06,41889.03,0.0,valid,1784145600.0,Bar age; unchanged underlying quote age unavailable
KXFEDDECISION-26SEP-H25,2026-07-16,2026-07-16T20:00:00+00:00,0.35,0.34,0.36,0.019999999999999962,43654.38,0.0,valid,1784232000.0,Bar age; unchanged underlying quote age unavailable
KXFEDDECISION-26SEP-H25,2026-07-17,2026-07-17T20:00:00+00:00,0.355,0.35,0.36,0.010000000000000009,44245.07,0.0,valid,1784318400.0,Bar age; unchanged underlying quote age unavailable
KXFEDDECISION-26SEP-H25,2026-07-20,2026-07-20T20:00:00+00:00,0.42,0.41,0.43,0.020000000000000018,47162.21,0.0,valid,1784577600.0,Bar age; unchanged underlying quote age unavailable
KXFEDDECISION-26SEP-H25,2026-07-21,2026-07-21T20:00:00+00:00,0.495,0.48,0.51,0.030000000000000027,48379.95,0.0,valid,1784664000.0,Bar age; unchanged underlying quote age unavailable
KXFEDDECISION-26SEP-H25,2026-07-22,2026-07-22T20:00:00+00:00,0.46499999999999997,0.45,0.48,0.02999999999999997,48427.15,1.0,valid,1784746800.0,Bar age; unchanged underlying quote age unavailable
KXFEDDECISION-26SEP-H25,2026-07-23,2026-07-23T20:00:00+00:00,0.475,0.47,0.48,0.010000000000000009,50582.03,0.0,valid,1784836800.0,Bar age; unchanged underlying quote age unavailable
KXFEDDECISION-26SEP-H25,2026-07-24,2026-07-24T20:00:00+00:00,0.505,0.5,0.51,0.010000000000000009,52609.54,0.0,valid,1784923200.0,Bar age; unchanged underlying quote age unavailable
KXFEDDECISION-26SEP-H25,2026-07-27,2026-07-27T20:00:00+00:00,0.48,0.47,0.49,0.020000000000000018,54898.02,0.0,valid,1785182400.0,Bar age; unchanged underlying quote age unavailable
KXFEDDECISION-26SEP-H25,2026-07-28,2026-07-28T20:00:00+00:00,0.545,0.54,0.55,0.010000000000000009,57945.02,0.0,valid,1785268800.0,Bar age; unchanged underlying quote age unavailable
KXFEDDECISION-26SEP-H25,2026-07-29,2026-07-29T20:00:00+00:00,0.525,0.52,0.53,0.010000000000000009,169098.62,0.0,valid,1785355200.0,Bar age; unchanged underlying quote age unavailable
KXFEDDECISION-26SEP-H25,2026-07-30,2026-07-30T20:00:00+00:00,0.54,0.53,0.55,0.020000000000000018,220037.92,0.0,valid,1785441600.0,Bar age; unchanged underlying quote age unavailable
KXFEDDECISION-26SEP-H25,2026-07-31,2026-07-31T20:00:00+00:00,0.565,0.56,0.57,0.009999999999999898,250979.29,0.0,valid,1785528000.0,Bar age; unchanged underlying quote age unavailable
KXFEDDECISION-26SEP-H25,2026-08-03,2026-08-03T20:00:00+00:00,0.555,0.55,0.56,0.010000000000000009,320613.02,0.0,valid,1785787200.0,Bar age; unchanged underlying quote age unavailable
KXFEDDECISION-26SEP-H25,2026-08-04,2026-08-04T20:00:00+00:00,0.495,0.49,0.5,0.010000000000000009,353162.62,0.0,valid,1785873600.0,Bar age; unchanged underlying quote age unavailable
KXFEDDECISION-26SEP-H25,2026-08-05,2026-08-05T20:00:00+00:00,0.46499999999999997,0.46,0.47,0.009999999999999953,394506.04,0.0,valid,1785960000.0,Bar age; unchanged underlying quote age unavailable
KXFEDDECISION-26SEP-H25,2026-08-06,2026-08-06T20:00:00+00:00,0.505,0.5,0.51,0.010000000000000009,417227.28,0.0,valid,1786046400.0,Bar age; unchanged underlying quote age unavailable
KXFEDDECISION-26SEP-H25,2026-08-07,2026-08-07T20:00:00+00:00,0.355,0.35,0.36,0.010000000000000009,634301.24,0.0,valid,1786132800.0,Bar age; unchanged underlying quote age unavailable
KXFEDDECISION-26SEP-H25,2026-08-10,2026-08-10T20:00:00+00:00,0.455,0.45,0.46,0.010000000000000009,764821.24,0.0,valid,1786392000.0,Bar age; unchanged underlying quote age unavailable
KXFEDDECISION-26SEP-H25,2026-08-11,2026-08-11T20:00:00+00:00,0.415,0.41,0.42,0.010000000000000009,868692.19,0.0,valid,1786478400.0,Bar age; unchanged underlying quote age unavailable
KXFEDDECISION-26SEP-H25,2026-08-12,2026-08-12T20:00:00+00:00,0.335,0.33,0.34,0.010000000000000009,994930.1,0.0,valid,1786564800.0,Bar age; unchanged underlying quote age unavailable
KXFEDDECISION-26SEP-H25,2026-08-13,2026-08-13T20:00:00+00:00,0.3,0.29,0.31,0.020000000000000018,1378639.13,0.0,valid,1786651200.0,Bar age; unchanged underlying quote age unavailable
KXFEDDECISION-26SEP-H25,2026-08-14,2026-08-14T20:00:00+00:00,0.265,0.26,0.27,0.010000000000000009,1565852.8,0.0,valid,1786737600.0,Bar age; unchanged underlying quote age unavailable
KXFEDDECISION-26SEP-H25,2026-08-17,2026-08-17T20:00:00+00:00,0.305,0.3,0.31,0.010000000000000009,1665827.46,0.0,valid,1786996800.0,Bar age; unchanged underlying quote age unavailable
KXFEDDECISION-26SEP-H25,2026-08-18,2026-08-18T20:00:00+00:00,0.28500000000000003,0.28,0.29,0.009999999999999953,1681590.94,0.0,valid,1787083200.0,Bar age; unchanged underlying quote age unavailable
KXFEDDECISION-26SEP-H25,2026-08-19,2026-08-19T20:00:00+00:00,0.295,0.29,0.3,0.010000000000000009,1689655.83,0.0,valid,1787169600.0,Bar age; unchanged underlying quote age unavailable
KXFEDDECISION-26SEP-H25,2026-08-20,2026-08-20T20:00:00+00:00,0.28500000000000003,0.28,0.29,0.009999999999999953,1713657.43,0.0,valid,1787256000.0,Bar age; unchanged underlying quote age unavailable
KXFEDDECISION-26SEP-H25,2026-08-21,2026-08-21T20:00:00+00:00,0.325,0.32,0.33,0.010000000000000009,1728474.01,0.0,valid,1787342400.0,Bar age; unchanged underlying quote age unavailable
KXFEDDECISION-26SEP-H25,2026-08-24,2026-08-24T20:00:00+00:00,0.335,0.33,0.34,0.010000000000000009,1795379.95,0.0,valid,1787601600.0,Bar age; unchanged underlying quote age unavailable
KXFEDDECISION-26SEP-H25,2026-08-25,2026-08-25T20:00:00+00:00,0.325,0.32,0.33,0.010000000000000009,1891509.87,0.0,valid,1787688000.0,Bar age; unchanged underlying quote age unavailable
KXFEDDECISION-26SEP-H25,2026-08-26,2026-08-26T20:00:00+00:00,0.325,0.32,0.33,0.010000000000000009,1935547.44,0.0,valid,1787774400.0,Bar age; unchanged underlying quote age unavailable
KXFEDDECISION-26SEP-H25,2026-08-27,2026-08-27T20:00:00+00:00,0.305,0.3,0.31,0.010000000000000009,1951643.92,0.0,valid,1787860800.0,Bar age; unchanged underlying quote age unavailable
KXFEDDECISION-26SEP-H25,2026-08-28,2026-08-28T20:00:00+00:00,0.495,0.49,0.5,0.010000000000000009,2429963.99,0.0,valid,1787947200.0,Bar age; unchanged underlying quote age unavailable
KXFEDDECISION-26SEP-H25,2026-08-31,2026-08-31T20:00:00+00:00,0.585,0.58,0.59,0.010000000000000009,3087722.52,0.0,valid,1788206400.0,Bar age; unchanged underlying quote age unavailable
KXFEDDECISION-26SEP-H25,2026-09-01,2026-09-01T20:00:00+00:00,0.605,0.6,0.61,0.010000000000000009,3366647.81,0.0,valid,1788292800.0,Bar age; unchanged underlying quote age unavailable
KXFEDDECISION-26SEP-H25,2026-09-02,2026-09-02T20:00:00+00:00,0.575,0.57,0.58,0.010000000000000009,3412919.98,0.0,valid,1788379200.0,Bar age; unchanged underlying quote age unavailable
KXFEDDECISION-26SEP-H25,2026-09-03,2026-09-03T20:00:00+00:00,0.445,0.44,0.45,0.010000000000000009,3674022.81,0.0,valid,1788465600.0,Bar age; unchanged underlying quote age unavailable
KXFEDDECISION-26SEP-H25,2026-09-04,2026-09-04T20:00:00+00:00,0.525,0.52,0.53,0.010000000000000009,3790666.86,0.0,valid,1788552000.0,Bar age; unchanged underlying quote age unavailable
KXFEDFUNDSYEAR-28JAN01-T3.75,2026-07-08,2026-07-08T20:00:00+00:00,,,,,,,missing,,Bar age; unchanged underlying quote age unavailable
KXFEDFUNDSYEAR-28JAN01-T3.75,2026-07-09,2026-07-09T20:00:00+00:00,,,,,,,missing,,Bar age; unchanged underlying quote age unavailable
KXFEDFUNDSYEAR-28JAN01-T3.75,2026-07-10,2026-07-10T20:00:00+00:00,,,,,,,missing,,Bar age; unchanged underlying quote age unavailable
KXFEDFUNDSYEAR-28JAN01-T3.75,2026-07-13,2026-07-13T20:00:00+00:00,,,,,,,missing,,Bar age; unchanged underlying quote age unavailable
KXFEDFUNDSYEAR-28JAN01-T3.75,2026-07-14,2026-07-14T20:00:00+00:00,,,,,,,missing,,Bar age; unchanged underlying quote age unavailable
KXFEDFUNDSYEAR-28JAN01-T3.75,2026-07-15,2026-07-15T20:00:00+00:00,,,,,,,missing,,Bar age; unchanged underlying quote age unavailable
KXFEDFUNDSYEAR-28JAN01-T3.75,2026-07-16,2026-07-16T20:00:00+00:00,,,,,,,missing,,Bar age; unchanged underlying quote age unavailable
KXFEDFUNDSYEAR-28JAN01-T3.75,2026-07-17,2026-07-17T20:00:00+00:00,,,,,,,missing,,Bar age; unchanged underlying quote age unavailable
KXFEDFUNDSYEAR-28JAN01-T3.75,2026-07-20,2026-07-20T20:00:00+00:00,,,,,,,missing,,Bar age; unchanged underlying quote age unavailable
KXFEDFUNDSYEAR-28JAN01-T3.75,2026-07-21,2026-07-21T20:00:00+00:00,,,,,,,missing,,Bar age; unchanged underlying quote age unavailable
KXFEDFUNDSYEAR-28JAN01-T3.75,2026-07-22,2026-07-22T20:00:00+00:00,,,,,,,missing,,Bar age; unchanged underlying quote age unavailable
KXFEDFUNDSYEAR-28JAN01-T3.75,2026-07-23,2026-07-23T20:00:00+00:00,,,,,,,missing,,Bar age; unchanged underlying quote age unavailable
KXFEDFUNDSYEAR-28JAN01-T3.75,2026-07-24,2026-07-24T20:00:00+00:00,,,,,,,missing,,Bar age; unchanged underlying quote age unavailable
KXFEDFUNDSYEAR-28JAN01-T3.75,2026-07-27,2026-07-27T20:00:00+00:00,,,,,,,missing,,Bar age; unchanged underlying quote age unavailable
KXFEDFUNDSYEAR-28JAN01-T3.75,2026-07-28,2026-07-28T20:00:00+00:00,,,,,,,missing,,Bar age; unchanged underlying quote age unavailable
KXFEDFUNDSYEAR-28JAN01-T3.75,2026-07-29,2026-07-29T20:00:00+00:00,0.46,0.13,0.79,0.66,2.0,0.0,valid,1785355200.0,Bar age; unchanged underlying quote age unavailable
KXFEDFUNDSYEAR-28JAN01-T3.75,2026-07-30,2026-07-30T20:00:00+00:00,0.605,0.58,0.63,0.050000000000000044,4.01,0.0,valid,1785441600.0,Bar age; unchanged underlying quote age unavailable
KXFEDFUNDSYEAR-28JAN01-T3.75,2026-07-31,2026-07-31T20:00:00+00:00,0.575,0.57,0.58,0.010000000000000009,4.01,0.0,valid,1785528000.0,Bar age; unchanged underlying quote age unavailable
KXFEDFUNDSYEAR-28JAN01-T3.75,2026-08-03,2026-08-03T20:00:00+00:00,0.57,0.32,0.82,0.49999999999999994,5.68,0.0,valid,1785787200.0,Bar age; unchanged underlying quote age unavailable
KXFEDFUNDSYEAR-28JAN01-T3.75,2026-08-04,2026-08-04T20:00:00+00:00,0.5700000000000001,0.55,0.59,0.039999999999999925,5.68,0.0,valid,1785873600.0,Bar age; unchanged underlying quote age unavailable
KXFEDFUNDSYEAR-28JAN01-T3.75,2026-08-05,2026-08-05T20:00:00+00:00,0.575,0.56,0.59,0.029999999999999916,5.68,0.0,valid,1785960000.0,Bar age; unchanged underlying quote age unavailable
KXFEDFUNDSYEAR-28JAN01-T3.75,2026-08-06,2026-08-06T20:00:00+00:00,0.485,0.39,0.58,0.18999999999999995,5.68,0.0,valid,1786046400.0,Bar age; unchanged underlying quote age unavailable
KXFEDFUNDSYEAR-28JAN01-T3.75,2026-08-07,2026-08-07T20:00:00+00:00,0.485,0.39,0.58,0.18999999999999995,44.5,0.0,valid,1786132800.0,Bar age; unchanged underlying quote age unavailable
KXFEDFUNDSYEAR-28JAN01-T3.75,2026-08-10,2026-08-10T20:00:00+00:00,0.635,0.62,0.65,0.030000000000000027,1027.33,0.0,valid,1786392000.0,Bar age; unchanged underlying quote age unavailable
KXFEDFUNDSYEAR-28JAN01-T3.75,2026-08-11,2026-08-11T20:00:00+00:00,0.625,0.62,0.63,0.010000000000000009,990.47,0.0,valid,1786478400.0,Bar age; unchanged underlying quote age unavailable
KXFEDFUNDSYEAR-28JAN01-T3.75,2026-08-12,2026-08-12T20:00:00+00:00,0.565,0.56,0.57,0.009999999999999898,1133.63,0.0,valid,1786564800.0,Bar age; unchanged underlying quote age unavailable
KXFEDFUNDSYEAR-28JAN01-T3.75,2026-08-13,2026-08-13T20:00:00+00:00,0.5700000000000001,0.56,0.58,0.019999999999999907,1150.54,0.0,valid,1786651200.0,Bar age; unchanged underlying quote age unavailable
KXFEDFUNDSYEAR-28JAN01-T3.75,2026-08-14,2026-08-14T20:00:00+00:00,0.56,0.54,0.58,0.039999999999999925,1557.07,0.0,valid,1786737600.0,Bar age; unchanged underlying quote age unavailable
KXFEDFUNDSYEAR-28JAN01-T3.75,2026-08-17,2026-08-17T20:00:00+00:00,0.565,0.55,0.58,0.029999999999999916,1792.54,0.0,valid,1786996800.0,Bar age; unchanged underlying quote age unavailable
KXFEDFUNDSYEAR-28JAN01-T3.75,2026-08-18,2026-08-18T20:00:00+00:00,0.56,0.54,0.58,0.039999999999999925,1793.83,0.0,valid,1787083200.0,Bar age; unchanged underlying quote age unavailable
KXFEDFUNDSYEAR-28JAN01-T3.75,2026-08-19,2026-08-19T20:00:00+00:00,0.595,0.56,0.63,0.06999999999999995,1870.03,0.0,valid,1787169600.0,Bar age; unchanged underlying quote age unavailable
KXFEDFUNDSYEAR-28JAN01-T3.75,2026-08-20,2026-08-20T20:00:00+00:00,0.51,0.48,0.54,0.06000000000000005,1879.27,0.0,valid,1787256000.0,Bar age; unchanged underlying quote age unavailable
KXFEDFUNDSYEAR-28JAN01-T3.75,2026-08-21,2026-08-21T20:00:00+00:00,0.575,0.57,0.58,0.010000000000000009,1879.27,0.0,valid,1787342400.0,Bar age; unchanged underlying quote age unavailable
KXFEDFUNDSYEAR-28JAN01-T3.75,2026-08-24,2026-08-24T20:00:00+00:00,0.44999999999999996,0.32,0.58,0.25999999999999995,2186.17,0.0,valid,1787601600.0,Bar age; unchanged underlying quote age unavailable
KXFEDFUNDSYEAR-28JAN01-T3.75,2026-08-25,2026-08-25T20:00:00+00:00,0.5700000000000001,0.56,0.58,0.019999999999999907,2191.2,0.0,valid,1787688000.0,Bar age; unchanged underlying quote age unavailable
KXFEDFUNDSYEAR-28JAN01-T3.75,2026-08-26,2026-08-26T20:00:00+00:00,0.575,0.57,0.58,0.010000000000000009,2206.25,0.0,valid,1787774400.0,Bar age; unchanged underlying quote age unavailable
KXFEDFUNDSYEAR-28JAN01-T3.75,2026-08-27,2026-08-27T20:00:00+00:00,0.5700000000000001,0.56,0.58,0.019999999999999907,2231.36,0.0,valid,1787860800.0,Bar age; unchanged underlying quote age unavailable
KXFEDFUNDSYEAR-28JAN01-T3.75,2026-08-28,2026-08-28T20:00:00+00:00,0.575,0.56,0.59,0.029999999999999916,2247.83,0.0,valid,1787947200.0,Bar age; unchanged underlying quote age unavailable
KXFEDFUNDSYEAR-28JAN01-T3.75,2026-08-31,2026-08-31T20:00:00+00:00,0.575,0.57,0.58,0.010000000000000009,2408.83,0.0,valid,1788206400.0,Bar age; unchanged underlying quote age unavailable
KXFEDFUNDSYEAR-28JAN01-T3.75,2026-09-01,2026-09-01T20:00:00+00:00,0.585,0.58,0.59,0.010000000000000009,2405.13,0.0,valid,1788292800.0,Bar age; unchanged underlying quote age unavailable
KXFEDFUNDSYEAR-28JAN01-T3.75,2026-09-02,2026-09-02T20:00:00+00:00,0.61,0.6,0.62,0.020000000000000018,2405.29,0.0,valid,1788379200.0,Bar age; unchanged underlying quote age unavailable
KXFEDFUNDSYEAR-28JAN01-T3.75,2026-09-03,2026-09-03T20:00:00+00:00,0.645,0.61,0.68,0.07000000000000006,2556.71,0.0,valid,1788465600.0,Bar age; unchanged underlying quote age unavailable
KXFEDFUNDSYEAR-28JAN01-T3.75,2026-09-04,2026-09-04T20:00:00+00:00,0.605,0.6,0.61,0.010000000000000009,2670.44,0.0,valid,1788552000.0,Bar age; unchanged underlying quote age unavailable
KXMORATORIUMCOUNT-26DEC31-AL3,2026-07-08,2026-07-08T20:00:00+00:00,,,,,,,missing,,Bar age; unchanged underlying quote age unavailable
KXMORATORIUMCOUNT-26DEC31-AL3,2026-07-09,2026-07-09T20:00:00+00:00,,,,,,,missing,,Bar age; unchanged underlying quote age unavailable
KXMORATORIUMCOUNT-26DEC31-AL3,2026-07-10,2026-07-10T20:00:00+00:00,,,,,,,missing,,Bar age; unchanged underlying quote age unavailable
KXMORATORIUMCOUNT-26DEC31-AL3,2026-07-13,2026-07-13T20:00:00+00:00,,,,,,,missing,,Bar age; unchanged underlying quote age unavailable
KXMORATORIUMCOUNT-26DEC31-AL3,2026-07-14,2026-07-14T20:00:00+00:00,,,,,,,missing,,Bar age; unchanged underlying quote age unavailable
KXMORATORIUMCOUNT-26DEC31-AL3,2026-07-15,2026-07-15T20:00:00+00:00,,,,,,,missing,,Bar age; unchanged underlying quote age unavailable
KXMORATORIUMCOUNT-26DEC31-AL3,2026-07-16,2026-07-16T20:00:00+00:00,,,,,,,missing,,Bar age; unchanged underlying quote age unavailable
KXMORATORIUMCOUNT-26DEC31-AL3,2026-07-17,2026-07-17T20:00:00+00:00,,,,,,,missing,,Bar age; unchanged underlying quote age unavailable
KXMORATORIUMCOUNT-26DEC31-AL3,2026-07-20,2026-07-20T20:00:00+00:00,,,,,,,missing,,Bar age; unchanged underlying quote age unavailable
KXMORATORIUMCOUNT-26DEC31-AL3,2026-07-21,2026-07-21T20:00:00+00:00,0.4,0.36,0.44,0.08000000000000002,0.0,0.0,valid,1784664000.0,Bar age; unchanged underlying quote age unavailable
KXMORATORIUMCOUNT-26DEC31-AL3,2026-07-22,2026-07-22T20:00:00+00:00,0.22499999999999998,0.21,0.24,0.03,565.01,0.0,valid,1784750400.0,Bar age; unchanged underlying quote age unavailable
KXMORATORIUMCOUNT-26DEC31-AL3,2026-07-23,2026-07-23T20:00:00+00:00,0.225,0.22,0.23,0.010000000000000009,569.13,0.0,valid,1784836800.0,Bar age; unchanged underlying quote age unavailable
KXMORATORIUMCOUNT-26DEC31-AL3,2026-07-24,2026-07-24T20:00:00+00:00,0.155,0.15,0.16,0.010000000000000009,4625.0,0.0,valid,1784923200.0,Bar age; unchanged underlying quote age unavailable
KXMORATORIUMCOUNT-26DEC31-AL3,2026-07-27,2026-07-27T20:00:00+00:00,0.19,0.17,0.21,0.03999999999999998,4735.35,0.0,valid,1785182400.0,Bar age; unchanged underlying quote age unavailable
KXMORATORIUMCOUNT-26DEC31-AL3,2026-07-28,2026-07-28T20:00:00+00:00,0.54,0.52,0.56,0.040000000000000036,4810.7,0.0,valid,1785268800.0,Bar age; unchanged underlying quote age unavailable
KXMORATORIUMCOUNT-26DEC31-AL3,2026-07-29,2026-07-29T20:00:00+00:00,0.44999999999999996,0.43,0.47,0.03999999999999998,4812.62,0.0,valid,1785355200.0,Bar age; unchanged underlying quote age unavailable
KXMORATORIUMCOUNT-26DEC31-AL3,2026-07-30,2026-07-30T20:00:00+00:00,0.385,0.37,0.4,0.030000000000000027,4800.7,0.0,valid,1785441600.0,Bar age; unchanged underlying quote age unavailable
KXMORATORIUMCOUNT-26DEC31-AL3,2026-07-31,2026-07-31T20:00:00+00:00,0.395,0.36,0.43,0.07,4800.7,0.0,valid,1785528000.0,Bar age; unchanged underlying quote age unavailable
KXMORATORIUMCOUNT-26DEC31-AL3,2026-08-03,2026-08-03T20:00:00+00:00,0.41500000000000004,0.4,0.43,0.02999999999999997,4799.7,1.0,valid,1785783600.0,Bar age; unchanged underlying quote age unavailable
KXMORATORIUMCOUNT-26DEC31-AL3,2026-08-04,2026-08-04T20:00:00+00:00,0.41000000000000003,0.38,0.44,0.06,4799.7,0.0,valid,1785873600.0,Bar age; unchanged underlying quote age unavailable
KXMORATORIUMCOUNT-26DEC31-AL3,2026-08-05,2026-08-05T20:00:00+00:00,0.38,0.37,0.39,0.020000000000000018,4799.7,4.0,stale,1785945600.0,Bar age; unchanged underlying quote age unavailable
KXMORATORIUMCOUNT-26DEC31-AL3,2026-08-06,2026-08-06T20:00:00+00:00,0.375,0.36,0.39,0.030000000000000027,4799.7,2.0,valid,1786039200.0,Bar age; unchanged underlying quote age unavailable
KXMORATORIUMCOUNT-26DEC31-AL3,2026-08-07,2026-08-07T20:00:00+00:00,0.405,0.39,0.42,0.02999999999999997,4799.7,0.0,valid,1786132800.0,Bar age; unchanged underlying quote age unavailable
KXMORATORIUMCOUNT-26DEC31-AL3,2026-08-10,2026-08-10T20:00:00+00:00,0.305,0.19,0.42,0.22999999999999998,4845.46,0.0,valid,1786392000.0,Bar age; unchanged underlying quote age unavailable
KXMORATORIUMCOUNT-26DEC31-AL3,2026-08-11,2026-08-11T20:00:00+00:00,0.27,0.13,0.41,0.27999999999999997,4845.46,3.0,valid,1786467600.0,Bar age; unchanged underlying quote age unavailable
KXMORATORIUMCOUNT-26DEC31-AL3,2026-08-12,2026-08-12T20:00:00+00:00,0.51,0.39,0.63,0.24,4845.46,0.0,valid,1786564800.0,Bar age; unchanged underlying quote age unavailable
KXMORATORIUMCOUNT-26DEC31-AL3,2026-08-13,2026-08-13T20:00:00+00:00,0.51,0.39,0.63,0.24,4845.46,0.0,valid,1786651200.0,Bar age; unchanged underlying quote age unavailable
KXMORATORIUMCOUNT-26DEC31-AL3,2026-08-14,2026-08-14T20:00:00+00:00,0.51,0.39,0.63,0.24,4845.46,0.0,valid,1786737600.0,Bar age; unchanged underlying quote age unavailable
KXMORATORIUMCOUNT-26DEC31-AL3,2026-08-17,2026-08-17T20:00:00+00:00,0.42000000000000004,0.38,0.46,0.08000000000000002,4845.46,1.0,valid,1786993200.0,Bar age; unchanged underlying quote age unavailable
KXMORATORIUMCOUNT-26DEC31-AL3,2026-08-18,2026-08-18T20:00:00+00:00,0.42500000000000004,0.39,0.46,0.07,4725.81,0.0,valid,1787083200.0,Bar age; unchanged underlying quote age unavailable
KXMORATORIUMCOUNT-26DEC31-AL3,2026-08-19,2026-08-19T20:00:00+00:00,0.42500000000000004,0.39,0.46,0.07,4725.81,0.0,valid,1787169600.0,Bar age; unchanged underlying quote age unavailable
KXMORATORIUMCOUNT-26DEC31-AL3,2026-08-20,2026-08-20T20:00:00+00:00,0.42500000000000004,0.39,0.46,0.07,4725.81,2.0,valid,1787248800.0,Bar age; unchanged underlying quote age unavailable
KXMORATORIUMCOUNT-26DEC31-AL3,2026-08-21,2026-08-21T20:00:00+00:00,0.42000000000000004,0.38,0.46,0.08000000000000002,4725.81,0.0,valid,1787342400.0,Bar age; unchanged underlying quote age unavailable
KXMORATORIUMCOUNT-26DEC31-AL3,2026-08-24,2026-08-24T20:00:00+00:00,0.365,0.33,0.4,0.07,4725.81,2.0,valid,1787594400.0,Bar age; unchanged underlying quote age unavailable
KXMORATORIUMCOUNT-26DEC31-AL3,2026-08-25,2026-08-25T20:00:00+00:00,0.4,0.36,0.44,0.08000000000000002,4725.81,3.0,valid,1787677200.0,Bar age; unchanged underlying quote age unavailable
KXMORATORIUMCOUNT-26DEC31-AL3,2026-08-26,2026-08-26T20:00:00+00:00,0.39,0.37,0.41,0.03999999999999998,4725.81,3.0,valid,1787763600.0,Bar age; unchanged underlying quote age unavailable
KXMORATORIUMCOUNT-26DEC31-AL3,2026-08-27,2026-08-27T20:00:00+00:00,0.385,0.38,0.39,0.010000000000000009,4725.81,0.0,valid,1787860800.0,Bar age; unchanged underlying quote age unavailable
KXMORATORIUMCOUNT-26DEC31-AL3,2026-08-28,2026-08-28T20:00:00+00:00,0.5700000000000001,0.51,0.63,0.12,4726.81,0.0,valid,1787947200.0,Bar age; unchanged underlying quote age unavailable
KXMORATORIUMCOUNT-26DEC31-AL3,2026-08-31,2026-08-31T20:00:00+00:00,0.6399999999999999,0.59,0.69,0.09999999999999998,5238.75,0.0,valid,1788206400.0,Bar age; unchanged underlying quote age unavailable
KXMORATORIUMCOUNT-26DEC31-AL3,2026-09-01,2026-09-01T20:00:00+00:00,0.655,0.63,0.68,0.050000000000000044,5238.75,1.0,valid,1788289200.0,Bar age; unchanged underlying quote age unavailable
KXMORATORIUMCOUNT-26DEC31-AL3,2026-09-02,2026-09-02T20:00:00+00:00,0.655,0.63,0.68,0.050000000000000044,5238.75,0.0,valid,1788379200.0,Bar age; unchanged underlying quote age unavailable
KXMORATORIUMCOUNT-26DEC31-AL3,2026-09-03,2026-09-03T20:00:00+00:00,0.71,0.68,0.74,0.05999999999999994,5258.75,0.0,valid,1788465600.0,Bar age; unchanged underlying quote age unavailable
KXMORATORIUMCOUNT-26DEC31-AL3,2026-09-04,2026-09-04T20:00:00+00:00,0.715,0.69,0.74,0.050000000000000044,5258.75,0.0,valid,1788552000.0,Bar age; unchanged underlying quote age unavailable
