issue_id,channel,recent_days,metadata_contracts,metadata_families,families_with_any_window_observation,eligible_continuing_families,eligible_continuing_contracts,minimum_required_families,equal_family_log1p_activity_change,median_family_volume_ratio,median_family_robust_activity_z,families_activity_rising,share_families_activity_rising,equal_family_persistence_share,recent_fixed_panel_volume,largest_family_volume_share,largest_family,median_quote_usable_share,attention_class,electoral_salience_status,distinct_coverage_classifications,minimum_eligible_families_across_coverage,classification_stable_across_coverage,issue_label
affordability_inflation,macro,7,593,10,9,4,72,3,1.2157614791511482,2.0099593681888517,0.7431431290766692,3.0,0.75,0.8571428571428572,331868.11000000004,0.7847527139621822,KXCPIYOY,0.39873196868674,concentrated_activity_no_broad_attention_claim,requires_independent_poll_campaign_and_policy_evidence,2,4,False,Affordability and inflation
affordability_inflation,macro,14,593,10,9,5,67,3,1.0449049915254363,1.3034357954835092,1.0738066352823026,4.0,0.8,0.7023809523809523,606581.62,0.698821405106208,KXCPIYOY,0.43381940549635445,broad_persistent_marketplace_activity_rising,requires_independent_poll_campaign_and_policy_evidence,2,3,False,Affordability and inflation
affordability_inflation,mention,7,283,44,26,3,3,3,1.1163454979925964,2.436138014527845,0.6255731703438402,3.0,1.0,0.7142857142857143,2829.6099999999997,0.9579058598181375,KXSECPRESSMENTION,1.0,concentrated_activity_no_broad_attention_claim,requires_independent_poll_campaign_and_policy_evidence,1,3,True,Affordability and inflation
affordability_inflation,mention,14,283,44,27,3,3,3,0.2738960866895919,2.4134175645298814,,2.0,0.6666666666666666,0.4682539682539683,331.78,0.55901500994635,KXFEDMENTION,0.9813084112149533,mixed_or_transient_marketplace_activity_rising,requires_independent_poll_campaign_and_policy_evidence,2,2,False,Affordability and inflation
affordability_inflation,policy,7,13,7,6,1,1,3,-0.5316532559370137,0.18749715443785117,0.03866072896302066,0.0,0.0,0.5714285714285714,118.97,1.0,KXNYCGROCERY,1.0,insufficient_continuing_family_coverage,requires_independent_poll_campaign_and_policy_evidence,2,1,False,Affordability and inflation
affordability_inflation,policy,14,13,7,6,3,7,3,-0.43082884752182754,0.0956184153985212,-0.1775642668773379,0.0,0.0,0.11904761904761905,286.8,1.0,KXNYCGROCERY,0.7526315789473684,concentrated_activity_no_broad_attention_claim,requires_independent_poll_campaign_and_policy_evidence,2,1,False,Affordability and inflation
ai_jobs_regulation,mention,7,325,88,58,4,4,3,0.24948592938710606,1.0169828775491843,0.38573400347844644,3.0,0.75,0.5714285714285714,1810.7,0.5609322361517646,KXSECPRESSMENTION,0.7349813928761297,mixed_or_transient_marketplace_activity_rising,requires_independent_poll_campaign_and_policy_evidence,1,4,True,"AI, jobs and regulation"
ai_jobs_regulation,mention,14,325,88,73,3,3,3,0.8128509525173677,2.055484224901661,1.5471988084707577,3.0,1.0,0.6428571428571429,2580.32,0.8264595088981211,KXEARNINGSMENTIONDPZ,0.875968992248062,concentrated_activity_no_broad_attention_claim,requires_independent_poll_campaign_and_policy_evidence,2,2,False,"AI, jobs and regulation"
ai_jobs_regulation,policy,7,26,16,16,7,7,3,0.6281445169326176,1.0025988388166989,0.08465468617217778,6.0,0.8571428571428571,0.44897959183673464,4521.1,0.3367078808254628,KXBILLS,1.0,mixed_or_transient_marketplace_activity_rising,requires_independent_poll_campaign_and_policy_evidence,1,6,True,"AI, jobs and regulation"
ai_jobs_regulation,policy,14,26,16,16,9,10,3,0.24170420862431122,2.375821818813277,-0.07112866957453863,5.0,0.5555555555555556,0.32671957671957674,12944.669999999998,0.49019944115995234,KXUSACOMPANYSTAKE,0.9840637450199203,mixed_or_transient_marketplace_activity_rising,requires_independent_poll_campaign_and_policy_evidence,1,6,True,"AI, jobs and regulation"
electoral_context,election,7,1228,161,160,118,247,3,0.2770738331609949,0.7880311452294568,0.12278925710313236,67.0,0.5677966101694916,0.46731234866828075,6231846.910000001,0.22549581051887552,CONTROLH,1.0,mixed_or_transient_marketplace_activity_rising,requires_independent_poll_campaign_and_policy_evidence,1,96,True,Election outcomes and control
electoral_context,election,14,1228,161,160,99,324,3,0.3793936204003222,1.1993577522101773,0.23599830933638108,64.0,0.6464646464646465,0.5107300107300107,13747805.549999999,0.2498834804948198,CONTROLH,1.0,mixed_or_transient_marketplace_activity_rising,requires_independent_poll_campaign_and_policy_evidence,1,87,True,Election outcomes and control
electricity_datacenters,macro,7,61,4,4,0,0,3,,,,,,,,,,,insufficient_continuing_family_coverage,requires_independent_poll_campaign_and_policy_evidence,1,0,True,Electricity and data centers
electricity_datacenters,macro,14,61,4,4,1,6,3,-0.28319912209287706,0.006303030303030303,,0.0,0.0,0.16666666666666666,1.92,1.0,KXUSDCCAPACITY,0.9182692307692307,insufficient_continuing_family_coverage,requires_independent_poll_campaign_and_policy_evidence,1,0,True,Electricity and data centers
electricity_datacenters,mention,7,43,18,10,0,0,3,,,,,,,,,,,insufficient_continuing_family_coverage,requires_independent_poll_campaign_and_policy_evidence,1,0,True,Electricity and data centers
electricity_datacenters,mention,14,43,18,12,0,0,3,,,,,,,,,,,insufficient_continuing_family_coverage,requires_independent_poll_campaign_and_policy_evidence,1,0,True,Electricity and data centers
electricity_datacenters,policy,7,15,7,7,3,4,3,0.37799235267968484,0.9032611609258893,0.39599678256359877,1.0,0.3333333333333333,0.28571428571428575,2370.17,0.9957808933536413,KXMORATORIUMCOUNT,0.7837837837837838,concentrated_activity_no_broad_attention_claim,requires_independent_poll_campaign_and_policy_evidence,2,1,False,Electricity and data centers
electricity_datacenters,policy,14,15,7,7,2,3,3,1.0327363237361058,3.4282478327135504,0.5163152759463249,2.0,1.0,0.4340659340659341,8128.200000000001,0.9948844762678084,KXMORATORIUMCOUNT,0.7183236256283412,insufficient_continuing_family_coverage,requires_independent_poll_campaign_and_policy_evidence,2,1,False,Electricity and data centers
energy_iran,macro,7,541,8,6,3,28,3,-0.16040568933048918,0.8762034554296413,-0.10993885914959031,2.0,0.6666666666666666,0.2857142857142857,130614.24,0.8062862824145361,KXWTIMAX,0.9601139601139601,concentrated_activity_no_broad_attention_claim,requires_independent_poll_campaign_and_policy_evidence,1,3,True,Energy and Iran
energy_iran,macro,14,541,8,6,3,27,3,-0.32112484923534773,0.7805671185546903,-0.638035063259923,0.0,0.0,0.35714285714285715,353875.06,0.8688206792532936,KXWTIMAX,0.9724907063197026,concentrated_activity_no_broad_attention_claim,requires_independent_poll_campaign_and_policy_evidence,2,2,False,Energy and Iran
energy_iran,mention,7,497,65,35,4,8,3,1.1490631636783641,1.7638892261070571,1.0017953546300875,2.0,0.5,0.6964285714285714,28637.7,0.9435150169182581,KXSECPRESSMENTION,0.9505220883534137,concentrated_activity_no_broad_attention_claim,requires_independent_poll_campaign_and_policy_evidence,1,4,True,Energy and Iran
energy_iran,mention,14,497,65,45,3,6,3,0.8567883464092899,1.9260491221474643,0.6686200791774602,3.0,1.0,0.663003663003663,2518.88,0.6237375341421584,KXFEDMENTION,0.9550561797752809,mixed_or_transient_marketplace_activity_rising,requires_independent_poll_campaign_and_policy_evidence,2,2,False,Energy and Iran
energy_iran,policy,7,400,26,24,14,41,3,0.34566331166668085,1.0912675228025297,-0.03901855318011109,10.0,0.7142857142857143,0.552721088435374,746943.17,0.653631172502722,KXHORMUZNORM,1.0,mixed_or_transient_marketplace_activity_rising,requires_independent_poll_campaign_and_policy_evidence,1,12,True,Energy and Iran
energy_iran,policy,14,400,26,24,14,39,3,0.7373845205176229,1.4083033048840765,0.29307560806401484,10.0,0.7142857142857143,0.596546310832025,2149319.5599999996,0.7784726622968994,KXHORMUZNORM,1.0,concentrated_activity_no_broad_attention_claim,requires_independent_poll_campaign_and_policy_evidence,1,12,True,Energy and Iran
fed_rates,macro,7,347,12,10,9,166,3,0.5841572748688706,1.6029184994372576,0.4050299078755153,8.0,0.8888888888888888,0.7328042328042327,13418195.94,0.8979089412522023,KXFEDDECISION,0.9136351740382099,concentrated_activity_no_broad_attention_claim,requires_independent_poll_campaign_and_policy_evidence,1,7,True,Fed and interest rates
fed_rates,macro,14,347,12,10,9,176,3,0.66582096020669,2.5779412400513446,0.5885391233724272,9.0,1.0,0.7261904761904762,26716977.75,0.9067477896147891,KXFEDDECISION,0.8627658169330339,concentrated_activity_no_broad_attention_claim,requires_independent_poll_campaign_and_policy_evidence,1,8,True,Fed and interest rates
fed_rates,mention,7,9,8,0,0,0,3,,,,,,,,,,,insufficient_continuing_family_coverage,requires_independent_poll_campaign_and_policy_evidence,1,0,True,Fed and interest rates
fed_rates,mention,14,9,8,1,0,0,3,,,,,,,,,,,insufficient_continuing_family_coverage,requires_independent_poll_campaign_and_policy_evidence,1,0,True,Fed and interest rates
fed_rates,policy,7,55,12,11,7,15,3,-0.2530471321590561,0.48635780992492206,-0.2538364625800351,2.0,0.2857142857142857,0.28231292517006806,7968.750000000001,0.3298698039215686,KXLEAVEPOWELLGOV,0.9704142011834319,no_broad_marketplace_activity_increase,requires_independent_poll_campaign_and_policy_evidence,1,7,True,Fed and interest rates
fed_rates,policy,14,55,12,11,7,18,3,-0.2859600283671243,0.7621807101745284,0.05186264546464872,1.0,0.14285714285714285,0.3049450549450549,21662.93,0.4916989530040488,KXCBRATEHIKE,0.9711538461538461,no_broad_marketplace_activity_increase,requires_independent_poll_campaign_and_policy_evidence,1,5,True,Fed and interest rates
healthcare,mention,7,80,19,11,0,0,3,,,,,,,,,,,insufficient_continuing_family_coverage,requires_independent_poll_campaign_and_policy_evidence,1,0,True,Health care
healthcare,mention,14,80,19,12,0,0,3,,,,,,,,,,,insufficient_continuing_family_coverage,requires_independent_poll_campaign_and_policy_evidence,1,0,True,Health care
healthcare,policy,7,15,8,7,5,8,3,-0.36991334884767857,0.038513469392913634,-0.5995327410789684,1.0,0.2,0.08571428571428572,92.16,0.9919704861111112,KXACAEXT,0.95,concentrated_activity_no_broad_attention_claim,requires_independent_poll_campaign_and_policy_evidence,1,4,True,Health care
healthcare,policy,14,15,8,7,5,8,3,-0.4989157458728692,0.0,-1.1149086557437657,1.0,0.2,0.05714285714285714,273.89000000000004,0.996677498265727,KXACAEXT,0.90625,concentrated_activity_no_broad_attention_claim,requires_independent_poll_campaign_and_policy_evidence,2,2,False,Health care
housing,macro,7,126,5,5,1,1,3,-0.27484270013047385,0.822972525653757,0.09263871027263913,0.0,0.0,0.3333333333333333,124.31,1.0,KXMORTGAGERATE,1.0,insufficient_continuing_family_coverage,requires_independent_poll_campaign_and_policy_evidence,1,0,True,Housing
housing,macro,14,126,5,5,1,1,3,-0.4808216631093525,0.4894406190940752,0.05377099121640537,0.0,0.0,0.3333333333333333,166.16,1.0,KXMORTGAGERATE,1.0,insufficient_continuing_family_coverage,requires_independent_poll_campaign_and_policy_evidence,1,0,True,Housing
housing,mention,7,13,8,2,0,0,3,,,,,,,,,,,insufficient_continuing_family_coverage,requires_independent_poll_campaign_and_policy_evidence,1,0,True,Housing
housing,mention,14,13,8,2,0,0,3,,,,,,,,,,,insufficient_continuing_family_coverage,requires_independent_poll_campaign_and_policy_evidence,1,0,True,Housing
housing,policy,7,34,9,6,4,5,3,0.5673343350948159,0.38251448069985483,-0.21958545715168692,2.0,0.5,0.47023809523809523,14559.79,0.9464559584994015,KXRENTFREEZEEFFECT,0.9959016393442623,concentrated_activity_no_broad_attention_claim,requires_independent_poll_campaign_and_policy_evidence,1,4,True,Housing
housing,policy,14,34,9,6,5,10,3,-0.259936666097047,0.2866954951929132,-0.061118581118147775,2.0,0.4,0.3032967032967033,15807.37,0.8742782638731175,KXRENTFREEZEEFFECT,0.9784615384615385,concentrated_activity_no_broad_attention_claim,requires_independent_poll_campaign_and_policy_evidence,1,4,True,Housing
immigration,mention,7,133,21,14,2,2,3,0.8479443857454168,1.5318720930388712,0.665315370555005,1.0,0.5,0.5833333333333334,2454.41,0.959257010849858,KXSECPRESSMENTION,0.7237762237762237,insufficient_continuing_family_coverage,requires_independent_poll_campaign_and_policy_evidence,1,1,True,Immigration
immigration,mention,14,133,21,16,1,1,3,0.5206620776101691,0.5448773429559304,,1.0,1.0,0.38461538461538464,427.0,1.0,KXEARNINGSMENTIONSTZ,1.0,insufficient_continuing_family_coverage,requires_independent_poll_campaign_and_policy_evidence,1,0,True,Immigration
immigration,policy,7,42,13,10,5,8,3,0.3146218069002953,0.942998698694485,0.20197436030209198,3.0,0.6,0.4714285714285714,9808.97,0.9016818279595106,KXDEPORTATIONS,1.0,concentrated_activity_no_broad_attention_claim,requires_independent_poll_campaign_and_policy_evidence,2,2,False,Immigration
immigration,policy,14,42,13,10,7,10,3,-0.09026806940874321,0.4943128811686671,0.048862063408319584,2.0,0.2857142857142857,0.32535321821036106,25975.12,0.9322736526337512,KXDEPORTATIONS,0.9787234042553191,concentrated_activity_no_broad_attention_claim,requires_independent_poll_campaign_and_policy_evidence,2,3,False,Immigration
jobs_growth,macro,7,650,14,13,9,89,3,-0.2994196068965757,0.11950490823730259,-0.5444593866759104,4.0,0.4444444444444444,0.2777777777777778,146420.86,0.8391260644145924,KXRECSSNBER,0.9586538461538462,concentrated_activity_no_broad_attention_claim,requires_independent_poll_campaign_and_policy_evidence,1,4,True,Jobs and growth
jobs_growth,macro,14,650,14,14,7,84,3,-0.32677217699269995,0.5614064174606088,-1.0449559151095178,3.0,0.42857142857142855,0.304421768707483,208311.08999999997,0.814503106867714,KXRECSSNBER,0.9606299212598425,concentrated_activity_no_broad_attention_claim,requires_independent_poll_campaign_and_policy_evidence,2,5,False,Jobs and growth
jobs_growth,mention,7,30,17,3,2,4,3,1.3131617863399958,2.848828445061427,0.8472186451165754,2.0,1.0,0.9285714285714286,5030.37,0.9728270485073663,KXTRUMPSAYNICKNAME,0.8468051118210862,insufficient_continuing_family_coverage,requires_independent_poll_campaign_and_policy_evidence,1,1,True,Jobs and growth
jobs_growth,mention,14,30,17,6,2,4,3,0.9637884912928665,2.447678705223039,0.8899666523756782,2.0,1.0,0.7211538461538461,6729.599999999999,0.9643084284355683,KXTRUMPSAYNICKNAME,0.7689632599623599,insufficient_continuing_family_coverage,requires_independent_poll_campaign_and_policy_evidence,1,1,True,Jobs and growth
jobs_growth,policy,7,15,3,3,1,1,3,0.7895527112458822,0.6089732434848877,0.08465468617217778,1.0,1.0,0.7142857142857143,1522.2900000000002,1.0,KXBILLS,0.9916666666666667,insufficient_continuing_family_coverage,requires_independent_poll_campaign_and_policy_evidence,1,1,True,Jobs and growth
jobs_growth,policy,14,15,3,3,1,1,3,-0.11002437647424523,0.39859251779486193,-0.10393224332167354,0.0,0.0,0.6428571428571429,2573.68,1.0,KXBILLS,0.9840637450199203,insufficient_continuing_family_coverage,requires_independent_poll_campaign_and_policy_evidence,1,1,True,Jobs and growth
taxes_fiscal,macro,7,29,2,2,2,3,3,-1.4281875470789251,0.008723288212362608,-0.5444593866759104,0.0,0.0,0.22619047619047616,12.75,0.6337254901960785,KXTRADEDEFICIT,0.9627659574468085,insufficient_continuing_family_coverage,requires_independent_poll_campaign_and_policy_evidence,1,1,True,Taxes and fiscal policy
taxes_fiscal,macro,14,29,2,2,2,3,3,0.03809081964866279,0.7105216239245135,,1.0,0.5,0.34615384615384615,3618.4999999999995,0.9977670305375156,KXDEFGDP,0.972993732333784,insufficient_continuing_family_coverage,requires_independent_poll_campaign_and_policy_evidence,1,2,True,Taxes and fiscal policy
taxes_fiscal,mention,7,56,16,9,1,2,3,0.08429797180987497,0.5348156383175837,,1.0,1.0,0.2857142857142857,18.04,1.0,KXFEDMENTION,0.9968354430379747,insufficient_continuing_family_coverage,requires_independent_poll_campaign_and_policy_evidence,1,1,True,Taxes and fiscal policy
taxes_fiscal,mention,14,56,16,9,0,0,3,,,,,,,,,,,insufficient_continuing_family_coverage,requires_independent_poll_campaign_and_policy_evidence,1,0,True,Taxes and fiscal policy
taxes_fiscal,policy,7,206,46,42,21,39,3,0.06054512070303148,0.5786395858338303,-0.1368558432214127,10.0,0.47619047619047616,0.37868480725623577,22854.079999999998,0.25512906229434745,KXGOVTCUTS,1.0,mixed_or_transient_marketplace_activity_rising,requires_independent_poll_campaign_and_policy_evidence,2,13,False,Taxes and fiscal policy
taxes_fiscal,policy,14,206,46,42,22,45,3,-0.23743271365527718,0.5396440349923398,-0.11004948509798246,9.0,0.4090909090909091,0.29778554778554783,89681.76,0.6754315481765746,KXSUSPENDGASTAX,0.9674916387959867,no_broad_marketplace_activity_increase,requires_independent_poll_campaign_and_policy_evidence,2,14,False,Taxes and fiscal policy
trade_tariffs,macro,7,28,1,1,1,2,3,-0.4227768906075295,0.015053989418983081,,0.0,0.0,0.2857142857142857,8.08,1.0,KXTRADEDEFICIT,0.925531914893617,insufficient_continuing_family_coverage,requires_independent_poll_campaign_and_policy_evidence,1,1,True,Trade and tariffs
trade_tariffs,macro,14,28,1,1,1,2,3,-0.7135503725497803,0.0081845991774883,,0.0,0.0,0.15384615384615385,8.08,1.0,KXTRADEDEFICIT,0.9556962025316456,insufficient_continuing_family_coverage,requires_independent_poll_campaign_and_policy_evidence,1,1,True,Trade and tariffs
trade_tariffs,mention,7,169,86,47,2,2,3,1.1158829084690352,1.8352286708113743,0.3868395769714896,2.0,1.0,0.5,2815.6500000000005,0.9610498463942606,KXSECPRESSMENTION,0.9521324863883847,insufficient_continuing_family_coverage,requires_independent_poll_campaign_and_policy_evidence,2,2,False,Trade and tariffs
trade_tariffs,mention,14,169,86,58,3,3,3,0.412575252619052,1.7207242076291234,,3.0,1.0,0.4102564102564103,508.54,0.5620010225351005,KXEARNINGSMENTIONCCL,0.7966101694915254,mixed_or_transient_marketplace_activity_rising,requires_independent_poll_campaign_and_policy_evidence,2,1,False,Trade and tariffs
trade_tariffs,policy,7,145,30,26,11,16,3,-0.08694669922157687,0.5600555311865494,-0.45071932438365553,4.0,0.36363636363636365,0.3311688311688312,13925.43,0.47998374197421545,KXTARIFFCHECKS,0.9846153846153847,no_broad_marketplace_activity_increase,requires_independent_poll_campaign_and_policy_evidence,2,8,False,Trade and tariffs
trade_tariffs,policy,14,145,30,26,16,25,3,-0.25244182198425275,0.4611280421198362,-0.18951269083618538,2.0,0.125,0.24971382783882784,33965.83,0.6315494130424606,KXTARIFFCHECKS,0.9291979949874687,no_broad_marketplace_activity_increase,requires_independent_poll_campaign_and_policy_evidence,1,11,True,Trade and tariffs
