series_ticker,recent_days,matched_recent_event_days,recent_distinct_events,independent_past_events,mean_recent_activity_per_contract,mean_lead_matched_past_activity,lead_matched_activity_ratio,status,limitation
KXAAAGASM,7,7,1,1,514.7226637362638,496.63510095430894,1.036420226333577,insufficient_independent_past_events_or_days,scheduled_expiration_lead_not_verified_release_time_or_causal_adjustment
KXBRENTMON,7,7,1,1,313.9929523809524,225.423,1.3929055703320086,insufficient_independent_past_events_or_days,scheduled_expiration_lead_not_verified_release_time_or_causal_adjustment
KXCPI,7,7,1,2,952.1672545787545,3675.3924523809524,0.2590654649578801,insufficient_independent_past_events_or_days,scheduled_expiration_lead_not_verified_release_time_or_causal_adjustment
KXCPICORE,7,7,1,2,134.47026927437642,190.5508571428571,0.7056922823158086,insufficient_independent_past_events_or_days,scheduled_expiration_lead_not_verified_release_time_or_causal_adjustment
KXCPICOREYOY,7,7,1,2,139.7682116692831,72.79173925479283,1.9201108958264153,insufficient_independent_past_events_or_days,scheduled_expiration_lead_not_verified_release_time_or_causal_adjustment
KXCPIYOY,7,7,1,2,2158.8058920323983,1849.73493822529,1.167089320431847,insufficient_independent_past_events_or_days,scheduled_expiration_lead_not_verified_release_time_or_causal_adjustment
KXECONSTATU3,7,9,2,1,100.26073200953634,299.38091618814275,0.334893530576707,insufficient_independent_past_events_or_days,scheduled_expiration_lead_not_verified_release_time_or_causal_adjustment
KXEHSALES,7,7,1,1,31.835017006802726,8.748044217687076,3.6391010624337805,insufficient_independent_past_events_or_days,scheduled_expiration_lead_not_verified_release_time_or_causal_adjustment
KXEXUSHOME,7,7,1,1,29.846488095238094,23.295283446712016,1.2812245089660301,insufficient_independent_past_events_or_days,scheduled_expiration_lead_not_verified_release_time_or_causal_adjustment
KXFED,7,7,1,1,12160.044435786433,13097.08987012987,0.928453920402537,insufficient_independent_past_events_or_days,scheduled_expiration_lead_not_verified_release_time_or_causal_adjustment
KXFEDCOMBO,7,7,1,1,941.4927142857142,419.4164285714286,2.2447683260584856,insufficient_independent_past_events_or_days,scheduled_expiration_lead_not_verified_release_time_or_causal_adjustment
KXFEDDECISION,7,7,1,1,339331.8111428571,250576.21257142856,1.3542060024796971,insufficient_independent_past_events_or_days,scheduled_expiration_lead_not_verified_release_time_or_causal_adjustment
KXFOMCDISSENTCOUNT,7,7,1,1,829.9529523809523,907.921,0.9141246346113288,insufficient_independent_past_events_or_days,scheduled_expiration_lead_not_verified_release_time_or_causal_adjustment
KXJOBLESSCLAIMS,7,7,2,8,172.7546883116883,249.00581168831172,0.6937777361113591,calendar_comparison_supported,scheduled_expiration_lead_not_verified_release_time_or_causal_adjustment
KXPAYROLLS,7,9,2,1,1530.2286842105264,3456.7354444444445,0.4426803001860791,insufficient_independent_past_events_or_days,scheduled_expiration_lead_not_verified_release_time_or_causal_adjustment
KXPCECORE,7,7,1,1,5.878571428571428,51.76857142857143,0.11355483194436779,insufficient_independent_past_events_or_days,scheduled_expiration_lead_not_verified_release_time_or_causal_adjustment
KXPOWERKWH,7,7,1,2,35.57238095238095,20.463849721706868,1.7383034686111787,insufficient_independent_past_events_or_days,scheduled_expiration_lead_not_verified_release_time_or_causal_adjustment
KXSHELTERCPI,7,7,1,2,34.34389610389611,0.1893877551020408,181.34169278996868,insufficient_independent_past_events_or_days,scheduled_expiration_lead_not_verified_release_time_or_causal_adjustment
KXU3,7,9,2,1,1928.100873015873,3746.1623809523817,0.5146869454510123,insufficient_independent_past_events_or_days,scheduled_expiration_lead_not_verified_release_time_or_causal_adjustment
KXUSGASCPI,7,7,1,2,71.16873939393939,229.01310137615653,0.3107627422461039,insufficient_independent_past_events_or_days,scheduled_expiration_lead_not_verified_release_time_or_causal_adjustment
KXAAAGASM,14,7,1,1,1970.5549424910637,3941.3127489177486,0.4999742644204425,insufficient_independent_past_events_or_days,scheduled_expiration_lead_not_verified_release_time_or_causal_adjustment
KXBRENTMON,14,7,1,1,644.9428571428572,1842.078470600414,0.35011692902129304,insufficient_independent_past_events_or_days,scheduled_expiration_lead_not_verified_release_time_or_causal_adjustment
KXCPI,14,14,1,2,1320.11575418629,2500.4466150793655,0.5279519851474168,insufficient_independent_past_events_or_days,scheduled_expiration_lead_not_verified_release_time_or_causal_adjustment
KXCPICORE,14,14,1,2,72.19307709750566,174.91638816738813,0.41272906360506206,insufficient_independent_past_events_or_days,scheduled_expiration_lead_not_verified_release_time_or_causal_adjustment
KXCPICOREYOY,14,14,1,2,78.1321727677085,109.23188083642549,0.7152872601792077,insufficient_independent_past_events_or_days,scheduled_expiration_lead_not_verified_release_time_or_causal_adjustment
KXCPIYOY,14,14,1,2,1755.123833094398,1598.6007780195412,1.0979125352789885,insufficient_independent_past_events_or_days,scheduled_expiration_lead_not_verified_release_time_or_causal_adjustment
KXECONSTATU3,14,16,2,1,92.85867474237719,312.4691445459932,0.2971771016856644,insufficient_independent_past_events_or_days,scheduled_expiration_lead_not_verified_release_time_or_causal_adjustment
KXEHSALES,14,14,1,1,32.67197278911565,8.592606292517008,3.802335598404933,insufficient_independent_past_events_or_days,scheduled_expiration_lead_not_verified_release_time_or_causal_adjustment
KXEXUSHOME,14,14,1,1,17.22625992063492,21.989108560090706,0.7833996486742463,insufficient_independent_past_events_or_days,scheduled_expiration_lead_not_verified_release_time_or_causal_adjustment
KXFED,14,12,1,1,8399.394823653198,10676.34509911616,0.7867294233818407,insufficient_independent_past_events_or_days,scheduled_expiration_lead_not_verified_release_time_or_causal_adjustment
KXFEDCOMBO,14,12,1,1,810.7433194444446,373.1474305555555,2.1727158036097967,insufficient_independent_past_events_or_days,scheduled_expiration_lead_not_verified_release_time_or_causal_adjustment
KXFEDDECISION,14,12,1,1,372510.001,209040.49016666666,1.7819992705862875,insufficient_independent_past_events_or_days,scheduled_expiration_lead_not_verified_release_time_or_causal_adjustment
KXFOMCDISSENTCOUNT,14,12,1,1,1029.5245833333333,588.6004166666668,1.7491061069302105,insufficient_independent_past_events_or_days,scheduled_expiration_lead_not_verified_release_time_or_causal_adjustment
KXJOBLESSCLAIMS,14,15,3,7,165.37552255892254,274.23912289562287,0.6030340267018193,calendar_comparison_supported,scheduled_expiration_lead_not_verified_release_time_or_causal_adjustment
KXNHSALES,14,1,1,1,155.8775,912.62,0.17080219587561088,insufficient_independent_past_events_or_days,scheduled_expiration_lead_not_verified_release_time_or_causal_adjustment
KXPAYROLLS,14,16,2,1,1145.1031692813765,2485.229264423077,0.4607635946002759,insufficient_independent_past_events_or_days,scheduled_expiration_lead_not_verified_release_time_or_causal_adjustment
KXPCECORE,14,2,1,1,2076.389,1730.2232500000002,1.2000699909679284,insufficient_independent_past_events_or_days,scheduled_expiration_lead_not_verified_release_time_or_causal_adjustment
KXPOWERKWH,14,14,1,2,35.27958333333333,20.070480983302414,1.757784647148421,insufficient_independent_past_events_or_days,scheduled_expiration_lead_not_verified_release_time_or_causal_adjustment
KXSHELTERCPI,14,14,1,2,22.086138861138863,0.2261904761904762,97.64398233345602,insufficient_independent_past_events_or_days,scheduled_expiration_lead_not_verified_release_time_or_causal_adjustment
KXU3,14,16,2,1,1473.9002005494508,2879.764998647186,0.5118126657007909,insufficient_independent_past_events_or_days,scheduled_expiration_lead_not_verified_release_time_or_causal_adjustment
KXUSGASCPI,14,14,1,2,74.3559928062134,234.2637336047232,0.31740291876196,insufficient_independent_past_events_or_days,scheduled_expiration_lead_not_verified_release_time_or_causal_adjustment
KXWTIMAX,14,7,1,1,212.69266666666667,1317.1434133089133,0.16148026442492125,insufficient_independent_past_events_or_days,scheduled_expiration_lead_not_verified_release_time_or_causal_adjustment
KXWTIMIN,14,7,1,1,41.475288904078376,103.97305612244897,0.39890420125030246,insufficient_independent_past_events_or_days,scheduled_expiration_lead_not_verified_release_time_or_causal_adjustment
