issue_id,channel,baseline_day,latest_day,endpoint_max_age_days,metadata_contracts,prior_observed_contracts,latest_observed_contracts,continuing_contracts,entry_contracts,exit_contracts,no_fresh_oi_at_either_endpoint,prior_oi,latest_oi,observed_panel_oi_change,continuing_oi_change,entry_oi,exit_oi,entry_oi_new_listing,entry_oi_old_or_unknown_creation,exit_oi_settlement_corroborated,exit_oi_without_settlement_evidence,identity_residual,continuing_oi_pct_change,interpretation,issue_label
affordability_inflation,macro,2026-08-24,2026-09-07,2,593,222,214,180,34,42,337,280297.73,774933.77,494636.04000000004,525608.68,8575.35,39547.99,0.0,8575.35,22205.57,17342.42,0.0,218.32159818739578,outstanding_contracts_not_net_directional_positions_or_cash_inflows,Affordability and inflation
affordability_inflation,mention,2026-08-24,2026-09-07,2,283,18,9,3,6,15,259,72836.39000000001,15918.01,-56918.38000000001,1605.9899999999998,12984.800000000001,71509.17000000001,12984.800000000001,0.0,36904.11,34605.06,0.0,121.00405358569037,outstanding_contracts_not_net_directional_positions_or_cash_inflows,Affordability and inflation
affordability_inflation,policy,2026-08-24,2026-09-07,2,13,8,12,8,4,0,1,7447.950000000001,16767.94,9319.989999999998,5107.429999999999,4212.56,0.0,4212.56,0.0,0.0,0.0,-1.8189894035458565e-12,68.5749770070959,outstanding_contracts_not_net_directional_positions_or_cash_inflows,Affordability and inflation
ai_jobs_regulation,mention,2026-08-24,2026-09-07,2,325,23,22,4,18,19,284,81149.24,30982.58,-50166.66,1655.99,24677.820000000003,76500.46999999999,24677.820000000003,0.0,61374.72,15125.75,-2.1827872842550278e-11,35.62211079489844,outstanding_contracts_not_net_directional_positions_or_cash_inflows,"AI, jobs and regulation"
ai_jobs_regulation,policy,2026-08-24,2026-09-07,2,26,20,19,15,4,5,2,106386.68000000001,103742.29,-2644.390000000014,3962.9399999999987,1096.0,7703.33,1096.0,0.0,7371.0,332.33,-1.2732925824820995e-11,4.015814217899979,outstanding_contracts_not_net_directional_positions_or_cash_inflows,"AI, jobs and regulation"
electoral_context,election,2026-08-24,2026-09-07,2,1228,1160,1098,1073,25,87,43,53655014.949999996,63828767.77000001,10173752.820000015,10244166.439999998,49924.67,120338.29,1884.26,48040.41,0.0,120338.29,1.6763806343078613e-08,19.135571706281038,outstanding_contracts_not_net_directional_positions_or_cash_inflows,Election outcomes and control
electricity_datacenters,macro,2026-08-24,2026-09-07,2,61,30,26,19,7,11,24,62004.41,186891.81,124887.4,130791.11,2334.1099999999997,8237.82,2334.1099999999997,0.0,7228.820000000001,1009.0,0.0,243.25721605182702,outstanding_contracts_not_net_directional_positions_or_cash_inflows,Electricity and data centers
electricity_datacenters,mention,2026-08-24,2026-09-07,2,43,3,0,0,0,3,40,5459.9400000000005,0.0,-5459.9400000000005,0.0,0.0,5459.9400000000005,0.0,0.0,5459.9400000000005,0.0,0.0,,outstanding_contracts_not_net_directional_positions_or_cash_inflows,Electricity and data centers
electricity_datacenters,policy,2026-08-24,2026-09-07,2,15,13,11,10,1,3,1,20581.48,25499.239999999998,4917.759999999998,9581.46,1655.61,6319.3099999999995,0.0,1655.61,4141.36,2177.9500000000003,-1.8189894035458565e-12,67.18094090871163,outstanding_contracts_not_net_directional_positions_or_cash_inflows,Electricity and data centers
energy_iran,macro,2026-08-24,2026-09-07,2,541,135,153,57,96,78,310,3651937.93,3519793.0299999993,-132144.90000000084,197074.01999999996,118619.23,447838.15,112135.64,6483.590000000001,447838.15,0.0,-7.566995918750763e-10,6.150682985284559,outstanding_contracts_not_net_directional_positions_or_cash_inflows,Energy and Iran
energy_iran,mention,2026-08-24,2026-09-07,2,497,26,20,8,12,18,459,107863.89,62269.969999999994,-45593.920000000006,15496.65,42319.329999999994,103409.90000000001,42319.329999999994,0.0,52718.97,50690.93,7.275957614183426e-12,347.9273640039605,outstanding_contracts_not_net_directional_positions_or_cash_inflows,Energy and Iran
energy_iran,policy,2026-08-24,2026-09-07,2,400,99,111,46,65,53,236,8036789.67,6372750.530000001,-1664039.1399999987,664084.5300000001,93544.35,2421668.02,93544.35,0.0,2408704.8099999996,12963.210000000001,1.1641532182693481e-09,11.826716701676448,outstanding_contracts_not_net_directional_positions_or_cash_inflows,Energy and Iran
fed_rates,macro,2026-08-24,2026-09-07,2,347,230,198,192,6,38,111,17762761.759999998,34882310.76,17119549.0,19308160.419999998,29847.72,2218459.14,0.0,29847.72,0.0,2218459.14,3.725290298461914e-09,124.21374501006723,outstanding_contracts_not_net_directional_positions_or_cash_inflows,Fed and interest rates
fed_rates,mention,2026-08-24,2026-09-07,2,9,0,0,0,0,0,9,0.0,0.0,0.0,0.0,0.0,0.0,0.0,0.0,0.0,0.0,0.0,,outstanding_contracts_not_net_directional_positions_or_cash_inflows,Fed and interest rates
fed_rates,policy,2026-08-24,2026-09-07,2,55,39,25,22,3,17,13,275622.24,251500.7,-24121.53999999998,5168.729999999998,25727.94,55018.21000000001,0.0,25727.94,20407.989999999998,34610.22,2.9103830456733704e-11,2.3429898356797914,outstanding_contracts_not_net_directional_positions_or_cash_inflows,Fed and interest rates
healthcare,mention,2026-08-24,2026-09-07,2,80,1,0,0,0,1,79,4882.63,0.0,-4882.63,0.0,0.0,4882.63,0.0,0.0,0.0,4882.63,0.0,,outstanding_contracts_not_net_directional_positions_or_cash_inflows,Health care
healthcare,policy,2026-08-24,2026-09-07,2,15,11,10,9,1,2,3,48861.469999999994,50073.83,1212.3600000000079,-134.69000000000068,1582.0,234.95,1582.0,0.0,0.0,234.95,8.640199666842818e-12,-0.27698877073662825,outstanding_contracts_not_net_directional_positions_or_cash_inflows,Health care
housing,macro,2026-08-24,2026-09-07,2,126,41,37,18,19,23,66,29105.85,28398.910000000003,-706.939999999995,2292.9800000000005,2178.46,5178.379999999999,353.8,1824.66,3274.3700000000003,1904.01,3.637978807091713e-12,9.58304409116384,outstanding_contracts_not_net_directional_positions_or_cash_inflows,Housing
housing,mention,2026-08-24,2026-09-07,2,13,1,0,0,0,1,12,1173.31,0.0,-1173.31,0.0,0.0,1173.31,0.0,0.0,1173.31,0.0,0.0,,outstanding_contracts_not_net_directional_positions_or_cash_inflows,Housing
housing,policy,2026-08-24,2026-09-07,2,34,22,17,16,1,6,11,41372.270000000004,75594.85,34222.58,13218.350000000002,21004.23,0.0,0.0,21004.23,0.0,0.0,0.0,31.94978182246225,outstanding_contracts_not_net_directional_positions_or_cash_inflows,Housing
immigration,mention,2026-08-24,2026-09-07,2,133,5,3,2,1,3,127,12833.08,2794.57,-10038.51,895.8,1.36,10935.67,1.36,0.0,7247.52,3688.15,0.0,47.21172545733394,outstanding_contracts_not_net_directional_positions_or_cash_inflows,Immigration
immigration,policy,2026-08-24,2026-09-07,2,42,26,20,20,0,6,16,116773.62,112114.62,-4659.0,8298.7,0.0,12957.7,0.0,0.0,0.0,12957.7,0.0,7.993668023170243,outstanding_contracts_not_net_directional_positions_or_cash_inflows,Immigration
jobs_growth,macro,2026-08-24,2026-09-07,2,650,261,223,128,95,133,294,1830985.48,1543656.4,-287329.0800000001,90746.02000000008,26459.51,404534.61,13974.46,12485.05,263749.75,140784.86000000002,-1.7462298274040222e-10,6.361664597673812,outstanding_contracts_not_net_directional_positions_or_cash_inflows,Jobs and growth
jobs_growth,mention,2026-08-24,2026-09-07,2,30,5,5,5,0,0,25,4283.33,10282.47,5999.139999999999,5999.139999999999,0.0,0.0,0.0,0.0,0.0,0.0,0.0,140.05785218509897,outstanding_contracts_not_net_directional_positions_or_cash_inflows,Jobs and growth
jobs_growth,policy,2026-08-24,2026-09-07,2,15,5,10,3,7,2,3,13289.48,17294.010000000002,4004.5300000000025,954.4900000000008,3050.040000000001,0.0,3050.040000000001,0.0,0.0,0.0,9.094947017729282e-13,7.182297576729871,outstanding_contracts_not_net_directional_positions_or_cash_inflows,Jobs and growth
taxes_fiscal,macro,2026-08-24,2026-09-07,2,29,3,3,3,0,0,26,24318.53,25502.4,1183.8700000000026,1183.8700000000008,0.0,0.0,0.0,0.0,0.0,0.0,1.8189894035458565e-12,4.86818076586044,outstanding_contracts_not_net_directional_positions_or_cash_inflows,Taxes and fiscal policy
taxes_fiscal,mention,2026-08-24,2026-09-07,2,56,5,4,2,2,3,49,16994.239999999998,745.06,-16249.179999999998,14.899999999999991,603.97,16868.05,603.97,0.0,4448.91,12419.14,0.0,11.807591726761228,outstanding_contracts_not_net_directional_positions_or_cash_inflows,Taxes and fiscal policy
taxes_fiscal,policy,2026-08-24,2026-09-07,2,206,148,119,103,16,45,42,603002.0800000001,684420.1599999999,81418.07999999984,89288.09000000001,20086.71,27956.719999999998,7673.560000000001,12413.15,18857.9,9098.820000000002,-1.7462298274040222e-10,15.52713858955405,outstanding_contracts_not_net_directional_positions_or_cash_inflows,Taxes and fiscal policy
trade_tariffs,macro,2026-08-24,2026-09-07,2,28,2,2,2,0,0,26,3230.83,3224.91,-5.920000000000073,-5.920000000000073,0.0,0.0,0.0,0.0,0.0,0.0,0.0,-0.18323464868161038,outstanding_contracts_not_net_directional_positions_or_cash_inflows,Trade and tariffs
trade_tariffs,mention,2026-08-24,2026-09-07,2,169,14,12,6,6,8,149,37819.41,23721.489999999998,-14097.920000000006,3396.0600000000004,17659.679999999997,35153.66,17659.679999999997,0.0,22277.14,12876.52,0.0,127.39604238957143,outstanding_contracts_not_net_directional_positions_or_cash_inflows,Trade and tariffs
trade_tariffs,policy,2026-08-24,2026-09-07,2,145,65,37,33,4,32,76,504759.34,506375.01999999996,1615.6799999999348,9411.519999999975,3008.55,10804.39,887.63,2120.92,5695.799999999999,5108.589999999999,-4.001776687800884e-11,1.9053397480883578,outstanding_contracts_not_net_directional_positions_or_cash_inflows,Trade and tariffs
