issue_id,channel,week_start_utc,observed_days,newly_listed_events,volume_observed_contracts,last_observed_day,oi_at_last_observed_day,interpretation
affordability_inflation,macro,2026-07-06,5,0,587880.3300000001,2026-07-12,1723104.97,OI_stock_not_summed_across_days; partial_weeks_and_changing_coverage
affordability_inflation,macro,2026-07-13,7,2,931056.49,2026-07-19,469842.2,OI_stock_not_summed_across_days; partial_weeks_and_changing_coverage
affordability_inflation,macro,2026-07-20,7,0,455752.45,2026-07-26,703198.3099999999,OI_stock_not_summed_across_days; partial_weeks_and_changing_coverage
affordability_inflation,macro,2026-07-27,7,2,399412.36,2026-08-02,922958.58,OI_stock_not_summed_across_days; partial_weeks_and_changing_coverage
affordability_inflation,macro,2026-08-03,7,0,516372.77,2026-08-09,1156444.86,OI_stock_not_summed_across_days; partial_weeks_and_changing_coverage
affordability_inflation,macro,2026-08-10,7,1,1162551.66,2026-08-16,124994.62,OI_stock_not_summed_across_days; partial_weeks_and_changing_coverage
affordability_inflation,macro,2026-08-17,7,0,244912.31,2026-08-23,251352.15,OI_stock_not_summed_across_days; partial_weeks_and_changing_coverage
affordability_inflation,macro,2026-08-24,7,1,311644.51,2026-08-30,325635.01,OI_stock_not_summed_across_days; partial_weeks_and_changing_coverage
affordability_inflation,macro,2026-08-31,7,0,465252.55,2026-09-06,686380.75,OI_stock_not_summed_across_days; partial_weeks_and_changing_coverage
affordability_inflation,macro,2026-09-07,1,0,85136.61,2026-09-07,741119.82,OI_stock_not_summed_across_days; partial_weeks_and_changing_coverage
affordability_inflation,mention,2026-07-06,5,5,22277.45,2026-07-12,6716.8,OI_stock_not_summed_across_days; partial_weeks_and_changing_coverage
affordability_inflation,mention,2026-07-13,7,17,155700.21,2026-07-19,10879.09,OI_stock_not_summed_across_days; partial_weeks_and_changing_coverage
affordability_inflation,mention,2026-07-20,7,27,346153.8,2026-07-26,11696.41,OI_stock_not_summed_across_days; partial_weeks_and_changing_coverage
affordability_inflation,mention,2026-07-27,7,17,348339.05,2026-08-02,14383.19,OI_stock_not_summed_across_days; partial_weeks_and_changing_coverage
affordability_inflation,mention,2026-08-03,7,18,312935.8,2026-08-09,17393.92,OI_stock_not_summed_across_days; partial_weeks_and_changing_coverage
affordability_inflation,mention,2026-08-10,7,13,242019.59,2026-08-16,7398.99,OI_stock_not_summed_across_days; partial_weeks_and_changing_coverage
affordability_inflation,mention,2026-08-17,7,11,145301.19,2026-08-23,9121.880000000001,OI_stock_not_summed_across_days; partial_weeks_and_changing_coverage
affordability_inflation,mention,2026-08-24,7,20,162503.51,2026-08-30,14603.92,OI_stock_not_summed_across_days; partial_weeks_and_changing_coverage
affordability_inflation,mention,2026-08-31,7,9,100751.23,2026-09-06,8431.6,OI_stock_not_summed_across_days; partial_weeks_and_changing_coverage
affordability_inflation,mention,2026-09-07,1,0,9446.16,2026-09-07,15918.01,OI_stock_not_summed_across_days; partial_weeks_and_changing_coverage
affordability_inflation,policy,2026-07-06,5,0,29330.8,2026-07-12,95730.73000000001,OI_stock_not_summed_across_days; partial_weeks_and_changing_coverage
affordability_inflation,policy,2026-07-13,7,0,347.88,2026-07-19,7225.6,OI_stock_not_summed_across_days; partial_weeks_and_changing_coverage
affordability_inflation,policy,2026-07-20,7,0,15.39,2026-07-26,7430.6,OI_stock_not_summed_across_days; partial_weeks_and_changing_coverage
affordability_inflation,policy,2026-07-27,7,1,649.1,2026-08-02,7389.49,OI_stock_not_summed_across_days; partial_weeks_and_changing_coverage
affordability_inflation,policy,2026-08-03,7,0,702.4100000000001,2026-08-09,7238.98,OI_stock_not_summed_across_days; partial_weeks_and_changing_coverage
affordability_inflation,policy,2026-08-10,7,0,1312.8100000000002,2026-08-16,7341.25,OI_stock_not_summed_across_days; partial_weeks_and_changing_coverage
affordability_inflation,policy,2026-08-17,7,1,274.58,2026-08-23,7447.950000000001,OI_stock_not_summed_across_days; partial_weeks_and_changing_coverage
affordability_inflation,policy,2026-08-24,7,0,167.83,2026-08-30,7424.96,OI_stock_not_summed_across_days; partial_weeks_and_changing_coverage
affordability_inflation,policy,2026-08-31,7,2,17417.09,2026-09-06,14417.81,OI_stock_not_summed_across_days; partial_weeks_and_changing_coverage
affordability_inflation,policy,2026-09-07,1,0,4052.63,2026-09-07,16556.34,OI_stock_not_summed_across_days; partial_weeks_and_changing_coverage
ai_jobs_regulation,mention,2026-07-06,5,5,133773.15,2026-07-12,36921.01,OI_stock_not_summed_across_days; partial_weeks_and_changing_coverage
ai_jobs_regulation,mention,2026-07-13,7,31,301543.28,2026-07-19,14486.68,OI_stock_not_summed_across_days; partial_weeks_and_changing_coverage
ai_jobs_regulation,mention,2026-07-20,7,44,643437.7,2026-07-26,46822.86,OI_stock_not_summed_across_days; partial_weeks_and_changing_coverage
ai_jobs_regulation,mention,2026-07-27,7,21,597831.98,2026-08-02,42204.3,OI_stock_not_summed_across_days; partial_weeks_and_changing_coverage
ai_jobs_regulation,mention,2026-08-03,7,21,335088.27,2026-08-09,26914.41,OI_stock_not_summed_across_days; partial_weeks_and_changing_coverage
ai_jobs_regulation,mention,2026-08-10,7,17,210391.49,2026-08-16,16964.02,OI_stock_not_summed_across_days; partial_weeks_and_changing_coverage
ai_jobs_regulation,mention,2026-08-17,7,13,177547.4,2026-08-23,20615.38,OI_stock_not_summed_across_days; partial_weeks_and_changing_coverage
ai_jobs_regulation,mention,2026-08-24,7,26,165752.63,2026-08-30,23158.18,OI_stock_not_summed_across_days; partial_weeks_and_changing_coverage
ai_jobs_regulation,mention,2026-08-31,7,10,138727.6,2026-09-06,24138.899999999998,OI_stock_not_summed_across_days; partial_weeks_and_changing_coverage
ai_jobs_regulation,mention,2026-09-07,1,0,6973.37,2026-09-07,30982.58,OI_stock_not_summed_across_days; partial_weeks_and_changing_coverage
ai_jobs_regulation,policy,2026-07-06,5,1,2502.31,2026-07-12,88336.42,OI_stock_not_summed_across_days; partial_weeks_and_changing_coverage
ai_jobs_regulation,policy,2026-07-13,7,0,5116.74,2026-07-19,90894.51,OI_stock_not_summed_across_days; partial_weeks_and_changing_coverage
ai_jobs_regulation,policy,2026-07-20,7,0,9268.38,2026-07-26,96718.65000000001,OI_stock_not_summed_across_days; partial_weeks_and_changing_coverage
ai_jobs_regulation,policy,2026-07-27,7,1,12035.41,2026-08-02,98195.77,OI_stock_not_summed_across_days; partial_weeks_and_changing_coverage
ai_jobs_regulation,policy,2026-08-03,7,0,14003.48,2026-08-09,98088.19,OI_stock_not_summed_across_days; partial_weeks_and_changing_coverage
ai_jobs_regulation,policy,2026-08-10,7,0,3821.4,2026-08-16,103583.72,OI_stock_not_summed_across_days; partial_weeks_and_changing_coverage
ai_jobs_regulation,policy,2026-08-17,7,1,2543.22,2026-08-23,106141.69,OI_stock_not_summed_across_days; partial_weeks_and_changing_coverage
ai_jobs_regulation,policy,2026-08-24,7,1,11499.96,2026-08-30,102079.78,OI_stock_not_summed_across_days; partial_weeks_and_changing_coverage
ai_jobs_regulation,policy,2026-08-31,7,2,7789.08,2026-09-06,80825.6,OI_stock_not_summed_across_days; partial_weeks_and_changing_coverage
ai_jobs_regulation,policy,2026-09-07,1,0,686.48,2026-09-07,99030.46,OI_stock_not_summed_across_days; partial_weeks_and_changing_coverage
electricity_datacenters,macro,2026-07-06,5,0,5883.43,2026-07-12,4969.75,OI_stock_not_summed_across_days; partial_weeks_and_changing_coverage
electricity_datacenters,macro,2026-07-13,7,1,18024.65,2026-07-19,2645.9900000000002,OI_stock_not_summed_across_days; partial_weeks_and_changing_coverage
electricity_datacenters,macro,2026-07-20,7,0,509.29999999999995,2026-07-26,674.6800000000001,OI_stock_not_summed_across_days; partial_weeks_and_changing_coverage
electricity_datacenters,macro,2026-07-27,7,0,719.94,2026-08-02,3317.5,OI_stock_not_summed_across_days; partial_weeks_and_changing_coverage
electricity_datacenters,macro,2026-08-03,7,0,808.72,2026-08-09,2973.27,OI_stock_not_summed_across_days; partial_weeks_and_changing_coverage
electricity_datacenters,macro,2026-08-10,7,2,9596.99,2026-08-16,9385.28,OI_stock_not_summed_across_days; partial_weeks_and_changing_coverage
electricity_datacenters,macro,2026-08-17,7,1,78526.33,2026-08-23,50516.4,OI_stock_not_summed_across_days; partial_weeks_and_changing_coverage
electricity_datacenters,macro,2026-08-24,7,0,77624.11,2026-08-30,62007.979999999996,OI_stock_not_summed_across_days; partial_weeks_and_changing_coverage
electricity_datacenters,macro,2026-08-31,7,1,198024.27,2026-09-06,154133.19,OI_stock_not_summed_across_days; partial_weeks_and_changing_coverage
electricity_datacenters,macro,2026-09-07,1,0,46160.45,2026-09-07,186194.44,OI_stock_not_summed_across_days; partial_weeks_and_changing_coverage
electricity_datacenters,mention,2026-07-06,5,1,21315.27,2026-07-12,1066.22,OI_stock_not_summed_across_days; partial_weeks_and_changing_coverage
electricity_datacenters,mention,2026-07-13,7,3,4588.7,2026-07-19,1822.6100000000001,OI_stock_not_summed_across_days; partial_weeks_and_changing_coverage
electricity_datacenters,mention,2026-07-20,7,7,90873.48999999999,2026-07-26,2655.52,OI_stock_not_summed_across_days; partial_weeks_and_changing_coverage
electricity_datacenters,mention,2026-07-27,7,7,35092.04,2026-08-02,3605.0,OI_stock_not_summed_across_days; partial_weeks_and_changing_coverage
electricity_datacenters,mention,2026-08-03,7,2,92342.12,2026-08-09,409.15,OI_stock_not_summed_across_days; partial_weeks_and_changing_coverage
electricity_datacenters,mention,2026-08-10,7,0,1165.21,2026-08-16,1573.36,OI_stock_not_summed_across_days; partial_weeks_and_changing_coverage
electricity_datacenters,mention,2026-08-17,7,2,8990.619999999999,2026-08-23,3256.08,OI_stock_not_summed_across_days; partial_weeks_and_changing_coverage
electricity_datacenters,mention,2026-08-24,7,2,32404.95,2026-08-30,3486.42,OI_stock_not_summed_across_days; partial_weeks_and_changing_coverage
electricity_datacenters,mention,2026-08-31,3,0,5466.200000000001,2026-09-02,4611.51,OI_stock_not_summed_across_days; partial_weeks_and_changing_coverage
electricity_datacenters,policy,2026-07-06,5,0,2617.34,2026-07-12,11927.64,OI_stock_not_summed_across_days; partial_weeks_and_changing_coverage
electricity_datacenters,policy,2026-07-13,7,1,7512.53,2026-07-19,11803.3,OI_stock_not_summed_across_days; partial_weeks_and_changing_coverage
electricity_datacenters,policy,2026-07-20,7,2,19184.73,2026-07-26,17409.55,OI_stock_not_summed_across_days; partial_weeks_and_changing_coverage
electricity_datacenters,policy,2026-07-27,7,0,5221.17,2026-08-02,14868.8,OI_stock_not_summed_across_days; partial_weeks_and_changing_coverage
electricity_datacenters,policy,2026-08-03,7,1,2519.66,2026-08-09,14131.75,OI_stock_not_summed_across_days; partial_weeks_and_changing_coverage
electricity_datacenters,policy,2026-08-10,7,0,322.59000000000003,2026-08-16,9508.04,OI_stock_not_summed_across_days; partial_weeks_and_changing_coverage
electricity_datacenters,policy,2026-08-17,7,5,13987.41,2026-08-23,17674.03,OI_stock_not_summed_across_days; partial_weeks_and_changing_coverage
electricity_datacenters,policy,2026-08-24,7,0,11428.72,2026-08-30,18915.65,OI_stock_not_summed_across_days; partial_weeks_and_changing_coverage
electricity_datacenters,policy,2026-08-31,7,0,7712.679999999999,2026-09-06,25503.399999999998,OI_stock_not_summed_across_days; partial_weeks_and_changing_coverage
electricity_datacenters,policy,2026-09-07,1,0,10.0,2026-09-07,25499.239999999998,OI_stock_not_summed_across_days; partial_weeks_and_changing_coverage
energy_iran,macro,2026-07-06,5,0,281349.9,2026-07-12,2490003.15,OI_stock_not_summed_across_days; partial_weeks_and_changing_coverage
energy_iran,macro,2026-07-13,7,1,836089.64,2026-07-19,2877156.92,OI_stock_not_summed_across_days; partial_weeks_and_changing_coverage
energy_iran,macro,2026-07-20,7,0,1187276.33,2026-07-26,3353969.0,OI_stock_not_summed_across_days; partial_weeks_and_changing_coverage
energy_iran,macro,2026-07-27,7,1,1256570.36,2026-08-02,2769055.66,OI_stock_not_summed_across_days; partial_weeks_and_changing_coverage
energy_iran,macro,2026-08-03,7,2,664611.41,2026-08-09,3078563.4899999998,OI_stock_not_summed_across_days; partial_weeks_and_changing_coverage
energy_iran,macro,2026-08-10,7,0,576848.6,2026-08-16,3303494.14,OI_stock_not_summed_across_days; partial_weeks_and_changing_coverage
energy_iran,macro,2026-08-17,7,0,522858.54,2026-08-23,3524097.7199999997,OI_stock_not_summed_across_days; partial_weeks_and_changing_coverage
energy_iran,macro,2026-08-24,7,0,802653.3,2026-08-30,4069786.21,OI_stock_not_summed_across_days; partial_weeks_and_changing_coverage
energy_iran,macro,2026-08-31,7,3,405555.19,2026-09-06,3498680.56,OI_stock_not_summed_across_days; partial_weeks_and_changing_coverage
energy_iran,macro,2026-09-07,1,0,46301.94,2026-09-07,3518848.77,OI_stock_not_summed_across_days; partial_weeks_and_changing_coverage
energy_iran,mention,2026-07-06,5,2,190711.01,2026-07-12,33175.69,OI_stock_not_summed_across_days; partial_weeks_and_changing_coverage
energy_iran,mention,2026-07-13,7,24,1353573.66,2026-07-19,31976.88,OI_stock_not_summed_across_days; partial_weeks_and_changing_coverage
energy_iran,mention,2026-07-20,7,35,799965.35,2026-07-26,60453.03,OI_stock_not_summed_across_days; partial_weeks_and_changing_coverage
energy_iran,mention,2026-07-27,7,20,795045.66,2026-08-02,37609.11,OI_stock_not_summed_across_days; partial_weeks_and_changing_coverage
energy_iran,mention,2026-08-03,7,15,447198.25,2026-08-09,28268.72,OI_stock_not_summed_across_days; partial_weeks_and_changing_coverage
energy_iran,mention,2026-08-10,7,13,333919.13,2026-08-16,16742.760000000002,OI_stock_not_summed_across_days; partial_weeks_and_changing_coverage
energy_iran,mention,2026-08-17,7,11,238451.57,2026-08-23,22237.64,OI_stock_not_summed_across_days; partial_weeks_and_changing_coverage
energy_iran,mention,2026-08-24,7,16,204973.37,2026-08-30,47427.81,OI_stock_not_summed_across_days; partial_weeks_and_changing_coverage
energy_iran,mention,2026-08-31,7,8,194850.66,2026-09-06,53988.49,OI_stock_not_summed_across_days; partial_weeks_and_changing_coverage
energy_iran,mention,2026-09-07,1,1,10382.52,2026-09-07,61718.7,OI_stock_not_summed_across_days; partial_weeks_and_changing_coverage
energy_iran,policy,2026-07-06,5,3,1939036.69,2026-07-12,7977693.73,OI_stock_not_summed_across_days; partial_weeks_and_changing_coverage
energy_iran,policy,2026-07-13,7,4,2069490.12,2026-07-19,8311903.01,OI_stock_not_summed_across_days; partial_weeks_and_changing_coverage
energy_iran,policy,2026-07-20,7,3,2071601.59,2026-07-26,8352624.36,OI_stock_not_summed_across_days; partial_weeks_and_changing_coverage
energy_iran,policy,2026-07-27,7,3,2385251.2,2026-08-02,8258182.88,OI_stock_not_summed_across_days; partial_weeks_and_changing_coverage
energy_iran,policy,2026-08-03,7,4,2829864.96,2026-08-09,8355494.64,OI_stock_not_summed_across_days; partial_weeks_and_changing_coverage
energy_iran,policy,2026-08-10,7,3,1814459.31,2026-08-16,8417005.84,OI_stock_not_summed_across_days; partial_weeks_and_changing_coverage
energy_iran,policy,2026-08-17,7,3,1269885.3800000001,2026-08-23,7995695.76,OI_stock_not_summed_across_days; partial_weeks_and_changing_coverage
energy_iran,policy,2026-08-24,7,5,1586714.19,2026-08-30,8437147.84,OI_stock_not_summed_across_days; partial_weeks_and_changing_coverage
energy_iran,policy,2026-08-31,7,7,934749.41,2026-09-06,6337608.24,OI_stock_not_summed_across_days; partial_weeks_and_changing_coverage
energy_iran,policy,2026-09-07,1,0,154672.95,2026-09-07,6344518.61,OI_stock_not_summed_across_days; partial_weeks_and_changing_coverage
fed_rates,macro,2026-07-06,5,0,3835826.4000000004,2026-07-12,17016047.23,OI_stock_not_summed_across_days; partial_weeks_and_changing_coverage
fed_rates,macro,2026-07-13,7,0,11939472.530000001,2026-07-19,24405859.53,OI_stock_not_summed_across_days; partial_weeks_and_changing_coverage
fed_rates,macro,2026-07-20,7,0,14546919.12,2026-07-26,34707101.17,OI_stock_not_summed_across_days; partial_weeks_and_changing_coverage
fed_rates,macro,2026-07-27,7,4,29902265.33,2026-08-02,7906257.31,OI_stock_not_summed_across_days; partial_weeks_and_changing_coverage
fed_rates,macro,2026-08-03,7,0,3165050.33,2026-08-09,8118430.87,OI_stock_not_summed_across_days; partial_weeks_and_changing_coverage
fed_rates,macro,2026-08-10,7,0,5751203.64,2026-08-16,14302269.17,OI_stock_not_summed_across_days; partial_weeks_and_changing_coverage
fed_rates,macro,2026-08-17,7,0,3909668.26,2026-08-23,15866308.47,OI_stock_not_summed_across_days; partial_weeks_and_changing_coverage
fed_rates,macro,2026-08-24,7,0,11894236.42,2026-08-30,26679246.45,OI_stock_not_summed_across_days; partial_weeks_and_changing_coverage
fed_rates,macro,2026-08-31,7,0,15792547.89,2026-09-06,34429494.05,OI_stock_not_summed_across_days; partial_weeks_and_changing_coverage
fed_rates,macro,2026-09-07,1,0,727869.54,2026-09-07,34564072.07,OI_stock_not_summed_across_days; partial_weeks_and_changing_coverage
fed_rates,mention,2026-07-06,5,0,275.07,2026-07-12,2776.86,OI_stock_not_summed_across_days; partial_weeks_and_changing_coverage
fed_rates,mention,2026-07-13,6,3,37635.02,2026-07-19,407.56,OI_stock_not_summed_across_days; partial_weeks_and_changing_coverage
fed_rates,mention,2026-07-20,2,0,6249.15,2026-07-21,3182.86,OI_stock_not_summed_across_days; partial_weeks_and_changing_coverage
fed_rates,mention,2026-07-27,1,1,4450.45,2026-07-29,3290.47,OI_stock_not_summed_across_days; partial_weeks_and_changing_coverage
fed_rates,policy,2026-07-06,5,0,20603.42,2026-07-12,255842.69,OI_stock_not_summed_across_days; partial_weeks_and_changing_coverage
fed_rates,policy,2026-07-13,7,0,22329.71,2026-07-19,281228.05,OI_stock_not_summed_across_days; partial_weeks_and_changing_coverage
fed_rates,policy,2026-07-20,7,1,62948.25,2026-07-26,244958.31,OI_stock_not_summed_across_days; partial_weeks_and_changing_coverage
fed_rates,policy,2026-07-27,7,0,11438.59,2026-08-02,246563.57,OI_stock_not_summed_across_days; partial_weeks_and_changing_coverage
fed_rates,policy,2026-08-03,7,0,20931.06,2026-08-09,247574.8,OI_stock_not_summed_across_days; partial_weeks_and_changing_coverage
fed_rates,policy,2026-08-10,7,0,16931.239999999998,2026-08-16,258271.15,OI_stock_not_summed_across_days; partial_weeks_and_changing_coverage
fed_rates,policy,2026-08-17,7,1,7264.57,2026-08-23,237877.25,OI_stock_not_summed_across_days; partial_weeks_and_changing_coverage
fed_rates,policy,2026-08-24,7,0,12136.51,2026-08-30,249350.21,OI_stock_not_summed_across_days; partial_weeks_and_changing_coverage
fed_rates,policy,2026-08-31,7,0,21591.03,2026-09-06,250602.72,OI_stock_not_summed_across_days; partial_weeks_and_changing_coverage
fed_rates,policy,2026-09-07,1,0,349.02,2026-09-07,179569.72,OI_stock_not_summed_across_days; partial_weeks_and_changing_coverage
healthcare,mention,2026-07-06,4,1,17678.53,2026-07-12,3202.17,OI_stock_not_summed_across_days; partial_weeks_and_changing_coverage
healthcare,mention,2026-07-13,7,5,19571.74,2026-07-19,0.0,OI_stock_not_summed_across_days; partial_weeks_and_changing_coverage
healthcare,mention,2026-07-20,7,7,17917.71,2026-07-26,1661.8700000000001,OI_stock_not_summed_across_days; partial_weeks_and_changing_coverage
healthcare,mention,2026-07-27,7,2,63252.409999999996,2026-08-02,2228.94,OI_stock_not_summed_across_days; partial_weeks_and_changing_coverage
healthcare,mention,2026-08-03,6,4,29786.14,2026-08-08,15720.880000000001,OI_stock_not_summed_across_days; partial_weeks_and_changing_coverage
healthcare,mention,2026-08-10,7,6,69896.42,2026-08-16,409.53,OI_stock_not_summed_across_days; partial_weeks_and_changing_coverage
healthcare,mention,2026-08-17,7,8,85551.92,2026-08-23,942.83,OI_stock_not_summed_across_days; partial_weeks_and_changing_coverage
healthcare,mention,2026-08-24,7,8,30230.7,2026-08-30,819.63,OI_stock_not_summed_across_days; partial_weeks_and_changing_coverage
healthcare,mention,2026-08-31,3,3,15434.46,2026-09-03,5603.44,OI_stock_not_summed_across_days; partial_weeks_and_changing_coverage
healthcare,policy,2026-07-06,5,0,309.0,2026-07-12,2023.3400000000001,OI_stock_not_summed_across_days; partial_weeks_and_changing_coverage
healthcare,policy,2026-07-13,7,1,8240.689999999999,2026-07-19,44744.71,OI_stock_not_summed_across_days; partial_weeks_and_changing_coverage
healthcare,policy,2026-07-20,7,2,2497.17,2026-07-26,46255.94,OI_stock_not_summed_across_days; partial_weeks_and_changing_coverage
healthcare,policy,2026-07-27,7,0,1023.69,2026-08-02,2667.52,OI_stock_not_summed_across_days; partial_weeks_and_changing_coverage
healthcare,policy,2026-08-03,7,0,1307.22,2026-08-09,47126.86,OI_stock_not_summed_across_days; partial_weeks_and_changing_coverage
healthcare,policy,2026-08-10,7,0,4011.1499999999996,2026-08-16,46689.020000000004,OI_stock_not_summed_across_days; partial_weeks_and_changing_coverage
healthcare,policy,2026-08-17,7,0,429.42,2026-08-23,47841.37,OI_stock_not_summed_across_days; partial_weeks_and_changing_coverage
healthcare,policy,2026-08-24,7,0,186.73,2026-08-30,49504.68,OI_stock_not_summed_across_days; partial_weeks_and_changing_coverage
healthcare,policy,2026-08-31,7,1,2002.8400000000001,2026-09-06,49040.97,OI_stock_not_summed_across_days; partial_weeks_and_changing_coverage
healthcare,policy,2026-09-07,1,0,60.76,2026-09-07,49913.56,OI_stock_not_summed_across_days; partial_weeks_and_changing_coverage
housing,macro,2026-07-06,5,1,3859.94,2026-07-12,15483.63,OI_stock_not_summed_across_days; partial_weeks_and_changing_coverage
housing,macro,2026-07-13,7,1,15838.11,2026-07-19,17981.74,OI_stock_not_summed_across_days; partial_weeks_and_changing_coverage
housing,macro,2026-07-20,7,1,15951.23,2026-07-26,15545.07,OI_stock_not_summed_across_days; partial_weeks_and_changing_coverage
housing,macro,2026-07-27,7,0,4276.16,2026-08-02,11374.87,OI_stock_not_summed_across_days; partial_weeks_and_changing_coverage
housing,macro,2026-08-03,7,0,2911.58,2026-08-09,18676.34,OI_stock_not_summed_across_days; partial_weeks_and_changing_coverage
housing,macro,2026-08-10,7,2,21911.47,2026-08-16,12382.81,OI_stock_not_summed_across_days; partial_weeks_and_changing_coverage
housing,macro,2026-08-17,7,0,6171.63,2026-08-23,12143.28,OI_stock_not_summed_across_days; partial_weeks_and_changing_coverage
housing,macro,2026-08-24,7,3,6363.88,2026-08-30,24832.81,OI_stock_not_summed_across_days; partial_weeks_and_changing_coverage
housing,macro,2026-08-31,7,1,8351.47,2026-09-06,28367.670000000002,OI_stock_not_summed_across_days; partial_weeks_and_changing_coverage
housing,macro,2026-09-07,1,0,45.37,2026-09-07,17899.79,OI_stock_not_summed_across_days; partial_weeks_and_changing_coverage
housing,mention,2026-07-13,3,2,6651.879999999999,2026-07-16,2746.78,OI_stock_not_summed_across_days; partial_weeks_and_changing_coverage
housing,mention,2026-07-20,3,2,130.16,2026-07-26,120.16,OI_stock_not_summed_across_days; partial_weeks_and_changing_coverage
housing,mention,2026-07-27,7,0,394.0,2026-08-02,0.0,OI_stock_not_summed_across_days; partial_weeks_and_changing_coverage
housing,mention,2026-08-03,7,0,962.51,2026-08-09,1304.67,OI_stock_not_summed_across_days; partial_weeks_and_changing_coverage
housing,mention,2026-08-10,7,0,1575.0900000000001,2026-08-16,2800.16,OI_stock_not_summed_across_days; partial_weeks_and_changing_coverage
housing,mention,2026-08-17,7,0,3022.3,2026-08-23,1077.9,OI_stock_not_summed_across_days; partial_weeks_and_changing_coverage
housing,mention,2026-08-24,3,0,9364.03,2026-08-26,6659.34,OI_stock_not_summed_across_days; partial_weeks_and_changing_coverage
housing,policy,2026-07-06,5,0,140804.28,2026-07-12,199359.93,OI_stock_not_summed_across_days; partial_weeks_and_changing_coverage
housing,policy,2026-07-13,7,0,10288.83,2026-07-19,27251.4,OI_stock_not_summed_across_days; partial_weeks_and_changing_coverage
housing,policy,2026-07-20,7,0,10063.48,2026-07-26,37379.490000000005,OI_stock_not_summed_across_days; partial_weeks_and_changing_coverage
housing,policy,2026-07-27,7,2,6792.5,2026-08-02,36288.86,OI_stock_not_summed_across_days; partial_weeks_and_changing_coverage
housing,policy,2026-08-03,7,2,3571.36,2026-08-09,47782.99,OI_stock_not_summed_across_days; partial_weeks_and_changing_coverage
housing,policy,2026-08-10,7,0,2801.84,2026-08-16,39903.03,OI_stock_not_summed_across_days; partial_weeks_and_changing_coverage
housing,policy,2026-08-17,7,0,5051.610000000001,2026-08-23,41355.53,OI_stock_not_summed_across_days; partial_weeks_and_changing_coverage
housing,policy,2026-08-24,7,0,1315.31,2026-08-30,42262.23,OI_stock_not_summed_across_days; partial_weeks_and_changing_coverage
housing,policy,2026-08-31,7,0,21386.47,2026-09-06,54212.49,OI_stock_not_summed_across_days; partial_weeks_and_changing_coverage
housing,policy,2026-09-07,1,0,1812.36,2026-09-07,56852.73,OI_stock_not_summed_across_days; partial_weeks_and_changing_coverage
immigration,mention,2026-07-06,3,2,2086.15,2026-07-12,2013.7,OI_stock_not_summed_across_days; partial_weeks_and_changing_coverage
immigration,mention,2026-07-13,7,7,187229.81,2026-07-19,0.0,OI_stock_not_summed_across_days; partial_weeks_and_changing_coverage
immigration,mention,2026-07-20,7,6,149532.81,2026-07-26,4925.610000000001,OI_stock_not_summed_across_days; partial_weeks_and_changing_coverage
immigration,mention,2026-07-27,7,9,64603.8,2026-08-02,714.32,OI_stock_not_summed_across_days; partial_weeks_and_changing_coverage
immigration,mention,2026-08-03,7,7,147874.32,2026-08-09,36200.54,OI_stock_not_summed_across_days; partial_weeks_and_changing_coverage
immigration,mention,2026-08-10,7,5,272181.18,2026-08-16,552.7,OI_stock_not_summed_across_days; partial_weeks_and_changing_coverage
immigration,mention,2026-08-17,7,6,85894.95,2026-08-23,1357.08,OI_stock_not_summed_across_days; partial_weeks_and_changing_coverage
immigration,mention,2026-08-24,7,9,29471.02,2026-08-30,5516.02,OI_stock_not_summed_across_days; partial_weeks_and_changing_coverage
immigration,mention,2026-08-31,7,3,23720.52,2026-09-06,2783.09,OI_stock_not_summed_across_days; partial_weeks_and_changing_coverage
immigration,mention,2026-09-07,1,0,41.57,2026-09-07,2794.57,OI_stock_not_summed_across_days; partial_weeks_and_changing_coverage
immigration,policy,2026-07-06,5,1,2327.48,2026-07-12,68792.84,OI_stock_not_summed_across_days; partial_weeks_and_changing_coverage
immigration,policy,2026-07-13,7,0,7881.38,2026-07-19,87765.73999999999,OI_stock_not_summed_across_days; partial_weeks_and_changing_coverage
immigration,policy,2026-07-20,7,0,17094.66,2026-07-26,81638.21,OI_stock_not_summed_across_days; partial_weeks_and_changing_coverage
immigration,policy,2026-07-27,7,0,16562.9,2026-08-02,97479.14,OI_stock_not_summed_across_days; partial_weeks_and_changing_coverage
immigration,policy,2026-08-03,7,0,6961.27,2026-08-09,73249.34,OI_stock_not_summed_across_days; partial_weeks_and_changing_coverage
immigration,policy,2026-08-10,7,0,3944.91,2026-08-16,77289.12,OI_stock_not_summed_across_days; partial_weeks_and_changing_coverage
immigration,policy,2026-08-17,7,0,15005.85,2026-08-23,113404.08,OI_stock_not_summed_across_days; partial_weeks_and_changing_coverage
immigration,policy,2026-08-24,7,2,31490.29,2026-08-30,121127.39,OI_stock_not_summed_across_days; partial_weeks_and_changing_coverage
immigration,policy,2026-08-31,7,0,11210.23,2026-09-06,110938.2,OI_stock_not_summed_across_days; partial_weeks_and_changing_coverage
immigration,policy,2026-09-07,1,0,1997.79,2026-09-07,86968.9,OI_stock_not_summed_across_days; partial_weeks_and_changing_coverage
jobs_growth,macro,2026-07-06,5,1,104142.73,2026-07-12,1137691.6400000001,OI_stock_not_summed_across_days; partial_weeks_and_changing_coverage
jobs_growth,macro,2026-07-13,7,1,158984.06,2026-07-19,1238406.9,OI_stock_not_summed_across_days; partial_weeks_and_changing_coverage
jobs_growth,macro,2026-07-20,7,1,160454.71,2026-07-26,1373538.2,OI_stock_not_summed_across_days; partial_weeks_and_changing_coverage
jobs_growth,macro,2026-07-27,7,5,592742.23,2026-08-02,1579709.18,OI_stock_not_summed_across_days; partial_weeks_and_changing_coverage
jobs_growth,macro,2026-08-03,7,4,1268762.82,2026-08-09,1551260.94,OI_stock_not_summed_across_days; partial_weeks_and_changing_coverage
jobs_growth,macro,2026-08-10,7,1,333115.17,2026-08-16,1582504.01,OI_stock_not_summed_across_days; partial_weeks_and_changing_coverage
jobs_growth,macro,2026-08-17,7,1,476282.79000000004,2026-08-23,1818747.6500000001,OI_stock_not_summed_across_days; partial_weeks_and_changing_coverage
jobs_growth,macro,2026-08-24,7,2,203261.76,2026-08-30,1844761.03,OI_stock_not_summed_across_days; partial_weeks_and_changing_coverage
jobs_growth,macro,2026-08-31,7,5,706222.02,2026-09-06,1537135.4,OI_stock_not_summed_across_days; partial_weeks_and_changing_coverage
jobs_growth,macro,2026-09-07,1,0,13406.89,2026-09-07,1344041.47,OI_stock_not_summed_across_days; partial_weeks_and_changing_coverage
jobs_growth,mention,2026-07-06,5,1,7333.44,2026-07-12,2629.1800000000003,OI_stock_not_summed_across_days; partial_weeks_and_changing_coverage
jobs_growth,mention,2026-07-13,7,2,28863.38,2026-07-19,1599.93,OI_stock_not_summed_across_days; partial_weeks_and_changing_coverage
jobs_growth,mention,2026-07-20,7,4,11586.25,2026-07-26,10428.91,OI_stock_not_summed_across_days; partial_weeks_and_changing_coverage
jobs_growth,mention,2026-07-27,7,1,73260.6,2026-08-02,11560.69,OI_stock_not_summed_across_days; partial_weeks_and_changing_coverage
jobs_growth,mention,2026-08-03,7,0,20050.18,2026-08-09,3799.42,OI_stock_not_summed_across_days; partial_weeks_and_changing_coverage
jobs_growth,mention,2026-08-10,7,0,473.45,2026-08-16,4270.44,OI_stock_not_summed_across_days; partial_weeks_and_changing_coverage
jobs_growth,mention,2026-08-17,7,0,1459.4,2026-08-23,4246.79,OI_stock_not_summed_across_days; partial_weeks_and_changing_coverage
jobs_growth,mention,2026-08-24,7,0,1781.79,2026-08-30,2560.7299999999996,OI_stock_not_summed_across_days; partial_weeks_and_changing_coverage
jobs_growth,mention,2026-08-31,7,0,4478.740000000001,2026-09-06,9099.19,OI_stock_not_summed_across_days; partial_weeks_and_changing_coverage
jobs_growth,mention,2026-09-07,1,0,1339.97,2026-09-07,10282.47,OI_stock_not_summed_across_days; partial_weeks_and_changing_coverage
jobs_growth,policy,2026-07-06,3,0,10.0,2026-07-11,3967.06,OI_stock_not_summed_across_days; partial_weeks_and_changing_coverage
jobs_growth,policy,2026-07-13,5,0,311.89,2026-07-17,3977.06,OI_stock_not_summed_across_days; partial_weeks_and_changing_coverage
jobs_growth,policy,2026-07-20,7,0,2602.14,2026-07-26,4886.53,OI_stock_not_summed_across_days; partial_weeks_and_changing_coverage
jobs_growth,policy,2026-07-27,7,0,5740.38,2026-08-02,9521.25,OI_stock_not_summed_across_days; partial_weeks_and_changing_coverage
jobs_growth,policy,2026-08-03,7,1,8191.31,2026-08-09,13264.59,OI_stock_not_summed_across_days; partial_weeks_and_changing_coverage
jobs_growth,policy,2026-08-10,7,0,441.06,2026-08-16,13272.74,OI_stock_not_summed_across_days; partial_weeks_and_changing_coverage
jobs_growth,policy,2026-08-17,7,0,314.81,2026-08-23,13272.74,OI_stock_not_summed_across_days; partial_weeks_and_changing_coverage
jobs_growth,policy,2026-08-24,7,0,1006.53,2026-08-30,13694.78,OI_stock_not_summed_across_days; partial_weeks_and_changing_coverage
jobs_growth,policy,2026-08-31,7,0,1518.8999999999999,2026-09-06,14193.650000000001,OI_stock_not_summed_across_days; partial_weeks_and_changing_coverage
jobs_growth,policy,2026-09-07,1,1,4508.21,2026-09-07,17268.9,OI_stock_not_summed_across_days; partial_weeks_and_changing_coverage
taxes_fiscal,macro,2026-07-06,5,0,422.65,2026-07-12,822.4,OI_stock_not_summed_across_days; partial_weeks_and_changing_coverage
taxes_fiscal,macro,2026-07-13,7,0,848.91,2026-07-19,20372.72,OI_stock_not_summed_across_days; partial_weeks_and_changing_coverage
taxes_fiscal,macro,2026-07-20,7,0,61.269999999999996,2026-07-26,22034.9,OI_stock_not_summed_across_days; partial_weeks_and_changing_coverage
taxes_fiscal,macro,2026-07-27,7,0,94.72,2026-08-02,21798.98,OI_stock_not_summed_across_days; partial_weeks_and_changing_coverage
taxes_fiscal,macro,2026-08-03,7,0,47.4,2026-08-09,22048.69,OI_stock_not_summed_across_days; partial_weeks_and_changing_coverage
taxes_fiscal,macro,2026-08-10,7,0,4610.66,2026-08-16,24203.0,OI_stock_not_summed_across_days; partial_weeks_and_changing_coverage
taxes_fiscal,macro,2026-08-17,7,0,2763.79,2026-08-23,24318.53,OI_stock_not_summed_across_days; partial_weeks_and_changing_coverage
taxes_fiscal,macro,2026-08-24,7,2,3537.52,2026-08-30,23087.13,OI_stock_not_summed_across_days; partial_weeks_and_changing_coverage
taxes_fiscal,macro,2026-08-31,7,0,103.11,2026-09-06,25502.4,OI_stock_not_summed_across_days; partial_weeks_and_changing_coverage
taxes_fiscal,macro,2026-09-07,1,0,0.0,2026-09-07,3224.91,OI_stock_not_summed_across_days; partial_weeks_and_changing_coverage
taxes_fiscal,mention,2026-07-06,5,1,5110.259999999999,2026-07-12,0.0,OI_stock_not_summed_across_days; partial_weeks_and_changing_coverage
taxes_fiscal,mention,2026-07-13,7,5,22963.87,2026-07-19,2548.23,OI_stock_not_summed_across_days; partial_weeks_and_changing_coverage
taxes_fiscal,mention,2026-07-20,7,5,12719.61,2026-07-26,5021.22,OI_stock_not_summed_across_days; partial_weeks_and_changing_coverage
taxes_fiscal,mention,2026-07-27,7,3,19408.29,2026-08-02,738.27,OI_stock_not_summed_across_days; partial_weeks_and_changing_coverage
taxes_fiscal,mention,2026-08-03,7,6,31844.480000000003,2026-08-09,328.28999999999996,OI_stock_not_summed_across_days; partial_weeks_and_changing_coverage
taxes_fiscal,mention,2026-08-10,7,1,4332.19,2026-08-16,439.27000000000004,OI_stock_not_summed_across_days; partial_weeks_and_changing_coverage
taxes_fiscal,mention,2026-08-17,7,3,42748.39,2026-08-23,2663.68,OI_stock_not_summed_across_days; partial_weeks_and_changing_coverage
taxes_fiscal,mention,2026-08-24,7,4,58194.28999999999,2026-08-30,714.5,OI_stock_not_summed_across_days; partial_weeks_and_changing_coverage
taxes_fiscal,mention,2026-08-31,7,0,8408.65,2026-09-06,713.0600000000001,OI_stock_not_summed_across_days; partial_weeks_and_changing_coverage
taxes_fiscal,mention,2026-09-07,1,0,33.15,2026-09-07,745.0600000000001,OI_stock_not_summed_across_days; partial_weeks_and_changing_coverage
taxes_fiscal,policy,2026-07-06,5,1,27702.32,2026-07-12,438588.75,OI_stock_not_summed_across_days; partial_weeks_and_changing_coverage
taxes_fiscal,policy,2026-07-13,7,1,110586.64,2026-07-19,528086.84,OI_stock_not_summed_across_days; partial_weeks_and_changing_coverage
taxes_fiscal,policy,2026-07-20,7,1,67341.91,2026-07-26,560507.96,OI_stock_not_summed_across_days; partial_weeks_and_changing_coverage
taxes_fiscal,policy,2026-07-27,7,2,49172.200000000004,2026-08-02,500697.12,OI_stock_not_summed_across_days; partial_weeks_and_changing_coverage
taxes_fiscal,policy,2026-08-03,7,3,49274.8,2026-08-09,533697.5599999999,OI_stock_not_summed_across_days; partial_weeks_and_changing_coverage
taxes_fiscal,policy,2026-08-10,7,1,26854.71,2026-08-16,550656.97,OI_stock_not_summed_across_days; partial_weeks_and_changing_coverage
taxes_fiscal,policy,2026-08-17,7,7,20435.98,2026-08-23,563810.1799999999,OI_stock_not_summed_across_days; partial_weeks_and_changing_coverage
taxes_fiscal,policy,2026-08-24,7,1,109450.49,2026-08-30,658929.94,OI_stock_not_summed_across_days; partial_weeks_and_changing_coverage
taxes_fiscal,policy,2026-08-31,7,2,90932.37,2026-09-06,573465.46,OI_stock_not_summed_across_days; partial_weeks_and_changing_coverage
taxes_fiscal,policy,2026-09-07,1,1,10950.970000000001,2026-09-07,593285.61,OI_stock_not_summed_across_days; partial_weeks_and_changing_coverage
trade_tariffs,macro,2026-07-06,5,0,188.65,2026-07-12,822.4,OI_stock_not_summed_across_days; partial_weeks_and_changing_coverage
trade_tariffs,macro,2026-07-13,7,0,673.09,2026-07-19,814.4,OI_stock_not_summed_across_days; partial_weeks_and_changing_coverage
trade_tariffs,macro,2026-07-20,7,0,34.45,2026-07-26,2503.4,OI_stock_not_summed_across_days; partial_weeks_and_changing_coverage
trade_tariffs,macro,2026-07-27,7,0,94.72,2026-08-02,2267.48,OI_stock_not_summed_across_days; partial_weeks_and_changing_coverage
trade_tariffs,macro,2026-08-03,7,0,6.4,2026-08-09,2517.19,OI_stock_not_summed_across_days; partial_weeks_and_changing_coverage
trade_tariffs,macro,2026-08-10,7,0,1910.51,2026-08-16,4295.83,OI_stock_not_summed_across_days; partial_weeks_and_changing_coverage
trade_tariffs,macro,2026-08-17,7,0,1.0,2026-08-23,3230.83,OI_stock_not_summed_across_days; partial_weeks_and_changing_coverage
trade_tariffs,macro,2026-08-24,7,2,22.13,2026-08-30,900.0,OI_stock_not_summed_across_days; partial_weeks_and_changing_coverage
trade_tariffs,macro,2026-08-31,7,0,8.08,2026-09-06,3224.91,OI_stock_not_summed_across_days; partial_weeks_and_changing_coverage
trade_tariffs,macro,2026-09-07,1,0,0.0,2026-09-07,3224.91,OI_stock_not_summed_across_days; partial_weeks_and_changing_coverage
trade_tariffs,mention,2026-07-06,5,5,48761.159999999996,2026-07-12,8768.48,OI_stock_not_summed_across_days; partial_weeks_and_changing_coverage
trade_tariffs,mention,2026-07-13,7,13,107766.6,2026-07-19,5299.57,OI_stock_not_summed_across_days; partial_weeks_and_changing_coverage
trade_tariffs,mention,2026-07-20,7,34,164054.78,2026-07-26,14240.4,OI_stock_not_summed_across_days; partial_weeks_and_changing_coverage
trade_tariffs,mention,2026-07-27,7,15,241042.5,2026-08-02,20211.04,OI_stock_not_summed_across_days; partial_weeks_and_changing_coverage
trade_tariffs,mention,2026-08-03,7,11,159905.76,2026-08-09,22967.68,OI_stock_not_summed_across_days; partial_weeks_and_changing_coverage
trade_tariffs,mention,2026-08-10,7,7,58143.87,2026-08-16,17436.99,OI_stock_not_summed_across_days; partial_weeks_and_changing_coverage
trade_tariffs,mention,2026-08-17,7,4,73518.68000000001,2026-08-23,12833.67,OI_stock_not_summed_across_days; partial_weeks_and_changing_coverage
trade_tariffs,mention,2026-08-24,7,21,80022.31,2026-08-30,9434.32,OI_stock_not_summed_across_days; partial_weeks_and_changing_coverage
trade_tariffs,mention,2026-08-31,7,6,71584.81,2026-09-06,10920.13,OI_stock_not_summed_across_days; partial_weeks_and_changing_coverage
trade_tariffs,mention,2026-09-07,1,0,13506.47,2026-09-07,23721.49,OI_stock_not_summed_across_days; partial_weeks_and_changing_coverage
trade_tariffs,policy,2026-07-06,5,0,65230.33,2026-07-12,891882.13,OI_stock_not_summed_across_days; partial_weeks_and_changing_coverage
trade_tariffs,policy,2026-07-13,7,0,227451.04,2026-07-19,1025559.88,OI_stock_not_summed_across_days; partial_weeks_and_changing_coverage
trade_tariffs,policy,2026-07-20,7,8,117271.09,2026-07-26,1066870.93,OI_stock_not_summed_across_days; partial_weeks_and_changing_coverage
trade_tariffs,policy,2026-07-27,7,5,219593.15,2026-08-02,483787.16,OI_stock_not_summed_across_days; partial_weeks_and_changing_coverage
trade_tariffs,policy,2026-08-03,7,0,52265.18,2026-08-09,490172.36,OI_stock_not_summed_across_days; partial_weeks_and_changing_coverage
trade_tariffs,policy,2026-08-10,7,2,34719.5,2026-08-16,490687.48,OI_stock_not_summed_across_days; partial_weeks_and_changing_coverage
trade_tariffs,policy,2026-08-17,7,1,54749.06,2026-08-23,500513.41,OI_stock_not_summed_across_days; partial_weeks_and_changing_coverage
trade_tariffs,policy,2026-08-24,7,3,34527.38,2026-08-30,509844.14,OI_stock_not_summed_across_days; partial_weeks_and_changing_coverage
trade_tariffs,policy,2026-08-31,7,0,19434.14,2026-09-06,506587.64999999997,OI_stock_not_summed_across_days; partial_weeks_and_changing_coverage
trade_tariffs,policy,2026-09-07,1,0,1479.8,2026-09-07,499388.97,OI_stock_not_summed_across_days; partial_weeks_and_changing_coverage
