record_id,topic,jurisdiction,publication_date,fieldwork_start,fieldwork_end,observation_date,metric,numeric_value,text_value,unit,population,signal_type,response,question_paraphrase,source_url,caveats
P01,affordability_inflation,United States,2026-07-23,2026-07-06,2026-07-12,2026-07,economy_net,29.0,,percent,registered_voters,open_ended_electoral_priority,,Registered voters named the one issue they most wanted congressional candidates in their district to discuss; separate adult questions asked party agreement.,https://www.pewresearch.org/politics/2026/07/23/as-the-2026-midterms-approach-economy-is-front-and-center/,"Cross-section; does not establish an increase in electoral salience. | Open-ended responses are coded categories; cost-of-living is part of economy NET, not additive. | Adult party-agreement and registered-voter election-priority denominators differ. | National vote preference is not a House seat forecast."
P01,affordability_inflation,United States,2026-07-23,2026-07-06,2026-07-12,2026-07,cost_of_living_affordability,15.0,,percent,registered_voters,open_ended_electoral_priority,,Registered voters named the one issue they most wanted congressional candidates in their district to discuss; separate adult questions asked party agreement.,https://www.pewresearch.org/politics/2026/07/23/as-the-2026-midterms-approach-economy-is-front-and-center/,"Cross-section; does not establish an increase in electoral salience. | Open-ended responses are coded categories; cost-of-living is part of economy NET, not additive. | Adult party-agreement and registered-voter election-priority denominators differ. | National vote preference is not a House seat forecast."
P01,affordability_inflation,United States,2026-07-23,2026-07-06,2026-07-12,2026-07,economy_general,7.0,,percent,registered_voters,open_ended_electoral_priority,,Registered voters named the one issue they most wanted congressional candidates in their district to discuss; separate adult questions asked party agreement.,https://www.pewresearch.org/politics/2026/07/23/as-the-2026-midterms-approach-economy-is-front-and-center/,"Cross-section; does not establish an increase in electoral salience. | Open-ended responses are coded categories; cost-of-living is part of economy NET, not additive. | Adult party-agreement and registered-voter election-priority denominators differ. | National vote preference is not a House seat forecast."
P01,affordability_inflation,United States,2026-07-23,2026-07-06,2026-07-12,2026-07,taxes,4.0,,percent,registered_voters,open_ended_electoral_priority,,Registered voters named the one issue they most wanted congressional candidates in their district to discuss; separate adult questions asked party agreement.,https://www.pewresearch.org/politics/2026/07/23/as-the-2026-midterms-approach-economy-is-front-and-center/,"Cross-section; does not establish an increase in electoral salience. | Open-ended responses are coded categories; cost-of-living is part of economy NET, not additive. | Adult party-agreement and registered-voter election-priority denominators differ. | National vote preference is not a House seat forecast."
P01,affordability_inflation,United States,2026-07-23,2026-07-06,2026-07-12,2026-07,immigration,7.0,,percent,registered_voters,open_ended_electoral_priority,,Registered voters named the one issue they most wanted congressional candidates in their district to discuss; separate adult questions asked party agreement.,https://www.pewresearch.org/politics/2026/07/23/as-the-2026-midterms-approach-economy-is-front-and-center/,"Cross-section; does not establish an increase in electoral salience. | Open-ended responses are coded categories; cost-of-living is part of economy NET, not additive. | Adult party-agreement and registered-voter election-priority denominators differ. | National vote preference is not a House seat forecast."
P01,affordability_inflation,United States,2026-07-23,2026-07-06,2026-07-12,2026-07,healthcare,5.0,,percent,registered_voters,open_ended_electoral_priority,,Registered voters named the one issue they most wanted congressional candidates in their district to discuss; separate adult questions asked party agreement.,https://www.pewresearch.org/politics/2026/07/23/as-the-2026-midterms-approach-economy-is-front-and-center/,"Cross-section; does not establish an increase in electoral salience. | Open-ended responses are coded categories; cost-of-living is part of economy NET, not additive. | Adult party-agreement and registered-voter election-priority denominators differ. | National vote preference is not a House seat forecast."
P01,affordability_inflation,United States,2026-07-23,2026-07-06,2026-07-12,2026-07,congressional_preference_D,43.0,,percent,registered_voters,open_ended_electoral_priority,,Registered voters named the one issue they most wanted congressional candidates in their district to discuss; separate adult questions asked party agreement.,https://www.pewresearch.org/politics/2026/07/23/as-the-2026-midterms-approach-economy-is-front-and-center/,"Cross-section; does not establish an increase in electoral salience. | Open-ended responses are coded categories; cost-of-living is part of economy NET, not additive. | Adult party-agreement and registered-voter election-priority denominators differ. | National vote preference is not a House seat forecast."
P01,affordability_inflation,United States,2026-07-23,2026-07-06,2026-07-12,2026-07,congressional_preference_R,37.0,,percent,registered_voters,open_ended_electoral_priority,,Registered voters named the one issue they most wanted congressional candidates in their district to discuss; separate adult questions asked party agreement.,https://www.pewresearch.org/politics/2026/07/23/as-the-2026-midterms-approach-economy-is-front-and-center/,"Cross-section; does not establish an increase in electoral salience. | Open-ended responses are coded categories; cost-of-living is part of economy NET, not additive. | Adult party-agreement and registered-voter election-priority denominators differ. | National vote preference is not a House seat forecast."
P01,affordability_inflation,United States,2026-07-23,2026-07-06,2026-07-12,2026-07,AI_agree_neither_party,51.0,,percent,adults,open_ended_electoral_priority,,Registered voters named the one issue they most wanted congressional candidates in their district to discuss; separate adult questions asked party agreement.,https://www.pewresearch.org/politics/2026/07/23/as-the-2026-midterms-approach-economy-is-front-and-center/,"Cross-section; does not establish an increase in electoral salience. | Open-ended responses are coded categories; cost-of-living is part of economy NET, not additive. | Adult party-agreement and registered-voter election-priority denominators differ. | National vote preference is not a House seat forecast."
P01,affordability_inflation,United States,2026-07-23,2026-07-06,2026-07-12,2026-07,AI_agree_D,22.0,,percent,adults,open_ended_electoral_priority,,Registered voters named the one issue they most wanted congressional candidates in their district to discuss; separate adult questions asked party agreement.,https://www.pewresearch.org/politics/2026/07/23/as-the-2026-midterms-approach-economy-is-front-and-center/,"Cross-section; does not establish an increase in electoral salience. | Open-ended responses are coded categories; cost-of-living is part of economy NET, not additive. | Adult party-agreement and registered-voter election-priority denominators differ. | National vote preference is not a House seat forecast."
P01,affordability_inflation,United States,2026-07-23,2026-07-06,2026-07-12,2026-07,AI_agree_R,23.0,,percent,adults,open_ended_electoral_priority,,Registered voters named the one issue they most wanted congressional candidates in their district to discuss; separate adult questions asked party agreement.,https://www.pewresearch.org/politics/2026/07/23/as-the-2026-midterms-approach-economy-is-front-and-center/,"Cross-section; does not establish an increase in electoral salience. | Open-ended responses are coded categories; cost-of-living is part of economy NET, not additive. | Adult party-agreement and registered-voter election-priority denominators differ. | National vote preference is not a House seat forecast."
P02,affordability_inflation,United States,2026-07-23,2026-07-06,2026-07-12,2026-01,healthcare_cost,71.0,,percent,adults,economic_concern_not_electoral_priority,very_concerned,Degree of concern about named economic issues; numbers record the very-concerned response.,https://www.pewresearch.org/politics/2026/07/23/americans-evaluations-of-the-economy-remain-negative/,"Since January, half the sample receives a combined gasoline/energy item and half receives separate gasoline/electricity items; use only the matching separate-item series. | Reported differences are percentage points, not statistical significance tests. | This is concern, not demonstrated voting priority or causal vote switching. | AI has no January baseline in this series."
P02,affordability_inflation,United States,2026-07-23,2026-07-06,2026-07-12,2026-07,healthcare_cost,69.0,,percent,adults,economic_concern_not_electoral_priority,very_concerned,Degree of concern about named economic issues; numbers record the very-concerned response.,https://www.pewresearch.org/politics/2026/07/23/americans-evaluations-of-the-economy-remain-negative/,"Since January, half the sample receives a combined gasoline/energy item and half receives separate gasoline/electricity items; use only the matching separate-item series. | Reported differences are percentage points, not statistical significance tests. | This is concern, not demonstrated voting priority or causal vote switching. | AI has no January baseline in this series."
P02,affordability_inflation,United States,2026-07-23,2026-07-06,2026-07-12,2026-01,food_consumer_goods,66.0,,percent,adults,economic_concern_not_electoral_priority,very_concerned,Degree of concern about named economic issues; numbers record the very-concerned response.,https://www.pewresearch.org/politics/2026/07/23/americans-evaluations-of-the-economy-remain-negative/,"Since January, half the sample receives a combined gasoline/energy item and half receives separate gasoline/electricity items; use only the matching separate-item series. | Reported differences are percentage points, not statistical significance tests. | This is concern, not demonstrated voting priority or causal vote switching. | AI has no January baseline in this series."
P02,affordability_inflation,United States,2026-07-23,2026-07-06,2026-07-12,2026-07,food_consumer_goods,66.0,,percent,adults,economic_concern_not_electoral_priority,very_concerned,Degree of concern about named economic issues; numbers record the very-concerned response.,https://www.pewresearch.org/politics/2026/07/23/americans-evaluations-of-the-economy-remain-negative/,"Since January, half the sample receives a combined gasoline/energy item and half receives separate gasoline/electricity items; use only the matching separate-item series. | Reported differences are percentage points, not statistical significance tests. | This is concern, not demonstrated voting priority or causal vote switching. | AI has no January baseline in this series."
P02,affordability_inflation,United States,2026-07-23,2026-07-06,2026-07-12,2026-01,housing_cost,62.0,,percent,adults,economic_concern_not_electoral_priority,very_concerned,Degree of concern about named economic issues; numbers record the very-concerned response.,https://www.pewresearch.org/politics/2026/07/23/americans-evaluations-of-the-economy-remain-negative/,"Since January, half the sample receives a combined gasoline/energy item and half receives separate gasoline/electricity items; use only the matching separate-item series. | Reported differences are percentage points, not statistical significance tests. | This is concern, not demonstrated voting priority or causal vote switching. | AI has no January baseline in this series."
P02,affordability_inflation,United States,2026-07-23,2026-07-06,2026-07-12,2026-07,housing_cost,64.0,,percent,adults,economic_concern_not_electoral_priority,very_concerned,Degree of concern about named economic issues; numbers record the very-concerned response.,https://www.pewresearch.org/politics/2026/07/23/americans-evaluations-of-the-economy-remain-negative/,"Since January, half the sample receives a combined gasoline/energy item and half receives separate gasoline/electricity items; use only the matching separate-item series. | Reported differences are percentage points, not statistical significance tests. | This is concern, not demonstrated voting priority or causal vote switching. | AI has no January baseline in this series."
P02,affordability_inflation,United States,2026-07-23,2026-07-06,2026-07-12,2026-01,gasoline_cost,34.0,,percent,adults,economic_concern_not_electoral_priority,very_concerned,Degree of concern about named economic issues; numbers record the very-concerned response.,https://www.pewresearch.org/politics/2026/07/23/americans-evaluations-of-the-economy-remain-negative/,"Since January, half the sample receives a combined gasoline/energy item and half receives separate gasoline/electricity items; use only the matching separate-item series. | Reported differences are percentage points, not statistical significance tests. | This is concern, not demonstrated voting priority or causal vote switching. | AI has no January baseline in this series."
P02,affordability_inflation,United States,2026-07-23,2026-07-06,2026-07-12,2026-07,gasoline_cost,56.0,,percent,adults,economic_concern_not_electoral_priority,very_concerned,Degree of concern about named economic issues; numbers record the very-concerned response.,https://www.pewresearch.org/politics/2026/07/23/americans-evaluations-of-the-economy-remain-negative/,"Since January, half the sample receives a combined gasoline/energy item and half receives separate gasoline/electricity items; use only the matching separate-item series. | Reported differences are percentage points, not statistical significance tests. | This is concern, not demonstrated voting priority or causal vote switching. | AI has no January baseline in this series."
P02,affordability_inflation,United States,2026-07-23,2026-07-06,2026-07-12,2026-01,electricity_cost,51.0,,percent,adults,economic_concern_not_electoral_priority,very_concerned,Degree of concern about named economic issues; numbers record the very-concerned response.,https://www.pewresearch.org/politics/2026/07/23/americans-evaluations-of-the-economy-remain-negative/,"Since January, half the sample receives a combined gasoline/energy item and half receives separate gasoline/electricity items; use only the matching separate-item series. | Reported differences are percentage points, not statistical significance tests. | This is concern, not demonstrated voting priority or causal vote switching. | AI has no January baseline in this series."
P02,affordability_inflation,United States,2026-07-23,2026-07-06,2026-07-12,2026-07,electricity_cost,54.0,,percent,adults,economic_concern_not_electoral_priority,very_concerned,Degree of concern about named economic issues; numbers record the very-concerned response.,https://www.pewresearch.org/politics/2026/07/23/americans-evaluations-of-the-economy-remain-negative/,"Since January, half the sample receives a combined gasoline/energy item and half receives separate gasoline/electricity items; use only the matching separate-item series. | Reported differences are percentage points, not statistical significance tests. | This is concern, not demonstrated voting priority or causal vote switching. | AI has no January baseline in this series."
P02,affordability_inflation,United States,2026-07-23,2026-07-06,2026-07-12,2026-01,job_availability,45.0,,percent,adults,economic_concern_not_electoral_priority,very_concerned,Degree of concern about named economic issues; numbers record the very-concerned response.,https://www.pewresearch.org/politics/2026/07/23/americans-evaluations-of-the-economy-remain-negative/,"Since January, half the sample receives a combined gasoline/energy item and half receives separate gasoline/electricity items; use only the matching separate-item series. | Reported differences are percentage points, not statistical significance tests. | This is concern, not demonstrated voting priority or causal vote switching. | AI has no January baseline in this series."
P02,affordability_inflation,United States,2026-07-23,2026-07-06,2026-07-12,2026-07,job_availability,44.0,,percent,adults,economic_concern_not_electoral_priority,very_concerned,Degree of concern about named economic issues; numbers record the very-concerned response.,https://www.pewresearch.org/politics/2026/07/23/americans-evaluations-of-the-economy-remain-negative/,"Since January, half the sample receives a combined gasoline/energy item and half receives separate gasoline/electricity items; use only the matching separate-item series. | Reported differences are percentage points, not statistical significance tests. | This is concern, not demonstrated voting priority or causal vote switching. | AI has no January baseline in this series."
P02,affordability_inflation,United States,2026-07-23,2026-07-06,2026-07-12,2026-01,stock_market,20.0,,percent,adults,economic_concern_not_electoral_priority,very_concerned,Degree of concern about named economic issues; numbers record the very-concerned response.,https://www.pewresearch.org/politics/2026/07/23/americans-evaluations-of-the-economy-remain-negative/,"Since January, half the sample receives a combined gasoline/energy item and half receives separate gasoline/electricity items; use only the matching separate-item series. | Reported differences are percentage points, not statistical significance tests. | This is concern, not demonstrated voting priority or causal vote switching. | AI has no January baseline in this series."
P02,affordability_inflation,United States,2026-07-23,2026-07-06,2026-07-12,2026-07,stock_market,18.0,,percent,adults,economic_concern_not_electoral_priority,very_concerned,Degree of concern about named economic issues; numbers record the very-concerned response.,https://www.pewresearch.org/politics/2026/07/23/americans-evaluations-of-the-economy-remain-negative/,"Since January, half the sample receives a combined gasoline/energy item and half receives separate gasoline/electricity items; use only the matching separate-item series. | Reported differences are percentage points, not statistical significance tests. | This is concern, not demonstrated voting priority or causal vote switching. | AI has no January baseline in this series."
P02,affordability_inflation,United States,2026-07-23,2026-07-06,2026-07-12,2026-07,AI_role_in_economy,49.0,,percent,adults,economic_concern_not_electoral_priority,very_concerned,Degree of concern about named economic issues; numbers record the very-concerned response.,https://www.pewresearch.org/politics/2026/07/23/americans-evaluations-of-the-economy-remain-negative/,"Since January, half the sample receives a combined gasoline/energy item and half receives separate gasoline/electricity items; use only the matching separate-item series. | Reported differences are percentage points, not statistical significance tests. | This is concern, not demonstrated voting priority or causal vote switching. | AI has no January baseline in this series."
P03,affordability_inflation,United States,2026-07-27,2026-07-01,2026-07-19,2026-05,inflation_most_important_problem,15.0,,percent,adults,open_ended_national_problem_and_confidence,,Open-ended most important problem facing the country; separate current-conditions and economic-outlook items form the Economic Confidence Index.,https://news.gallup.com/poll/713018/economic-confidence-improves-july.aspx,National problem priority is different from personal financial strain and election-specific issue priority. | July fieldwork ends July 19; later escalation is outside this survey. | Source provides earlier-wave values; current n and margin of error must not be assigned to every prior wave. | No causal attribution of confidence changes to the Iran conflict.
P03,affordability_inflation,United States,2026-07-27,2026-07-01,2026-07-19,2026-06,inflation_most_important_problem,14.0,,percent,adults,open_ended_national_problem_and_confidence,,Open-ended most important problem facing the country; separate current-conditions and economic-outlook items form the Economic Confidence Index.,https://news.gallup.com/poll/713018/economic-confidence-improves-july.aspx,National problem priority is different from personal financial strain and election-specific issue priority. | July fieldwork ends July 19; later escalation is outside this survey. | Source provides earlier-wave values; current n and margin of error must not be assigned to every prior wave. | No causal attribution of confidence changes to the Iran conflict.
P03,affordability_inflation,United States,2026-07-27,2026-07-01,2026-07-19,2026-07,inflation_most_important_problem,11.0,,percent,adults,open_ended_national_problem_and_confidence,,Open-ended most important problem facing the country; separate current-conditions and economic-outlook items form the Economic Confidence Index.,https://news.gallup.com/poll/713018/economic-confidence-improves-july.aspx,National problem priority is different from personal financial strain and election-specific issue priority. | July fieldwork ends July 19; later escalation is outside this survey. | Source provides earlier-wave values; current n and margin of error must not be assigned to every prior wave. | No causal attribution of confidence changes to the Iran conflict.
P03,affordability_inflation,United States,2026-07-27,2026-07-01,2026-07-19,2026-02,immigration_most_important_problem,20.0,,percent,adults,open_ended_national_problem_and_confidence,,Open-ended most important problem facing the country; separate current-conditions and economic-outlook items form the Economic Confidence Index.,https://news.gallup.com/poll/713018/economic-confidence-improves-july.aspx,National problem priority is different from personal financial strain and election-specific issue priority. | July fieldwork ends July 19; later escalation is outside this survey. | Source provides earlier-wave values; current n and margin of error must not be assigned to every prior wave. | No causal attribution of confidence changes to the Iran conflict.
P03,affordability_inflation,United States,2026-07-27,2026-07-01,2026-07-19,2026-07,immigration_most_important_problem,12.0,,percent,adults,open_ended_national_problem_and_confidence,,Open-ended most important problem facing the country; separate current-conditions and economic-outlook items form the Economic Confidence Index.,https://news.gallup.com/poll/713018/economic-confidence-improves-july.aspx,National problem priority is different from personal financial strain and election-specific issue priority. | July fieldwork ends July 19; later escalation is outside this survey. | Source provides earlier-wave values; current n and margin of error must not be assigned to every prior wave. | No causal attribution of confidence changes to the Iran conflict.
P03,affordability_inflation,United States,2026-07-27,2026-07-01,2026-07-19,2026-05,economic_confidence_index,-45.0,,index_points,adults,open_ended_national_problem_and_confidence,,Open-ended most important problem facing the country; separate current-conditions and economic-outlook items form the Economic Confidence Index.,https://news.gallup.com/poll/713018/economic-confidence-improves-july.aspx,National problem priority is different from personal financial strain and election-specific issue priority. | July fieldwork ends July 19; later escalation is outside this survey. | Source provides earlier-wave values; current n and margin of error must not be assigned to every prior wave. | No causal attribution of confidence changes to the Iran conflict.
P03,affordability_inflation,United States,2026-07-27,2026-07-01,2026-07-19,2026-06,economic_confidence_index,-38.0,,index_points,adults,open_ended_national_problem_and_confidence,,Open-ended most important problem facing the country; separate current-conditions and economic-outlook items form the Economic Confidence Index.,https://news.gallup.com/poll/713018/economic-confidence-improves-july.aspx,National problem priority is different from personal financial strain and election-specific issue priority. | July fieldwork ends July 19; later escalation is outside this survey. | Source provides earlier-wave values; current n and margin of error must not be assigned to every prior wave. | No causal attribution of confidence changes to the Iran conflict.
P03,affordability_inflation,United States,2026-07-27,2026-07-01,2026-07-19,2026-07,economic_confidence_index,-31.0,,index_points,adults,open_ended_national_problem_and_confidence,,Open-ended most important problem facing the country; separate current-conditions and economic-outlook items form the Economic Confidence Index.,https://news.gallup.com/poll/713018/economic-confidence-improves-july.aspx,National problem priority is different from personal financial strain and election-specific issue priority. | July fieldwork ends July 19; later escalation is outside this survey. | Source provides earlier-wave values; current n and margin of error must not be assigned to every prior wave. | No causal attribution of confidence changes to the Iran conflict.
P04,affordability_inflation,United States,2026-04-28,2026-04-01,2026-04-15,2025-04,energy_costs,3.0,,percent,adults,personal_financial_problem,,Open-ended most important financial problem facing the respondent's family.,https://news.gallup.com/poll/708905/affordability-dominates-americans-financial-worries.aspx,"Annual April-to-April comparison, not evidence about August momentum. | Family financial concern is not equivalent to voting intention. | Earlier-wave n must be obtained before a formal two-sample significance calculation."
P04,affordability_inflation,United States,2026-04-28,2026-04-01,2026-04-15,2026-04,energy_costs,13.0,,percent,adults,personal_financial_problem,,Open-ended most important financial problem facing the respondent's family.,https://news.gallup.com/poll/708905/affordability-dominates-americans-financial-worries.aspx,"Annual April-to-April comparison, not evidence about August momentum. | Family financial concern is not equivalent to voting intention. | Earlier-wave n must be obtained before a formal two-sample significance calculation."
P04,affordability_inflation,United States,2026-04-28,2026-04-01,2026-04-15,2026-04,inflation_high_costs,31.0,,percent,adults,personal_financial_problem,,Open-ended most important financial problem facing the respondent's family.,https://news.gallup.com/poll/708905/affordability-dominates-americans-financial-worries.aspx,"Annual April-to-April comparison, not evidence about August momentum. | Family financial concern is not equivalent to voting intention. | Earlier-wave n must be obtained before a formal two-sample significance calculation."
P04,affordability_inflation,United States,2026-04-28,2026-04-01,2026-04-15,2026-04,housing_costs,13.0,,percent,adults,personal_financial_problem,,Open-ended most important financial problem facing the respondent's family.,https://news.gallup.com/poll/708905/affordability-dominates-americans-financial-worries.aspx,"Annual April-to-April comparison, not evidence about August momentum. | Family financial concern is not equivalent to voting intention. | Earlier-wave n must be obtained before a formal two-sample significance calculation."
P04,affordability_inflation,United States,2026-04-28,2026-04-01,2026-04-15,2026-04,healthcare_costs,8.0,,percent,adults,personal_financial_problem,,Open-ended most important financial problem facing the respondent's family.,https://news.gallup.com/poll/708905/affordability-dominates-americans-financial-worries.aspx,"Annual April-to-April comparison, not evidence about August momentum. | Family financial concern is not equivalent to voting intention. | Earlier-wave n must be obtained before a formal two-sample significance calculation."
P05,electricity_datacenters,United States,2026-08-05,2026-07-22,2026-07-29,2026-01-21/2026-01-28,data_centers_costs_outweigh_benefits,62.0,,percent,adults,opposition_and_prompted_current_issue_priority,,"After a common description of investment in data centers for AI and other applications, choose whether benefits or costs outweigh the other; separately choose the issue that matters most right now from a supplied list.",https://law.marquette.edu/poll/2026/08/05/new-marquette-law-school-poll-national-survey-finds-inflation-and-cost-of-living-the-most-important-issue-economy-next-most-important/,"Data-center attitude is not a measured share voting on data centers. | Current-issue choices added housing and the SAVE Act and removed the deficit in July; no clean trend from April Iran 24% to July 10%. The question asks current importance, not whether the issue determines the respondent's vote. | Party subgroups have larger uncertainty; no inferred individual cross-party coalition behavior. | AI bad-for-society July level equals April rather than showing a monotonic increase."
P05,electricity_datacenters,United States,2026-08-05,2026-07-22,2026-07-29,2026-04-08/2026-04-16,data_centers_costs_outweigh_benefits,69.0,,percent,adults,opposition_and_prompted_current_issue_priority,,"After a common description of investment in data centers for AI and other applications, choose whether benefits or costs outweigh the other; separately choose the issue that matters most right now from a supplied list.",https://law.marquette.edu/poll/2026/08/05/new-marquette-law-school-poll-national-survey-finds-inflation-and-cost-of-living-the-most-important-issue-economy-next-most-important/,"Data-center attitude is not a measured share voting on data centers. | Current-issue choices added housing and the SAVE Act and removed the deficit in July; no clean trend from April Iran 24% to July 10%. The question asks current importance, not whether the issue determines the respondent's vote. | Party subgroups have larger uncertainty; no inferred individual cross-party coalition behavior. | AI bad-for-society July level equals April rather than showing a monotonic increase."
P05,electricity_datacenters,United States,2026-08-05,2026-07-22,2026-07-29,2026-05-20/2026-05-26,data_centers_costs_outweigh_benefits,71.0,,percent,adults,opposition_and_prompted_current_issue_priority,,"After a common description of investment in data centers for AI and other applications, choose whether benefits or costs outweigh the other; separately choose the issue that matters most right now from a supplied list.",https://law.marquette.edu/poll/2026/08/05/new-marquette-law-school-poll-national-survey-finds-inflation-and-cost-of-living-the-most-important-issue-economy-next-most-important/,"Data-center attitude is not a measured share voting on data centers. | Current-issue choices added housing and the SAVE Act and removed the deficit in July; no clean trend from April Iran 24% to July 10%. The question asks current importance, not whether the issue determines the respondent's vote. | Party subgroups have larger uncertainty; no inferred individual cross-party coalition behavior. | AI bad-for-society July level equals April rather than showing a monotonic increase."
P05,electricity_datacenters,United States,2026-08-05,2026-07-22,2026-07-29,2026-07-22/2026-07-29,data_centers_costs_outweigh_benefits,73.0,,percent,adults,opposition_and_prompted_current_issue_priority,,"After a common description of investment in data centers for AI and other applications, choose whether benefits or costs outweigh the other; separately choose the issue that matters most right now from a supplied list.",https://law.marquette.edu/poll/2026/08/05/new-marquette-law-school-poll-national-survey-finds-inflation-and-cost-of-living-the-most-important-issue-economy-next-most-important/,"Data-center attitude is not a measured share voting on data centers. | Current-issue choices added housing and the SAVE Act and removed the deficit in July; no clean trend from April Iran 24% to July 10%. The question asks current importance, not whether the issue determines the respondent's vote. | Party subgroups have larger uncertainty; no inferred individual cross-party coalition behavior. | AI bad-for-society July level equals April rather than showing a monotonic increase."
P05,electricity_datacenters,United States,2026-08-05,2026-07-22,2026-07-29,2026-07,data_centers_costs_outweigh_benefits,66.0,,percent,Republican_adults,opposition_and_prompted_current_issue_priority,,"After a common description of investment in data centers for AI and other applications, choose whether benefits or costs outweigh the other; separately choose the issue that matters most right now from a supplied list.",https://law.marquette.edu/poll/2026/08/05/new-marquette-law-school-poll-national-survey-finds-inflation-and-cost-of-living-the-most-important-issue-economy-next-most-important/,"Data-center attitude is not a measured share voting on data centers. | Current-issue choices added housing and the SAVE Act and removed the deficit in July; no clean trend from April Iran 24% to July 10%. The question asks current importance, not whether the issue determines the respondent's vote. | Party subgroups have larger uncertainty; no inferred individual cross-party coalition behavior. | AI bad-for-society July level equals April rather than showing a monotonic increase."
P05,electricity_datacenters,United States,2026-08-05,2026-07-22,2026-07-29,2026-07,data_centers_costs_outweigh_benefits,72.0,,percent,independent_adults,opposition_and_prompted_current_issue_priority,,"After a common description of investment in data centers for AI and other applications, choose whether benefits or costs outweigh the other; separately choose the issue that matters most right now from a supplied list.",https://law.marquette.edu/poll/2026/08/05/new-marquette-law-school-poll-national-survey-finds-inflation-and-cost-of-living-the-most-important-issue-economy-next-most-important/,"Data-center attitude is not a measured share voting on data centers. | Current-issue choices added housing and the SAVE Act and removed the deficit in July; no clean trend from April Iran 24% to July 10%. The question asks current importance, not whether the issue determines the respondent's vote. | Party subgroups have larger uncertainty; no inferred individual cross-party coalition behavior. | AI bad-for-society July level equals April rather than showing a monotonic increase."
P05,electricity_datacenters,United States,2026-08-05,2026-07-22,2026-07-29,2026-07,data_centers_costs_outweigh_benefits,80.0,,percent,Democratic_adults,opposition_and_prompted_current_issue_priority,,"After a common description of investment in data centers for AI and other applications, choose whether benefits or costs outweigh the other; separately choose the issue that matters most right now from a supplied list.",https://law.marquette.edu/poll/2026/08/05/new-marquette-law-school-poll-national-survey-finds-inflation-and-cost-of-living-the-most-important-issue-economy-next-most-important/,"Data-center attitude is not a measured share voting on data centers. | Current-issue choices added housing and the SAVE Act and removed the deficit in July; no clean trend from April Iran 24% to July 10%. The question asks current importance, not whether the issue determines the respondent's vote. | Party subgroups have larger uncertainty; no inferred individual cross-party coalition behavior. | AI bad-for-society July level equals April rather than showing a monotonic increase."
P05,electricity_datacenters,United States,2026-08-05,2026-07-22,2026-07-29,2026-07,most_important_issue_inflation,35.0,,percent,adults,opposition_and_prompted_current_issue_priority,,"After a common description of investment in data centers for AI and other applications, choose whether benefits or costs outweigh the other; separately choose the issue that matters most right now from a supplied list.",https://law.marquette.edu/poll/2026/08/05/new-marquette-law-school-poll-national-survey-finds-inflation-and-cost-of-living-the-most-important-issue-economy-next-most-important/,"Data-center attitude is not a measured share voting on data centers. | Current-issue choices added housing and the SAVE Act and removed the deficit in July; no clean trend from April Iran 24% to July 10%. The question asks current importance, not whether the issue determines the respondent's vote. | Party subgroups have larger uncertainty; no inferred individual cross-party coalition behavior. | AI bad-for-society July level equals April rather than showing a monotonic increase."
P05,electricity_datacenters,United States,2026-08-05,2026-07-22,2026-07-29,2026-07,most_important_issue_economy,15.0,,percent,adults,opposition_and_prompted_current_issue_priority,,"After a common description of investment in data centers for AI and other applications, choose whether benefits or costs outweigh the other; separately choose the issue that matters most right now from a supplied list.",https://law.marquette.edu/poll/2026/08/05/new-marquette-law-school-poll-national-survey-finds-inflation-and-cost-of-living-the-most-important-issue-economy-next-most-important/,"Data-center attitude is not a measured share voting on data centers. | Current-issue choices added housing and the SAVE Act and removed the deficit in July; no clean trend from April Iran 24% to July 10%. The question asks current importance, not whether the issue determines the respondent's vote. | Party subgroups have larger uncertainty; no inferred individual cross-party coalition behavior. | AI bad-for-society July level equals April rather than showing a monotonic increase."
P05,electricity_datacenters,United States,2026-08-05,2026-07-22,2026-07-29,2026-07,most_important_issue_Iran,10.0,,percent,adults,opposition_and_prompted_current_issue_priority,,"After a common description of investment in data centers for AI and other applications, choose whether benefits or costs outweigh the other; separately choose the issue that matters most right now from a supplied list.",https://law.marquette.edu/poll/2026/08/05/new-marquette-law-school-poll-national-survey-finds-inflation-and-cost-of-living-the-most-important-issue-economy-next-most-important/,"Data-center attitude is not a measured share voting on data centers. | Current-issue choices added housing and the SAVE Act and removed the deficit in July; no clean trend from April Iran 24% to July 10%. The question asks current importance, not whether the issue determines the respondent's vote. | Party subgroups have larger uncertainty; no inferred individual cross-party coalition behavior. | AI bad-for-society July level equals April rather than showing a monotonic increase."
P05,electricity_datacenters,United States,2026-08-05,2026-07-22,2026-07-29,2026-04,AI_bad_for_society,70.0,,percent,adults,opposition_and_prompted_current_issue_priority,,"After a common description of investment in data centers for AI and other applications, choose whether benefits or costs outweigh the other; separately choose the issue that matters most right now from a supplied list.",https://law.marquette.edu/poll/2026/08/05/new-marquette-law-school-poll-national-survey-finds-inflation-and-cost-of-living-the-most-important-issue-economy-next-most-important/,"Data-center attitude is not a measured share voting on data centers. | Current-issue choices added housing and the SAVE Act and removed the deficit in July; no clean trend from April Iran 24% to July 10%. The question asks current importance, not whether the issue determines the respondent's vote. | Party subgroups have larger uncertainty; no inferred individual cross-party coalition behavior. | AI bad-for-society July level equals April rather than showing a monotonic increase."
P05,electricity_datacenters,United States,2026-08-05,2026-07-22,2026-07-29,2026-05,AI_bad_for_society,65.0,,percent,adults,opposition_and_prompted_current_issue_priority,,"After a common description of investment in data centers for AI and other applications, choose whether benefits or costs outweigh the other; separately choose the issue that matters most right now from a supplied list.",https://law.marquette.edu/poll/2026/08/05/new-marquette-law-school-poll-national-survey-finds-inflation-and-cost-of-living-the-most-important-issue-economy-next-most-important/,"Data-center attitude is not a measured share voting on data centers. | Current-issue choices added housing and the SAVE Act and removed the deficit in July; no clean trend from April Iran 24% to July 10%. The question asks current importance, not whether the issue determines the respondent's vote. | Party subgroups have larger uncertainty; no inferred individual cross-party coalition behavior. | AI bad-for-society July level equals April rather than showing a monotonic increase."
P05,electricity_datacenters,United States,2026-08-05,2026-07-22,2026-07-29,2026-07,AI_bad_for_society,70.0,,percent,adults,opposition_and_prompted_current_issue_priority,,"After a common description of investment in data centers for AI and other applications, choose whether benefits or costs outweigh the other; separately choose the issue that matters most right now from a supplied list.",https://law.marquette.edu/poll/2026/08/05/new-marquette-law-school-poll-national-survey-finds-inflation-and-cost-of-living-the-most-important-issue-economy-next-most-important/,"Data-center attitude is not a measured share voting on data centers. | Current-issue choices added housing and the SAVE Act and removed the deficit in July; no clean trend from April Iran 24% to July 10%. The question asks current importance, not whether the issue determines the respondent's vote. | Party subgroups have larger uncertainty; no inferred individual cross-party coalition behavior. | AI bad-for-society July level equals April rather than showing a monotonic increase."
P06,electricity_datacenters,Wisconsin,2026-08-26,2026-08-12,2026-08-20,2026-02-11/2026-02-19,data_centers_costs_outweigh_benefits,70.0,,percent,registered_voters,state_current_issue_priority_opposition_turnout_sensitivity,,Data-center costs versus benefits; issue that matters most right now from supplied list; governor preference with distinct RV and LV populations.,https://law.marquette.edu/poll/2026/08/26/marquette-law-poll-finds-crowley-leading-tiffany-among-likely-voters-tied-among-all-registered-voters/,"October 2025 data-center wording mentioned a Microsoft cancellation; exclude it from the comparable baseline. | No conclusion that data-center opposition caused the governor preference gap. | Registered-voter and likely-voter results cannot be merged. | July-to-August changes of 1–2 points are not evidence of a statistically established change. | One state does not establish a national electoral trend. The issue-priority question asks current importance, not whether it determines the respondent's vote."
P06,electricity_datacenters,Wisconsin,2026-08-26,2026-08-12,2026-08-20,2026-03-11/2026-03-18,data_centers_costs_outweigh_benefits,69.0,,percent,registered_voters,state_current_issue_priority_opposition_turnout_sensitivity,,Data-center costs versus benefits; issue that matters most right now from supplied list; governor preference with distinct RV and LV populations.,https://law.marquette.edu/poll/2026/08/26/marquette-law-poll-finds-crowley-leading-tiffany-among-likely-voters-tied-among-all-registered-voters/,"October 2025 data-center wording mentioned a Microsoft cancellation; exclude it from the comparable baseline. | No conclusion that data-center opposition caused the governor preference gap. | Registered-voter and likely-voter results cannot be merged. | July-to-August changes of 1–2 points are not evidence of a statistically established change. | One state does not establish a national electoral trend. The issue-priority question asks current importance, not whether it determines the respondent's vote."
P06,electricity_datacenters,Wisconsin,2026-08-26,2026-08-12,2026-08-20,2026-07-08/2026-07-16,data_centers_costs_outweigh_benefits,76.0,,percent,registered_voters,state_current_issue_priority_opposition_turnout_sensitivity,,Data-center costs versus benefits; issue that matters most right now from supplied list; governor preference with distinct RV and LV populations.,https://law.marquette.edu/poll/2026/08/26/marquette-law-poll-finds-crowley-leading-tiffany-among-likely-voters-tied-among-all-registered-voters/,"October 2025 data-center wording mentioned a Microsoft cancellation; exclude it from the comparable baseline. | No conclusion that data-center opposition caused the governor preference gap. | Registered-voter and likely-voter results cannot be merged. | July-to-August changes of 1–2 points are not evidence of a statistically established change. | One state does not establish a national electoral trend. The issue-priority question asks current importance, not whether it determines the respondent's vote."
P06,electricity_datacenters,Wisconsin,2026-08-26,2026-08-12,2026-08-20,2026-08-12/2026-08-20,data_centers_costs_outweigh_benefits,78.0,,percent,registered_voters,state_current_issue_priority_opposition_turnout_sensitivity,,Data-center costs versus benefits; issue that matters most right now from supplied list; governor preference with distinct RV and LV populations.,https://law.marquette.edu/poll/2026/08/26/marquette-law-poll-finds-crowley-leading-tiffany-among-likely-voters-tied-among-all-registered-voters/,"October 2025 data-center wording mentioned a Microsoft cancellation; exclude it from the comparable baseline. | No conclusion that data-center opposition caused the governor preference gap. | Registered-voter and likely-voter results cannot be merged. | July-to-August changes of 1–2 points are not evidence of a statistically established change. | One state does not establish a national electoral trend. The issue-priority question asks current importance, not whether it determines the respondent's vote."
P06,electricity_datacenters,Wisconsin,2026-08-26,2026-08-12,2026-08-20,2026-08,data_centers_costs_outweigh_benefits,64.0,,percent,Republican_registered_voters,state_current_issue_priority_opposition_turnout_sensitivity,,Data-center costs versus benefits; issue that matters most right now from supplied list; governor preference with distinct RV and LV populations.,https://law.marquette.edu/poll/2026/08/26/marquette-law-poll-finds-crowley-leading-tiffany-among-likely-voters-tied-among-all-registered-voters/,"October 2025 data-center wording mentioned a Microsoft cancellation; exclude it from the comparable baseline. | No conclusion that data-center opposition caused the governor preference gap. | Registered-voter and likely-voter results cannot be merged. | July-to-August changes of 1–2 points are not evidence of a statistically established change. | One state does not establish a national electoral trend. The issue-priority question asks current importance, not whether it determines the respondent's vote."
P06,electricity_datacenters,Wisconsin,2026-08-26,2026-08-12,2026-08-20,2026-08,data_centers_costs_outweigh_benefits,80.0,,percent,independent_registered_voters,state_current_issue_priority_opposition_turnout_sensitivity,,Data-center costs versus benefits; issue that matters most right now from supplied list; governor preference with distinct RV and LV populations.,https://law.marquette.edu/poll/2026/08/26/marquette-law-poll-finds-crowley-leading-tiffany-among-likely-voters-tied-among-all-registered-voters/,"October 2025 data-center wording mentioned a Microsoft cancellation; exclude it from the comparable baseline. | No conclusion that data-center opposition caused the governor preference gap. | Registered-voter and likely-voter results cannot be merged. | July-to-August changes of 1–2 points are not evidence of a statistically established change. | One state does not establish a national electoral trend. The issue-priority question asks current importance, not whether it determines the respondent's vote."
P06,electricity_datacenters,Wisconsin,2026-08-26,2026-08-12,2026-08-20,2026-08,data_centers_costs_outweigh_benefits,94.0,,percent,Democratic_registered_voters,state_current_issue_priority_opposition_turnout_sensitivity,,Data-center costs versus benefits; issue that matters most right now from supplied list; governor preference with distinct RV and LV populations.,https://law.marquette.edu/poll/2026/08/26/marquette-law-poll-finds-crowley-leading-tiffany-among-likely-voters-tied-among-all-registered-voters/,"October 2025 data-center wording mentioned a Microsoft cancellation; exclude it from the comparable baseline. | No conclusion that data-center opposition caused the governor preference gap. | Registered-voter and likely-voter results cannot be merged. | July-to-August changes of 1–2 points are not evidence of a statistically established change. | One state does not establish a national electoral trend. The issue-priority question asks current importance, not whether it determines the respondent's vote."
P06,electricity_datacenters,Wisconsin,2026-08-26,2026-08-12,2026-08-20,2026-08,favor_data_center_ban_at_least_one_year,67.0,,percent,registered_voters,state_current_issue_priority_opposition_turnout_sensitivity,,Data-center costs versus benefits; issue that matters most right now from supplied list; governor preference with distinct RV and LV populations.,https://law.marquette.edu/poll/2026/08/26/marquette-law-poll-finds-crowley-leading-tiffany-among-likely-voters-tied-among-all-registered-voters/,"October 2025 data-center wording mentioned a Microsoft cancellation; exclude it from the comparable baseline. | No conclusion that data-center opposition caused the governor preference gap. | Registered-voter and likely-voter results cannot be merged. | July-to-August changes of 1–2 points are not evidence of a statistically established change. | One state does not establish a national electoral trend. The issue-priority question asks current importance, not whether it determines the respondent's vote."
P06,electricity_datacenters,Wisconsin,2026-08-26,2026-08-12,2026-08-20,2026-08,most_important_issue_inflation,43.0,,percent,registered_voters,state_current_issue_priority_opposition_turnout_sensitivity,,Data-center costs versus benefits; issue that matters most right now from supplied list; governor preference with distinct RV and LV populations.,https://law.marquette.edu/poll/2026/08/26/marquette-law-poll-finds-crowley-leading-tiffany-among-likely-voters-tied-among-all-registered-voters/,"October 2025 data-center wording mentioned a Microsoft cancellation; exclude it from the comparable baseline. | No conclusion that data-center opposition caused the governor preference gap. | Registered-voter and likely-voter results cannot be merged. | July-to-August changes of 1–2 points are not evidence of a statistically established change. | One state does not establish a national electoral trend. The issue-priority question asks current importance, not whether it determines the respondent's vote."
P06,electricity_datacenters,Wisconsin,2026-08-26,2026-08-12,2026-08-20,2026-08,most_important_issue_immigration,12.0,,percent,registered_voters,state_current_issue_priority_opposition_turnout_sensitivity,,Data-center costs versus benefits; issue that matters most right now from supplied list; governor preference with distinct RV and LV populations.,https://law.marquette.edu/poll/2026/08/26/marquette-law-poll-finds-crowley-leading-tiffany-among-likely-voters-tied-among-all-registered-voters/,"October 2025 data-center wording mentioned a Microsoft cancellation; exclude it from the comparable baseline. | No conclusion that data-center opposition caused the governor preference gap. | Registered-voter and likely-voter results cannot be merged. | July-to-August changes of 1–2 points are not evidence of a statistically established change. | One state does not establish a national electoral trend. The issue-priority question asks current importance, not whether it determines the respondent's vote."
P06,electricity_datacenters,Wisconsin,2026-08-26,2026-08-12,2026-08-20,2026-08,most_important_issue_health_insurance,10.0,,percent,registered_voters,state_current_issue_priority_opposition_turnout_sensitivity,,Data-center costs versus benefits; issue that matters most right now from supplied list; governor preference with distinct RV and LV populations.,https://law.marquette.edu/poll/2026/08/26/marquette-law-poll-finds-crowley-leading-tiffany-among-likely-voters-tied-among-all-registered-voters/,"October 2025 data-center wording mentioned a Microsoft cancellation; exclude it from the comparable baseline. | No conclusion that data-center opposition caused the governor preference gap. | Registered-voter and likely-voter results cannot be merged. | July-to-August changes of 1–2 points are not evidence of a statistically established change. | One state does not establish a national electoral trend. The issue-priority question asks current importance, not whether it determines the respondent's vote."
P06,electricity_datacenters,Wisconsin,2026-08-26,2026-08-12,2026-08-20,2026-08,most_important_issue_jobs,7.0,,percent,registered_voters,state_current_issue_priority_opposition_turnout_sensitivity,,Data-center costs versus benefits; issue that matters most right now from supplied list; governor preference with distinct RV and LV populations.,https://law.marquette.edu/poll/2026/08/26/marquette-law-poll-finds-crowley-leading-tiffany-among-likely-voters-tied-among-all-registered-voters/,"October 2025 data-center wording mentioned a Microsoft cancellation; exclude it from the comparable baseline. | No conclusion that data-center opposition caused the governor preference gap. | Registered-voter and likely-voter results cannot be merged. | July-to-August changes of 1–2 points are not evidence of a statistically established change. | One state does not establish a national electoral trend. The issue-priority question asks current importance, not whether it determines the respondent's vote."
P06,electricity_datacenters,Wisconsin,2026-08-26,2026-08-12,2026-08-20,2026-08,most_important_issue_property_taxes,6.0,,percent,registered_voters,state_current_issue_priority_opposition_turnout_sensitivity,,Data-center costs versus benefits; issue that matters most right now from supplied list; governor preference with distinct RV and LV populations.,https://law.marquette.edu/poll/2026/08/26/marquette-law-poll-finds-crowley-leading-tiffany-among-likely-voters-tied-among-all-registered-voters/,"October 2025 data-center wording mentioned a Microsoft cancellation; exclude it from the comparable baseline. | No conclusion that data-center opposition caused the governor preference gap. | Registered-voter and likely-voter results cannot be merged. | July-to-August changes of 1–2 points are not evidence of a statistically established change. | One state does not establish a national electoral trend. The issue-priority question asks current importance, not whether it determines the respondent's vote."
P06,electricity_datacenters,Wisconsin,2026-08-26,2026-08-12,2026-08-20,2026-08,most_important_issue_housing,6.0,,percent,registered_voters,state_current_issue_priority_opposition_turnout_sensitivity,,Data-center costs versus benefits; issue that matters most right now from supplied list; governor preference with distinct RV and LV populations.,https://law.marquette.edu/poll/2026/08/26/marquette-law-poll-finds-crowley-leading-tiffany-among-likely-voters-tied-among-all-registered-voters/,"October 2025 data-center wording mentioned a Microsoft cancellation; exclude it from the comparable baseline. | No conclusion that data-center opposition caused the governor preference gap. | Registered-voter and likely-voter results cannot be merged. | July-to-August changes of 1–2 points are not evidence of a statistically established change. | One state does not establish a national electoral trend. The issue-priority question asks current importance, not whether it determines the respondent's vote."
P06,electricity_datacenters,Wisconsin,2026-08-26,2026-08-12,2026-08-20,2026-08,most_important_issue_data_centers,5.0,,percent,registered_voters,state_current_issue_priority_opposition_turnout_sensitivity,,Data-center costs versus benefits; issue that matters most right now from supplied list; governor preference with distinct RV and LV populations.,https://law.marquette.edu/poll/2026/08/26/marquette-law-poll-finds-crowley-leading-tiffany-among-likely-voters-tied-among-all-registered-voters/,"October 2025 data-center wording mentioned a Microsoft cancellation; exclude it from the comparable baseline. | No conclusion that data-center opposition caused the governor preference gap. | Registered-voter and likely-voter results cannot be merged. | July-to-August changes of 1–2 points are not evidence of a statistically established change. | One state does not establish a national electoral trend. The issue-priority question asks current importance, not whether it determines the respondent's vote."
P06,electricity_datacenters,Wisconsin,2026-08-26,2026-08-12,2026-08-20,2026-08,governor_Crowley_D,49.0,,percent,likely_voters,state_current_issue_priority_opposition_turnout_sensitivity,,Data-center costs versus benefits; issue that matters most right now from supplied list; governor preference with distinct RV and LV populations.,https://law.marquette.edu/poll/2026/08/26/marquette-law-poll-finds-crowley-leading-tiffany-among-likely-voters-tied-among-all-registered-voters/,"October 2025 data-center wording mentioned a Microsoft cancellation; exclude it from the comparable baseline. | No conclusion that data-center opposition caused the governor preference gap. | Registered-voter and likely-voter results cannot be merged. | July-to-August changes of 1–2 points are not evidence of a statistically established change. | One state does not establish a national electoral trend. The issue-priority question asks current importance, not whether it determines the respondent's vote."
P06,electricity_datacenters,Wisconsin,2026-08-26,2026-08-12,2026-08-20,2026-08,governor_Tiffany_R,44.0,,percent,likely_voters,state_current_issue_priority_opposition_turnout_sensitivity,,Data-center costs versus benefits; issue that matters most right now from supplied list; governor preference with distinct RV and LV populations.,https://law.marquette.edu/poll/2026/08/26/marquette-law-poll-finds-crowley-leading-tiffany-among-likely-voters-tied-among-all-registered-voters/,"October 2025 data-center wording mentioned a Microsoft cancellation; exclude it from the comparable baseline. | No conclusion that data-center opposition caused the governor preference gap. | Registered-voter and likely-voter results cannot be merged. | July-to-August changes of 1–2 points are not evidence of a statistically established change. | One state does not establish a national electoral trend. The issue-priority question asks current importance, not whether it determines the respondent's vote."
P06,electricity_datacenters,Wisconsin,2026-08-26,2026-08-12,2026-08-20,2026-08,governor_Crowley_D,44.0,,percent,registered_voters,state_current_issue_priority_opposition_turnout_sensitivity,,Data-center costs versus benefits; issue that matters most right now from supplied list; governor preference with distinct RV and LV populations.,https://law.marquette.edu/poll/2026/08/26/marquette-law-poll-finds-crowley-leading-tiffany-among-likely-voters-tied-among-all-registered-voters/,"October 2025 data-center wording mentioned a Microsoft cancellation; exclude it from the comparable baseline. | No conclusion that data-center opposition caused the governor preference gap. | Registered-voter and likely-voter results cannot be merged. | July-to-August changes of 1–2 points are not evidence of a statistically established change. | One state does not establish a national electoral trend. The issue-priority question asks current importance, not whether it determines the respondent's vote."
P06,electricity_datacenters,Wisconsin,2026-08-26,2026-08-12,2026-08-20,2026-08,governor_Tiffany_R,44.0,,percent,registered_voters,state_current_issue_priority_opposition_turnout_sensitivity,,Data-center costs versus benefits; issue that matters most right now from supplied list; governor preference with distinct RV and LV populations.,https://law.marquette.edu/poll/2026/08/26/marquette-law-poll-finds-crowley-leading-tiffany-among-likely-voters-tied-among-all-registered-voters/,"October 2025 data-center wording mentioned a Microsoft cancellation; exclude it from the comparable baseline. | No conclusion that data-center opposition caused the governor preference gap. | Registered-voter and likely-voter results cannot be merged. | July-to-August changes of 1–2 points are not evidence of a statistically established change. | One state does not establish a national electoral trend. The issue-priority question asks current importance, not whether it determines the respondent's vote."
P06,electricity_datacenters,Wisconsin,2026-08-26,2026-08-12,2026-08-20,2026-07,Iran_war_not_worth_cost,71.0,,percent,registered_voters,state_current_issue_priority_opposition_turnout_sensitivity,,Data-center costs versus benefits; issue that matters most right now from supplied list; governor preference with distinct RV and LV populations.,https://law.marquette.edu/poll/2026/08/26/marquette-law-poll-finds-crowley-leading-tiffany-among-likely-voters-tied-among-all-registered-voters/,"October 2025 data-center wording mentioned a Microsoft cancellation; exclude it from the comparable baseline. | No conclusion that data-center opposition caused the governor preference gap. | Registered-voter and likely-voter results cannot be merged. | July-to-August changes of 1–2 points are not evidence of a statistically established change. | One state does not establish a national electoral trend. The issue-priority question asks current importance, not whether it determines the respondent's vote."
P06,electricity_datacenters,Wisconsin,2026-08-26,2026-08-12,2026-08-20,2026-08,Iran_war_not_worth_cost,70.0,,percent,registered_voters,state_current_issue_priority_opposition_turnout_sensitivity,,Data-center costs versus benefits; issue that matters most right now from supplied list; governor preference with distinct RV and LV populations.,https://law.marquette.edu/poll/2026/08/26/marquette-law-poll-finds-crowley-leading-tiffany-among-likely-voters-tied-among-all-registered-voters/,"October 2025 data-center wording mentioned a Microsoft cancellation; exclude it from the comparable baseline. | No conclusion that data-center opposition caused the governor preference gap. | Registered-voter and likely-voter results cannot be merged. | July-to-August changes of 1–2 points are not evidence of a statistically established change. | One state does not establish a national electoral trend. The issue-priority question asks current importance, not whether it determines the respondent's vote."
P06,electricity_datacenters,Wisconsin,2026-08-26,2026-08-12,2026-08-20,2026-02,ICE_enforcement_disapprove,56.0,,percent,registered_voters,state_current_issue_priority_opposition_turnout_sensitivity,,Data-center costs versus benefits; issue that matters most right now from supplied list; governor preference with distinct RV and LV populations.,https://law.marquette.edu/poll/2026/08/26/marquette-law-poll-finds-crowley-leading-tiffany-among-likely-voters-tied-among-all-registered-voters/,"October 2025 data-center wording mentioned a Microsoft cancellation; exclude it from the comparable baseline. | No conclusion that data-center opposition caused the governor preference gap. | Registered-voter and likely-voter results cannot be merged. | July-to-August changes of 1–2 points are not evidence of a statistically established change. | One state does not establish a national electoral trend. The issue-priority question asks current importance, not whether it determines the respondent's vote."
P06,electricity_datacenters,Wisconsin,2026-08-26,2026-08-12,2026-08-20,2026-08,ICE_enforcement_disapprove,57.0,,percent,registered_voters,state_current_issue_priority_opposition_turnout_sensitivity,,Data-center costs versus benefits; issue that matters most right now from supplied list; governor preference with distinct RV and LV populations.,https://law.marquette.edu/poll/2026/08/26/marquette-law-poll-finds-crowley-leading-tiffany-among-likely-voters-tied-among-all-registered-voters/,"October 2025 data-center wording mentioned a Microsoft cancellation; exclude it from the comparable baseline. | No conclusion that data-center opposition caused the governor preference gap. | Registered-voter and likely-voter results cannot be merged. | July-to-August changes of 1–2 points are not evidence of a statistically established change. | One state does not establish a national electoral trend. The issue-priority question asks current importance, not whether it determines the respondent's vote."
P07,ai_jobs_regulation,United States,2026-08-18,2026-06-22,2026-06-28,2025,more_concerned_than_excited,47.0,,percent,adults_18_29,AI_attitude_and_expected_jobs,,More concerned or excited about increased AI use in daily life; expected effect of AI on U.S. jobs over the next twenty years.,https://www.pewresearch.org/short-reads/2026/08/18/young-adults-in-the-us-are-increasingly-wary-of-ai-concerned-it-will-take-jobs/,June fieldwork was published in August; do not timestamp the opinion change as an August shock. | Youth opinion is not youth turnout or vote conversion. | Subgroup sample sizes and earlier fieldwork dates need retrieval before formal change tests. | A twenty-year expectation is not a forecast of 2027–2028 layoffs.
P07,ai_jobs_regulation,United States,2026-08-18,2026-06-22,2026-06-28,2026,more_concerned_than_excited,55.0,,percent,adults_18_29,AI_attitude_and_expected_jobs,,More concerned or excited about increased AI use in daily life; expected effect of AI on U.S. jobs over the next twenty years.,https://www.pewresearch.org/short-reads/2026/08/18/young-adults-in-the-us-are-increasingly-wary-of-ai-concerned-it-will-take-jobs/,June fieldwork was published in August; do not timestamp the opinion change as an August shock. | Youth opinion is not youth turnout or vote conversion. | Subgroup sample sizes and earlier fieldwork dates need retrieval before formal change tests. | A twenty-year expectation is not a forecast of 2027–2028 layoffs.
P07,ai_jobs_regulation,United States,2026-08-18,2026-06-22,2026-06-28,2025,more_concerned_than_excited,50.0,,percent,all_adults,AI_attitude_and_expected_jobs,,More concerned or excited about increased AI use in daily life; expected effect of AI on U.S. jobs over the next twenty years.,https://www.pewresearch.org/short-reads/2026/08/18/young-adults-in-the-us-are-increasingly-wary-of-ai-concerned-it-will-take-jobs/,June fieldwork was published in August; do not timestamp the opinion change as an August shock. | Youth opinion is not youth turnout or vote conversion. | Subgroup sample sizes and earlier fieldwork dates need retrieval before formal change tests. | A twenty-year expectation is not a forecast of 2027–2028 layoffs.
P07,ai_jobs_regulation,United States,2026-08-18,2026-06-22,2026-06-28,2026,more_concerned_than_excited,52.0,,percent,all_adults,AI_attitude_and_expected_jobs,,More concerned or excited about increased AI use in daily life; expected effect of AI on U.S. jobs over the next twenty years.,https://www.pewresearch.org/short-reads/2026/08/18/young-adults-in-the-us-are-increasingly-wary-of-ai-concerned-it-will-take-jobs/,June fieldwork was published in August; do not timestamp the opinion change as an August shock. | Youth opinion is not youth turnout or vote conversion. | Subgroup sample sizes and earlier fieldwork dates need retrieval before formal change tests. | A twenty-year expectation is not a forecast of 2027–2028 layoffs.
P07,ai_jobs_regulation,United States,2026-08-18,2026-06-22,2026-06-28,2024,AI_fewer_jobs_next_20_years,64.0,,percent,all_adults,AI_attitude_and_expected_jobs,,More concerned or excited about increased AI use in daily life; expected effect of AI on U.S. jobs over the next twenty years.,https://www.pewresearch.org/short-reads/2026/08/18/young-adults-in-the-us-are-increasingly-wary-of-ai-concerned-it-will-take-jobs/,June fieldwork was published in August; do not timestamp the opinion change as an August shock. | Youth opinion is not youth turnout or vote conversion. | Subgroup sample sizes and earlier fieldwork dates need retrieval before formal change tests. | A twenty-year expectation is not a forecast of 2027–2028 layoffs.
P07,ai_jobs_regulation,United States,2026-08-18,2026-06-22,2026-06-28,2026,AI_fewer_jobs_next_20_years,71.0,,percent,all_adults,AI_attitude_and_expected_jobs,,More concerned or excited about increased AI use in daily life; expected effect of AI on U.S. jobs over the next twenty years.,https://www.pewresearch.org/short-reads/2026/08/18/young-adults-in-the-us-are-increasingly-wary-of-ai-concerned-it-will-take-jobs/,June fieldwork was published in August; do not timestamp the opinion change as an August shock. | Youth opinion is not youth turnout or vote conversion. | Subgroup sample sizes and earlier fieldwork dates need retrieval before formal change tests. | A twenty-year expectation is not a forecast of 2027–2028 layoffs.
P07,ai_jobs_regulation,United States,2026-08-18,2026-06-22,2026-06-28,2024,AI_fewer_jobs_next_20_years,61.0,,percent,adults_18_29,AI_attitude_and_expected_jobs,,More concerned or excited about increased AI use in daily life; expected effect of AI on U.S. jobs over the next twenty years.,https://www.pewresearch.org/short-reads/2026/08/18/young-adults-in-the-us-are-increasingly-wary-of-ai-concerned-it-will-take-jobs/,June fieldwork was published in August; do not timestamp the opinion change as an August shock. | Youth opinion is not youth turnout or vote conversion. | Subgroup sample sizes and earlier fieldwork dates need retrieval before formal change tests. | A twenty-year expectation is not a forecast of 2027–2028 layoffs.
P07,ai_jobs_regulation,United States,2026-08-18,2026-06-22,2026-06-28,2026,AI_fewer_jobs_next_20_years,73.0,,percent,adults_18_29,AI_attitude_and_expected_jobs,,More concerned or excited about increased AI use in daily life; expected effect of AI on U.S. jobs over the next twenty years.,https://www.pewresearch.org/short-reads/2026/08/18/young-adults-in-the-us-are-increasingly-wary-of-ai-concerned-it-will-take-jobs/,June fieldwork was published in August; do not timestamp the opinion change as an August shock. | Youth opinion is not youth turnout or vote conversion. | Subgroup sample sizes and earlier fieldwork dates need retrieval before formal change tests. | A twenty-year expectation is not a forecast of 2027–2028 layoffs.
P08,healthcare,United States,2026-07-16,2026-06-25,2026-06-30,2026-06,healthcare_costs_extremely_important,51.0,,percent,voters,prompted_health_electoral_priority,,Importance for midterm candidates to discuss specified health-policy issues; numbers record the extremely-important response.,https://www.kff.org/public-opinion/poll-costs-are-the-top-health-care-issue-for-voters-in-the-midterms-but-fraud-tops-republicans-list-as-trump-administration-pushes-crackdown/,Within-health-policy priority differs from an all-issues most-important question. | Single comparable wave in this evidence packet; no claim of increasing salience. | Publication July 16; do not misdate to July 23.
P08,healthcare,United States,2026-07-16,2026-06-25,2026-06-30,2026-06,healthcare_costs_extremely_important,60.0,,percent,Democratic_voters,prompted_health_electoral_priority,,Importance for midterm candidates to discuss specified health-policy issues; numbers record the extremely-important response.,https://www.kff.org/public-opinion/poll-costs-are-the-top-health-care-issue-for-voters-in-the-midterms-but-fraud-tops-republicans-list-as-trump-administration-pushes-crackdown/,Within-health-policy priority differs from an all-issues most-important question. | Single comparable wave in this evidence packet; no claim of increasing salience. | Publication July 16; do not misdate to July 23.
P08,healthcare,United States,2026-07-16,2026-06-25,2026-06-30,2026-06,healthcare_costs_extremely_important,55.0,,percent,independent_voters,prompted_health_electoral_priority,,Importance for midterm candidates to discuss specified health-policy issues; numbers record the extremely-important response.,https://www.kff.org/public-opinion/poll-costs-are-the-top-health-care-issue-for-voters-in-the-midterms-but-fraud-tops-republicans-list-as-trump-administration-pushes-crackdown/,Within-health-policy priority differs from an all-issues most-important question. | Single comparable wave in this evidence packet; no claim of increasing salience. | Publication July 16; do not misdate to July 23.
P08,healthcare,United States,2026-07-16,2026-06-25,2026-06-30,2026-06,government_health_program_fraud_extremely_important,55.0,,percent,Republican_voters,prompted_health_electoral_priority,,Importance for midterm candidates to discuss specified health-policy issues; numbers record the extremely-important response.,https://www.kff.org/public-opinion/poll-costs-are-the-top-health-care-issue-for-voters-in-the-midterms-but-fraud-tops-republicans-list-as-trump-administration-pushes-crackdown/,Within-health-policy priority differs from an all-issues most-important question. | Single comparable wave in this evidence packet; no claim of increasing salience. | Publication July 16; do not misdate to July 23.
S04,ai_jobs_regulation,Colorado,2026-05-14,,,2026-05-12,Senate_repass_ayes,34.0,,votes,,policy_or_background,,,https://leg.colorado.gov/bills/sb26-189,Act effective May 14 is distinct from January 2027 obligations. | Do not apply unrevised SB24-205 assumptions. | Large roll-call majorities are recorded; party labels are not inferred from vote size. | Attorney-general rulemaking and specific company use cases affect compliance exposure.
S04,ai_jobs_regulation,Colorado,2026-05-14,,,2026-05-12,Senate_repass_noes,1.0,,votes,,policy_or_background,,,https://leg.colorado.gov/bills/sb26-189,Act effective May 14 is distinct from January 2027 obligations. | Do not apply unrevised SB24-205 assumptions. | Large roll-call majorities are recorded; party labels are not inferred from vote size. | Attorney-general rulemaking and specific company use cases affect compliance exposure.
S04,ai_jobs_regulation,Colorado,2026-05-14,,,2026-05-09,House_final_ayes,57.0,,votes,,policy_or_background,,,https://leg.colorado.gov/bills/sb26-189,Act effective May 14 is distinct from January 2027 obligations. | Do not apply unrevised SB24-205 assumptions. | Large roll-call majorities are recorded; party labels are not inferred from vote size. | Attorney-general rulemaking and specific company use cases affect compliance exposure.
S04,ai_jobs_regulation,Colorado,2026-05-14,,,2026-05-09,House_final_noes,6.0,,votes,,policy_or_background,,,https://leg.colorado.gov/bills/sb26-189,Act effective May 14 is distinct from January 2027 obligations. | Do not apply unrevised SB24-205 assumptions. | Large roll-call majorities are recorded; party labels are not inferred from vote size. | Attorney-general rulemaking and specific company use cases affect compliance exposure.
S06,healthcare,United States and implementing states,2026-06-03,,,,initial_outreach_window_for_January_2027_implementation,,"""July–September 2026""",calendar_window,,policy_or_background,,,https://www.federalregister.gov/documents/2026/06/03/2026-11094/medicaid-program-community-engagement-requirement-for-certain-individuals,"Requirements apply to specified populations, not all Medicaid recipients. | Outreach date depends on state-selected review months. | Existing beneficiaries are assessed at the first renewal initiated after implementation; no assumption of immediate mass termination on January 1. | Governor or chamber turnover alone does not repeal the federal statute."
S06,healthcare,United States and implementing states,2026-06-03,,,,state_good_faith_exemption_latest_end,,"""2028-12-31""",date,,policy_or_background,,,https://www.federalregister.gov/documents/2026/06/03/2026-11094/medicaid-program-community-engagement-requirement-for-certain-individuals,"Requirements apply to specified populations, not all Medicaid recipients. | Outreach date depends on state-selected review months. | Existing beneficiaries are assessed at the first renewal initiated after implementation; no assumption of immediate mass termination on January 1. | Governor or chamber turnover alone does not repeal the federal statute."
S08,trade_tariffs,United States and 60 trading economies,2026-07-23,,,,investigated_economies,60.0,,economies,,policy_or_background,,,https://www.ustr.gov/about/policy-offices/press-office/press-releases/2026/july/ustr-takes-action-forced-labor-section-301-investigations,Headline tariff rates are not firm-level effective tariff rates; exemptions and MFN treatment matter. | Final action can still face litigation or amendment. | A changed Congress does not automatically reverse executive tariff administration.
S08,trade_tariffs,United States and 60 trading economies,2026-07-23,,,,headline_tariff_rates,,"[10, 12.5]",percent,,policy_or_background,,,https://www.ustr.gov/about/policy-offices/press-office/press-releases/2026/july/ustr-takes-action-forced-labor-section-301-investigations,Headline tariff rates are not firm-level effective tariff rates; exemptions and MFN treatment matter. | Final action can still face litigation or amendment. | A changed Congress does not automatically reverse executive tariff administration.
M01,fed_rates,United States,2026-07-29,,,2026-07-29,federal_funds_target_lower,3.5,,percent,,monetary_policy_not_public_salience,,,https://www.federalreserve.gov/newsevents/pressreleases/monetary20260729a.htm,"This is the July decision, not a prediction of September's decision. | An electoral affordability mandate does not directly set the federal funds rate."
M01,fed_rates,United States,2026-07-29,,,2026-07-29,federal_funds_target_upper,3.75,,percent,,monetary_policy_not_public_salience,,,https://www.federalreserve.gov/newsevents/pressreleases/monetary20260729a.htm,"This is the July decision, not a prediction of September's decision. | An electoral affordability mandate does not directly set the federal funds rate."
M01,fed_rates,United States,2026-07-29,,,2026-07-29,hold_votes,9.0,,votes,,monetary_policy_not_public_salience,,,https://www.federalreserve.gov/newsevents/pressreleases/monetary20260729a.htm,"This is the July decision, not a prediction of September's decision. | An electoral affordability mandate does not directly set the federal funds rate."
M01,fed_rates,United States,2026-07-29,,,2026-07-29,hike_dissents,3.0,,votes,,monetary_policy_not_public_salience,,,https://www.federalreserve.gov/newsevents/pressreleases/monetary20260729a.htm,"This is the July decision, not a prediction of September's decision. | An electoral affordability mandate does not directly set the federal funds rate."
M02,jobs_growth,United States,2026-09-04,,,2026-08,payroll_monthly_change,162000.0,,jobs,,realized_macro_release,,,https://www.bls.gov/news.release/archives/empsit_09042026.htm,Payroll figures are preliminary and subject to revision; preserve this release vintage. | Payroll and unemployment estimates come from different surveys. | No paid consensus forecast or surprise statistic is imputed.
M02,jobs_growth,United States,2026-09-04,,,2026-08,unemployment_rate,4.1,,percent,,realized_macro_release,,,https://www.bls.gov/news.release/archives/empsit_09042026.htm,Payroll figures are preliminary and subject to revision; preserve this release vintage. | Payroll and unemployment estimates come from different surveys. | No paid consensus forecast or surprise statistic is imputed.
M03,immigration,United States,2026-05-19,,,2025,foreign_born_share_civilian_labor_force,19.1,,percent,,structural_exposure_not_public_salience,,,https://www.bls.gov/news.release/archives/forbrn_05192026.htm,Foreign-born is not synonymous with unauthorized or deportable. | 2025 annual estimates use eleven months because October CPS collection was interrupted; not a simple twelve-month average. | Regional occupational exposure is not an estimated causal effect of enforcement or immigration on election results.
M03,immigration,United States,2026-05-19,,,2025,foreign_born_share_West_labor_force,24.5,,percent,,structural_exposure_not_public_salience,,,https://www.bls.gov/news.release/archives/forbrn_05192026.htm,Foreign-born is not synonymous with unauthorized or deportable. | 2025 annual estimates use eleven months because October CPS collection was interrupted; not a simple twelve-month average. | Regional occupational exposure is not an estimated causal effect of enforcement or immigration on election results.
M03,immigration,United States,2026-05-19,,,2025,foreign_born_share_Midwest_labor_force,10.8,,percent,,structural_exposure_not_public_salience,,,https://www.bls.gov/news.release/archives/forbrn_05192026.htm,Foreign-born is not synonymous with unauthorized or deportable. | 2025 annual estimates use eleven months because October CPS collection was interrupted; not a simple twelve-month average. | Regional occupational exposure is not an estimated causal effect of enforcement or immigration on election results.
M04,taxes_fiscal,United States,2026-02-11,,,2026,projected_FY2026_deficit,1.9,,trillion_USD,,conditional_macro_fiscal_baseline,,,https://www.cbo.gov/publication/61882,Does not incorporate later 2026 trade decisions or Iran developments. | Projected values are not realized facts. | Do not infer the post-midterm fiscal impulse from the total deficit; compare policy changes against an updated baseline.
M04,taxes_fiscal,United States,2026-02-11,,,2036,projected_debt_GDP,120.0,,percent,,conditional_macro_fiscal_baseline,,,https://www.cbo.gov/publication/61882,Does not incorporate later 2026 trade decisions or Iran developments. | Projected values are not realized facts. | Do not infer the post-midterm fiscal impulse from the total deficit; compare policy changes against an updated baseline.
M05,energy_iran,Global and United States,2026-08-11,,,2026-07,estimated_Middle_East_production_shut_in,5.5,,million_barrels_per_day,,physical_energy_and_forecast_not_public_salience,,,https://www.eia.gov/outlooks/steo/archives/aug26.pdf,"A conditional agency forecast is not a verified probability that shipping normalizes on that schedule. | Distinguish financial prices, shipping flows, inventories and production. | Use the archived August PDF; a later September release lies outside the freeze."
M05,energy_iran,Global and United States,2026-08-11,,,2026-Q3,forecast_Brent_Q3_2026,85.0,,USD_per_barrel,,physical_energy_and_forecast_not_public_salience,,,https://www.eia.gov/outlooks/steo/archives/aug26.pdf,"A conditional agency forecast is not a verified probability that shipping normalizes on that schedule. | Distinguish financial prices, shipping flows, inventories and production. | Use the archived August PDF; a later September release lies outside the freeze."
M05,energy_iran,Global and United States,2026-08-11,,,2026-08,change_from_July_Brent_Q3_forecast,11.0,,USD_per_barrel,,physical_energy_and_forecast_not_public_salience,,,https://www.eia.gov/outlooks/steo/archives/aug26.pdf,"A conditional agency forecast is not a verified probability that shipping normalizes on that schedule. | Distinguish financial prices, shipping flows, inventories and production. | Use the archived August PDF; a later September release lies outside the freeze."
E01,taxes_fiscal,United States federal elections,2026-05-18,,,,general_election_date,,"""2026-11-03""",date,,policy_or_background,,,https://www.fec.gov/resources/cms-content/documents/2026pdates.pdf,FEC compiles dates but state election offices administer elections. | Calendar is a May 18 vintage and dates can change; no assertion that every later modification is captured. | Do not use post-freeze New Hampshire primary results. | Louisiana timing can extend resolution beyond November 3.
E01,taxes_fiscal,United States federal elections,2026-05-18,,,,New_Hampshire_primary,,"""2026-09-08""",date,,policy_or_background,,,https://www.fec.gov/resources/cms-content/documents/2026pdates.pdf,FEC compiles dates but state election offices administer elections. | Calendar is a May 18 vintage and dates can change; no assertion that every later modification is captured. | Do not use post-freeze New Hampshire primary results. | Louisiana timing can extend resolution beyond November 3.
E01,taxes_fiscal,United States federal elections,2026-05-18,,,,Rhode_Island_primary,,"""2026-09-09""",date,,policy_or_background,,,https://www.fec.gov/resources/cms-content/documents/2026pdates.pdf,FEC compiles dates but state election offices administer elections. | Calendar is a May 18 vintage and dates can change; no assertion that every later modification is captured. | Do not use post-freeze New Hampshire primary results. | Louisiana timing can extend resolution beyond November 3.
E01,taxes_fiscal,United States federal elections,2026-05-18,,,,Delaware_primary,,"""2026-09-15""",date,,policy_or_background,,,https://www.fec.gov/resources/cms-content/documents/2026pdates.pdf,FEC compiles dates but state election offices administer elections. | Calendar is a May 18 vintage and dates can change; no assertion that every later modification is captured. | Do not use post-freeze New Hampshire primary results. | Louisiana timing can extend resolution beyond November 3.
E01,taxes_fiscal,United States federal elections,2026-05-18,,,,Louisiana_House_election_rounds,,"[""2026-11-03"", ""2026-12-12""]",dates,,policy_or_background,,,https://www.fec.gov/resources/cms-content/documents/2026pdates.pdf,FEC compiles dates but state election offices administer elections. | Calendar is a May 18 vintage and dates can change; no assertion that every later modification is captured. | Do not use post-freeze New Hampshire primary results. | Louisiana timing can extend resolution beyond November 3.
E02,taxes_fiscal,United States Senate,2026-07-14,,,,Republican_seats,53.0,,seats,,policy_or_background,,,https://www.dailypress.senate.gov/on-the-floor/senate-facts/,"The page labels a list Class II while including special-election seats; do not call all 35 seats regular Class II elections. | Race exposure differs by geography; national vote shares cannot translate mechanically into Senate control. | Dynamic site retrieved after freeze; use the dated lineup, not unrelated page updates."
E02,taxes_fiscal,United States Senate,2026-07-14,,,,Democratic_seats,45.0,,seats,,policy_or_background,,,https://www.dailypress.senate.gov/on-the-floor/senate-facts/,"The page labels a list Class II while including special-election seats; do not call all 35 seats regular Class II elections. | Race exposure differs by geography; national vote shares cannot translate mechanically into Senate control. | Dynamic site retrieved after freeze; use the dated lineup, not unrelated page updates."
E02,taxes_fiscal,United States Senate,2026-07-14,,,,independent_D_caucusing_seats,2.0,,seats,,policy_or_background,,,https://www.dailypress.senate.gov/on-the-floor/senate-facts/,"The page labels a list Class II while including special-election seats; do not call all 35 seats regular Class II elections. | Race exposure differs by geography; national vote shares cannot translate mechanically into Senate control. | Dynamic site retrieved after freeze; use the dated lineup, not unrelated page updates."
E02,taxes_fiscal,United States Senate,2026-07-14,,,,2026_election_seats_D,13.0,,seats,,policy_or_background,,,https://www.dailypress.senate.gov/on-the-floor/senate-facts/,"The page labels a list Class II while including special-election seats; do not call all 35 seats regular Class II elections. | Race exposure differs by geography; national vote shares cannot translate mechanically into Senate control. | Dynamic site retrieved after freeze; use the dated lineup, not unrelated page updates."
E02,taxes_fiscal,United States Senate,2026-07-14,,,,2026_election_seats_R,22.0,,seats,,policy_or_background,,,https://www.dailypress.senate.gov/on-the-floor/senate-facts/,"The page labels a list Class II while including special-election seats; do not call all 35 seats regular Class II elections. | Race exposure differs by geography; national vote shares cannot translate mechanically into Senate control. | Dynamic site retrieved after freeze; use the dated lineup, not unrelated page updates."
E03,electricity_datacenters,United States state legislatures,2026-06-25,,,,state_legislative_seats_up,6139.0,,seats,,policy_or_background,,,https://www.ncsl.org/elections-and-campaigns/ncsl-state-elections-2026,"Not every chamber elects all seats at once. | NCSL partisan-control color reflects party counts and may differ from governing coalitions. | This is an inventory, not a fitted 6,139-race prediction model."
E03,electricity_datacenters,United States state legislatures,2026-06-25,,,,states_with_legislative_elections,46.0,,states,,policy_or_background,,,https://www.ncsl.org/elections-and-campaigns/ncsl-state-elections-2026,"Not every chamber elects all seats at once. | NCSL partisan-control color reflects party counts and may differ from governing coalitions. | This is an inventory, not a fitted 6,139-race prediction model."
E03,electricity_datacenters,United States state legislatures,2026-06-25,,,,chambers_with_elections,88.0,,chambers,,policy_or_background,,,https://www.ncsl.org/elections-and-campaigns/ncsl-state-elections-2026,"Not every chamber elects all seats at once. | NCSL partisan-control color reflects party counts and may differ from governing coalitions. | This is an inventory, not a fitted 6,139-race prediction model."
E03,electricity_datacenters,United States state legislatures,2026-06-25,,,,total_state_chambers,99.0,,chambers,,policy_or_background,,,https://www.ncsl.org/elections-and-campaigns/ncsl-state-elections-2026,"Not every chamber elects all seats at once. | NCSL partisan-control color reflects party counts and may differ from governing coalitions. | This is an inventory, not a fitted 6,139-race prediction model."
E04,electricity_datacenters,United States states and territories,2026-08-03,,,2026-11,gubernatorial_elections_states_and_territories,39.0,,elections,,policy_or_background,,,https://www.nga.org/news/press-releases/highlights-from-the-2026-nga-summer-meeting/,"39 includes territories; do not describe this as 39 U.S. states. | NGA's expectation of more than twenty new governors is a projection, not a final result. | Governor control does not imply control of both legislative chambers or independent regulators."
E06,electricity_datacenters,Wisconsin statewide election dates; notice issued by Bayfield County Clerk,2026-04-09,,,,wisconsin_partisan_primary_date,,"""2026-08-11""",calendar_date,,policy_or_background,,,https://www.bayfieldcounty.wi.gov/DocumentCenter/View/20824/Notice-of-Election-Partisan-Primary-August-11-2026-and-General-Election-November-3-2026,"The statewide election dates are transferable; the listed legislative districts are county-specific and are not a statewide seat inventory. | An August 11 morning-to-September 8 price comparison crosses nomination resolution and first post-primary polling, so it cannot isolate an issue-salience effect. | Election timing is distinct from the assumption of office and from a policy's enactment or implementation date."
E06,electricity_datacenters,Wisconsin statewide election dates; notice issued by Bayfield County Clerk,2026-04-09,,,,wisconsin_general_election_date,,"""2026-11-03""",calendar_date,,policy_or_background,,,https://www.bayfieldcounty.wi.gov/DocumentCenter/View/20824/Notice-of-Election-Partisan-Primary-August-11-2026-and-General-Election-November-3-2026,"The statewide election dates are transferable; the listed legislative districts are county-specific and are not a statewide seat inventory. | An August 11 morning-to-September 8 price comparison crosses nomination resolution and first post-primary polling, so it cannot isolate an issue-salience effect. | Election timing is distinct from the assumption of office and from a policy's enactment or implementation date."
E06,electricity_datacenters,Wisconsin statewide election dates; notice issued by Bayfield County Clerk,2026-04-09,,,,current_wisconsin_governor_term_expiration,,"""2027-01-04""",calendar_date,,policy_or_background,,,https://www.bayfieldcounty.wi.gov/DocumentCenter/View/20824/Notice-of-Election-Partisan-Primary-August-11-2026-and-General-Election-November-3-2026,"The statewide election dates are transferable; the listed legislative districts are county-specific and are not a statewide seat inventory. | An August 11 morning-to-September 8 price comparison crosses nomination resolution and first post-primary polling, so it cannot isolate an issue-salience effect. | Election timing is distinct from the assumption of office and from a policy's enactment or implementation date."
