ticker,metric,value,period_end,latest_known_at,source_urls,status
MSFT,diluted_eps,17.95,2026-06-30,2026-07-29T20:08:01+00:00,https://www.sec.gov/Archives/edgar/data/789019/000119312526323660/msft-20260630.htm,observed
MSFT,revenue,331839000000.0,2026-06-30,2026-07-29T20:08:01+00:00,https://www.sec.gov/Archives/edgar/data/789019/000119312526323660/msft-20260630.htm,observed
MSFT,operating_income,155237000000.0,2026-06-30,2026-07-29T20:08:01+00:00,https://www.sec.gov/Archives/edgar/data/789019/000119312526323660/msft-20260630.htm,observed
MSFT,operating_cash_flow,182935000000.0,2026-06-30,2026-07-29T20:08:01+00:00,https://www.sec.gov/Archives/edgar/data/789019/000119312526323660/msft-20260630.htm,observed
MSFT,cash_capex,115948000000.0,2026-06-30,2026-07-29T20:08:01+00:00,https://www.sec.gov/Archives/edgar/data/789019/000119312526323660/msft-20260630.htm,observed
MSFT,common_shares_outstanding,7425545491.0,2026-07-23,2026-07-29T20:08:01+00:00,https://www.sec.gov/Archives/edgar/data/789019/000119312526323660/msft-20260630.htm,observed
VRT,diluted_eps,4.42,2026-06-30,2026-07-29T20:08:23+00:00,https://www.sec.gov/Archives/edgar/data/1674101/000162828026050609/vrt-20260630.htm|https://www.sec.gov/Archives/edgar/data/1674101/000167410126000008/vrt-20251231.htm,derived_matching_periods
VRT,revenue,11479600000.0,2026-06-30,2026-07-29T20:08:23+00:00,https://www.sec.gov/Archives/edgar/data/1674101/000162828026050609/vrt-20260630.htm|https://www.sec.gov/Archives/edgar/data/1674101/000167410126000008/vrt-20251231.htm,derived_matching_periods
VRT,operating_income,2174600000.0,2026-06-30,2026-07-29T20:08:23+00:00,https://www.sec.gov/Archives/edgar/data/1674101/000162828026050609/vrt-20260630.htm|https://www.sec.gov/Archives/edgar/data/1674101/000167410126000008/vrt-20251231.htm,derived_matching_periods
VRT,operating_cash_flow,3354200000.0,2026-06-30,2026-07-29T20:08:23+00:00,https://www.sec.gov/Archives/edgar/data/1674101/000162828026050609/vrt-20260630.htm|https://www.sec.gov/Archives/edgar/data/1674101/000167410126000008/vrt-20251231.htm,derived_matching_periods
VRT,cash_capex,424400000.0,2026-06-30,2026-07-29T20:08:23+00:00,https://www.sec.gov/Archives/edgar/data/1674101/000162828026050609/vrt-20260630.htm|https://www.sec.gov/Archives/edgar/data/1674101/000167410126000008/vrt-20251231.htm,derived_matching_periods
VRT,common_shares_outstanding,384988173.0,2026-07-27,2026-07-29T20:08:23+00:00,https://www.sec.gov/Archives/edgar/data/1674101/000162828026050609/vrt-20260630.htm,observed
WMT,diluted_eps,2.76,2026-07-31,2026-08-28T20:11:28+00:00,https://www.sec.gov/Archives/edgar/data/104169/000010416926000154/wmt-20260731.htm|https://www.sec.gov/Archives/edgar/data/104169/000010416926000055/wmt-20260131.htm,derived_matching_periods
WMT,revenue,728466000000.0,2026-07-31,2026-08-28T20:11:28+00:00,https://www.sec.gov/Archives/edgar/data/104169/000010416926000154/wmt-20260731.htm|https://www.sec.gov/Archives/edgar/data/104169/000010416926000055/wmt-20260131.htm,derived_matching_periods
WMT,operating_income,32280000000.0,2026-07-31,2026-08-28T20:11:28+00:00,https://www.sec.gov/Archives/edgar/data/104169/000010416926000154/wmt-20260731.htm|https://www.sec.gov/Archives/edgar/data/104169/000010416926000055/wmt-20260131.htm,derived_matching_periods
WMT,operating_cash_flow,42923000000.0,2026-07-31,2026-08-28T20:11:28+00:00,https://www.sec.gov/Archives/edgar/data/104169/000010416926000154/wmt-20260731.htm|https://www.sec.gov/Archives/edgar/data/104169/000010416926000055/wmt-20260131.htm,derived_matching_periods
WMT,cash_capex,29414000000.0,2026-07-31,2026-08-28T20:11:28+00:00,https://www.sec.gov/Archives/edgar/data/104169/000010416926000154/wmt-20260731.htm|https://www.sec.gov/Archives/edgar/data/104169/000010416926000055/wmt-20260131.htm,derived_matching_periods
WMT,common_shares_outstanding,7933746241.0,2026-08-26,2026-08-28T20:11:28+00:00,https://www.sec.gov/Archives/edgar/data/104169/000010416926000154/wmt-20260731.htm,observed
XOM,diluted_eps,7.77,2026-06-30,2026-08-03T18:55:38+00:00,https://www.sec.gov/Archives/edgar/data/2115436/000003408826000093/xom-20260630.htm|https://www.sec.gov/Archives/edgar/data/34088/000003408826000045/xom-20251231.htm,derived_matching_periods
XOM,revenue,368757000000.0,2026-06-30,2026-08-03T18:55:38+00:00,https://www.sec.gov/Archives/edgar/data/2115436/000003408826000093/xom-20260630.htm|https://www.sec.gov/Archives/edgar/data/34088/000003408826000045/xom-20251231.htm,derived_matching_periods
XOM,operating_cash_flow,59727000000.0,2026-06-30,2026-08-03T18:55:38+00:00,https://www.sec.gov/Archives/edgar/data/2115436/000003408826000093/xom-20260630.htm|https://www.sec.gov/Archives/edgar/data/34088/000003408826000045/xom-20251231.htm,derived_matching_periods
XOM,cash_capex,29174000000.0,2026-06-30,2026-08-03T18:55:38+00:00,https://www.sec.gov/Archives/edgar/data/2115436/000003408826000093/xom-20260630.htm|https://www.sec.gov/Archives/edgar/data/34088/000003408826000045/xom-20251231.htm,derived_matching_periods
XOM,common_shares_outstanding,4112000000.0,2026-06-30,2026-08-03T18:55:38+00:00,https://www.sec.gov/Archives/edgar/data/2115436/000003408826000093/xom-20260630.htm,observed
DHI,diluted_eps,10.49,2026-06-30,2026-07-23T20:10:32+00:00,https://www.sec.gov/Archives/edgar/data/882184/000088218426000096/dhi-20260630.htm|https://www.sec.gov/Archives/edgar/data/882184/000088218425000081/dhi-20250930.htm,derived_matching_periods
DHI,revenue,33350000000.0,2026-06-30,2026-07-23T20:10:32+00:00,https://www.sec.gov/Archives/edgar/data/882184/000088218426000096/dhi-20260630.htm|https://www.sec.gov/Archives/edgar/data/882184/000088218425000081/dhi-20250930.htm,derived_matching_periods
DHI,operating_cash_flow,3352600000.0,2026-06-30,2026-07-23T20:10:32+00:00,https://www.sec.gov/Archives/edgar/data/882184/000088218426000096/dhi-20260630.htm|https://www.sec.gov/Archives/edgar/data/882184/000088218425000081/dhi-20250930.htm,derived_matching_periods
DHI,cash_capex,150400000.0,2026-06-30,2026-07-23T20:10:32+00:00,https://www.sec.gov/Archives/edgar/data/882184/000088218426000096/dhi-20260630.htm|https://www.sec.gov/Archives/edgar/data/882184/000088218425000081/dhi-20250930.htm,derived_matching_periods
DHI,common_shares_outstanding,279701267.0,2026-07-16,2026-07-23T20:10:32+00:00,https://www.sec.gov/Archives/edgar/data/882184/000088218426000096/dhi-20260630.htm,observed
UNH,diluted_eps,15.560000000000002,2026-06-30,2026-08-10T20:07:52+00:00,https://www.sec.gov/Archives/edgar/data/731766/000073176626000197/unh-20260630.htm|https://www.sec.gov/Archives/edgar/data/731766/000073176626000062/unh-20251231.htm,derived_matching_periods
UNH,revenue,450129000000.0,2026-06-30,2026-08-10T20:07:52+00:00,https://www.sec.gov/Archives/edgar/data/731766/000073176626000197/unh-20260630.htm|https://www.sec.gov/Archives/edgar/data/731766/000073176626000062/unh-20251231.htm,derived_matching_periods
UNH,operating_income,21676000000.0,2026-06-30,2026-08-10T20:07:52+00:00,https://www.sec.gov/Archives/edgar/data/731766/000073176626000197/unh-20260630.htm|https://www.sec.gov/Archives/edgar/data/731766/000073176626000062/unh-20251231.htm,derived_matching_periods
UNH,operating_cash_flow,27017000000.0,2026-06-30,2026-08-10T20:07:52+00:00,https://www.sec.gov/Archives/edgar/data/731766/000073176626000197/unh-20260630.htm|https://www.sec.gov/Archives/edgar/data/731766/000073176626000062/unh-20251231.htm,derived_matching_periods
UNH,cash_capex,3400000000.0,2026-06-30,2026-08-10T20:07:52+00:00,https://www.sec.gov/Archives/edgar/data/731766/000073176626000197/unh-20260630.htm|https://www.sec.gov/Archives/edgar/data/731766/000073176626000062/unh-20251231.htm,derived_matching_periods
UNH,common_shares_outstanding,897594847.0,2026-07-31,2026-08-10T20:07:52+00:00,https://www.sec.gov/Archives/edgar/data/731766/000073176626000197/unh-20260630.htm,observed
JPM,diluted_eps,23.34,2026-06-30,2026-08-06T20:19:03+00:00,https://www.sec.gov/Archives/edgar/data/19617/000162828026054343/jpm-20260630.htm|https://www.sec.gov/Archives/edgar/data/19617/000162828026008131/jpm-20251231.htm,derived_matching_periods
JPM,revenue,199408000000.0,2026-06-30,2026-08-06T20:19:03+00:00,https://www.sec.gov/Archives/edgar/data/19617/000162828026054343/jpm-20260630.htm|https://www.sec.gov/Archives/edgar/data/19617/000162828026008131/jpm-20251231.htm,derived_matching_periods
JPM,operating_cash_flow,-162534000000.0,2026-06-30,2026-08-06T20:19:03+00:00,https://www.sec.gov/Archives/edgar/data/19617/000162828026054343/jpm-20260630.htm|https://www.sec.gov/Archives/edgar/data/19617/000162828026008131/jpm-20251231.htm,derived_matching_periods
JPM,common_shares_outstanding,2658186195.0,2026-06-30,2026-08-06T20:19:03+00:00,https://www.sec.gov/Archives/edgar/data/19617/000162828026054343/jpm-20260630.htm,observed
