id,date,source_url,source_title,claim,stage,jurisdiction,salience_signal_type,trend_status
P01,2026-07-23,https://www.pewresearch.org/politics/2026/07/23/as-the-2026-midterms-approach-economy-is-front-and-center/,"As the 2026 midterms approach, economy is front and center",Economy leads the open-ended congressional campaign agenda; many adults agree with neither party on AI.,published_poll,United States,open_ended_electoral_priority,not_a_trend_observation
P02,2026-07-23,https://www.pewresearch.org/politics/2026/07/23/americans-evaluations-of-the-economy-remain-negative/,Americans' evaluations of the economy remain negative,Gasoline concern rose much more than other household-cost concerns between January and July; AI was not asked in January.,published_poll,United States,economic_concern_not_electoral_priority,comparable_questions_populations_nominal_changes
P03,2026-07-27,https://news.gallup.com/poll/713018/economic-confidence-improves-july.aspx,U.S. Economic Confidence Improves in July,Economic confidence recovered from May's trough; inflation as the nation's most important problem declined from May to July while immigration rebounded from June.,published_poll,United States,open_ended_national_problem_and_confidence,comparable_questions_populations_nominal_changes
P04,2026-04-28,https://news.gallup.com/poll/708905/affordability-dominates-americans-financial-worries.aspx,Affordability Dominates Americans' Financial Worries,Energy costs became a more frequently named family financial problem than in April 2025; broad inflation remained the largest category.,published_poll,United States,personal_financial_problem,comparable_questions_populations_nominal_changes
P05,2026-08-05,https://law.marquette.edu/poll/2026/08/05/new-marquette-law-school-poll-national-survey-finds-inflation-and-cost-of-living-the-most-important-issue-economy-next-most-important/,New Marquette Law School Poll national survey finds inflation and cost of living the most important issue; economy next most important,Opposition to the cost-benefit balance of data centers increased on a stable question; the current-issue list changed across waves and cannot support a clean salience trend.,published_poll,United States,opposition_and_prompted_current_issue_priority,data_center_question_comparable_issue_list_not_comparable
P06,2026-08-26,https://law.marquette.edu/poll/2026/08/26/marquette-law-poll-finds-crowley-leading-tiffany-among-likely-voters-tied-among-all-registered-voters/,"Marquette Law Poll finds Crowley leading Tiffany among likely voters, tied among all registered voters","Data-center opposition is broad, but inflation dominates stated current-issue priorities. The gubernatorial result depends materially on the turnout screen.",published_poll,Wisconsin,state_current_issue_priority_opposition_turnout_sensitivity,data_center_question_comparable_February_onward
P07,2026-08-18,https://www.pewresearch.org/short-reads/2026/08/18/young-adults-in-the-us-are-increasingly-wary-of-ai-concerned-it-will-take-jobs/,"Young adults in the U.S. are increasingly wary of AI, concerned it will take jobs","AI anxiety has risen more sharply among young adults than across adults overall; the concern concerns future employment, not observed job destruction.",published_poll,United States,AI_attitude_and_expected_jobs,comparable_questions_populations_nominal_changes
P08,2026-07-16,https://www.kff.org/public-opinion/poll-costs-are-the-top-health-care-issue-for-voters-in-the-midterms-but-fraud-tops-republicans-list-as-trump-administration-pushes-crackdown/,"Poll: Costs Are the Top Health Care Issue for Voters in the Midterms, But Fraud Tops Republicans' List As Trump Administration Pushes Crackdown",Health-cost priority and anti-fraud priority differ by party; concern about costs does not imply agreement on the financing response.,published_poll,United States,prompted_health_electoral_priority,not_a_trend_observation
S01,2025-07-09,https://content.govdelivery.com/accounts/OHPUC/bulletins/3e8bb79,PUCO orders AEP Ohio to create data center specific tariff,PUCO ordered AEP Ohio to establish a separate data-center tariff intended to protect other customers from costs associated with data-center expansion.,regulatory_order,Ohio,policy_or_background,not_a_trend_observation
S02,2026-04-29,https://www.maine.gov/governor/mills/news/governor-mills-signs-executive-order-establish-maine-data-center-advisory-council-2026-04-29,Governor Mills Signs Executive Order to Establish Maine Data Center Advisory Council,"After a data-center moratorium bill was vetoed and the veto sustained, the governor created an advisory council with recommendations due January 29, 2027.",executive_order_and_sustained_veto,Maine,policy_or_background,not_a_trend_observation
S03,2026-08-18,https://www.pa.gov/content/dam/copapwp-pagov/en/governor/documents/eo2026_05_protecting%20pennsylvania%20consumers%20from%20data%20center%20impacts_final_executed.pdf,Executive Order 2026-05 – Protecting Pennsylvania Consumers from Data Center Impacts,"Executive Order 2026-05 differentiates new permit applications for data centers above 25 MW by GRID consent-agreement participation, removes data centers from Fast Track and directs advocacy for protective utility tariffs.",executive_order,Pennsylvania,policy_or_background,not_a_trend_observation
S04,2026-05-14,https://leg.colorado.gov/bills/sb26-189,SB26-189 Automated Decision-Making Technology,"SB26-189 replaces the prior automated-decision framework; key duties cover consequential decisions, with major obligations beginning January 2027 and attorney-general enforcement.",enacted,Colorado,policy_or_background,not_a_trend_observation
S05,2026-03-20,https://www.whitehouse.gov/releases/2026/03/president-donald-j-trump-unveils-national-ai-legislative-framework/,President Donald J. Trump Unveils National AI Legislative Framework,"The administration proposes a uniform national AI framework, ratepayer protection, workforce measures and easier on-site-power permitting; the release explicitly seeks congressional legislation.",legislative_proposal,United States,policy_or_background,not_a_trend_observation
S06,2026-06-03,https://www.federalregister.gov/documents/2026/06/03/2026-11094/medicaid-program-community-engagement-requirement-for-certain-individuals,Medicaid Program; Community Engagement Requirement for Certain Individuals,"CMS implements a statutory community-engagement condition for applicable Medicaid beneficiaries from January 2027, subject to exceptions and possible good-faith state delays; outreach can precede the election.",interim_final_rule,United States and implementing states,policy_or_background,not_a_trend_observation
S07,2026-03-13,https://www.whitehouse.gov/fact-sheets/2026/03/fact-sheet-president-donald-j-trump-removes-regulatory-barriers-to-affordable-home-construction/,Fact Sheet: President Donald J. Trump Removes Regulatory Barriers to Affordable Home Construction,"A federal executive order directs agencies to review housing-related regulatory barriers, including water permitting and federal approvals.",executive_order,United States,policy_or_background,not_a_trend_observation
S08,2026-07-23,https://www.ustr.gov/about/policy-offices/press-office/press-releases/2026/july/ustr-takes-action-forced-labor-section-301-investigations,USTR Takes Action in Forced Labor Section 301 Investigations,"USTR announced final Section 301 tariffs of 10% or 12.5% on investigated economies, with differentiated treatment and product exemptions.",announced_final_action,United States and 60 trading economies,policy_or_background,not_a_trend_observation
S09,2026-08-19,https://www.irs.gov/pub/irs-drop/fs-2026-14.pdf,Questions and Answers about the limitation on the deduction for business interest expense,"IRS's updated Section 163(j) guidance adds depreciation, amortization and depletion back to adjusted taxable income for tax years beginning after December 2024.",official_tax_guidance,United States,policy_or_background,not_a_trend_observation
M01,2026-07-29,https://www.federalreserve.gov/newsevents/pressreleases/monetary20260729a.htm,Federal Reserve issues FOMC statement,"FOMC held its target range at 3.50–3.75%; three dissenters preferred a quarter-point increase, while the statement described elevated inflation and energy supply shocks.",published_policy_decision,United States,monetary_policy_not_public_salience,not_a_trend_observation
M02,2026-09-04,https://www.bls.gov/news.release/archives/empsit_09042026.htm,Employment Situation News Release - August 2026,"August payroll employment rose 162,000 and unemployment held at 4.1% in the September 4 vintage.",official_release,United States,realized_macro_release,not_a_trend_observation
M03,2026-05-19,https://www.bls.gov/news.release/archives/forbrn_05192026.htm,Labor Force Characteristics of Foreign-born Workers - 2025,"Foreign-born workers represented 19.1% of the civilian labor force in 2025 and were disproportionately employed in several service, construction and production occupations.",official_release,United States,structural_exposure_not_public_salience,not_a_trend_observation
M04,2026-02-11,https://www.cbo.gov/publication/61882,The Budget and Economic Outlook: 2026 to 2036,"CBO's February baseline links fiscal support, tariff and immigration effects, and interest costs; it is a dated conditional baseline, not a September nowcast.",conditional_baseline_forecast,United States,conditional_macro_fiscal_baseline,not_a_trend_observation
M05,2026-08-11,https://www.eia.gov/outlooks/steo/archives/aug26.pdf,Short-Term Energy Outlook - August 2026,EIA's August outlook assumed severe Hormuz constraints through August with recovery beginning in September; its projected return toward pre-conflict production extended into early 2027.,conditional_energy_forecast,Global and United States,physical_energy_and_forecast_not_public_salience,not_a_trend_observation
E01,2026-05-18,https://www.fec.gov/resources/cms-content/documents/2026pdates.pdf,2026 Congressional Primary Dates and Candidate Filing Deadlines for Ballot Access,"The general-election calendar lists November 3, 2026 and state-specific nomination dates; New Hampshire's September 8 and later primaries were not complete at the freeze.",official_calendar,United States federal elections,policy_or_background,not_a_trend_observation
E02,2026-07-14,https://www.dailypress.senate.gov/on-the-floor/senate-facts/,Senate Facts - 119th Congress party lineup,"Senate Press Gallery's July 14 lineup is 53 Republicans, 45 Democrats and two independents caucusing with Democrats; its 2026 election list has 13 Democratic and 22 Republican seats.",dated_official_composition,United States Senate,policy_or_background,not_a_trend_observation
E03,2026-06-25,https://www.ncsl.org/elections-and-campaigns/ncsl-state-elections-2026,NCSL State Elections 2026,"NCSL's June 25 summary identifies 6,139 legislative seats across 46 states and races in 88 of 99 state chambers.",official_association_election_inventory,United States state legislatures,policy_or_background,not_a_trend_observation
E04,2026-08-03,https://www.nga.org/news/press-releases/highlights-from-the-2026-nga-summer-meeting/,Highlights from the 2026 NGA Summer Meeting,"NGA reports 39 gubernatorial elections scheduled for November, including territorial elections, with substantial turnover expected.",official_association_election_inventory,United States states and territories,policy_or_background,not_a_trend_observation
E05,,https://www.senate.gov/about/powers-procedures/voting.htm,U.S. Senate: About Voting,Most Senate passage votes require a simple majority; ordinary legislative cloture generally requires three-fifths of duly chosen and sworn senators; passage and cloture are distinct procedural thresholds.,standing_institutional_rule,United States Senate,policy_or_background,not_a_trend_observation
E06,2026-04-09,https://www.bayfieldcounty.wi.gov/DocumentCenter/View/20824/Notice-of-Election-Partisan-Primary-August-11-2026-and-General-Election-November-3-2026,"Notice of Election: Partisan Primary August 11, 2026 and General Election November 3, 2026","The official county notice places Wisconsin's partisan primary on August 11 and general election on November 3; it lists January 4, 2027 as expiration of the current governor's term.",official_election_notice,Wisconsin statewide election dates; notice issued by Bayfield County Clerk,policy_or_background,not_a_trend_observation
E07,,https://www.archives.gov/founding-docs/constitution-transcript,The Constitution of the United States: A Transcription,"The Constitution separates the president's four-year term, presidential presentment and veto, Senate consent to appointments, and the vice president's tie-breaking Senate vote; a congressional midterm result does not replace the presidency.",standing_institutional_rule,United States federal government,policy_or_background,not_a_trend_observation
