scenario_id,ticker,date,executions,contracts_traded,block_volume_share,unknown_block_volume_share,top_five_print_volume_share,largest_print_contracts,median_print_contracts,nonblock_directional_contracts,nonblock_yes_taker_share,nonblock_taker_imbalance,nonblock_unknown_direction_contracts,candle_volume,candle_volume_hours,full_day_comparable,volume_difference
house_dem,CONTROLH-2026-D,2026-08-11,83,8637.84,0.0,0.0,0.590915089883582,1164.23,10.0,8637.84,0.8145311790910691,0.6290623581821381,0.0,8637.84,24,True,0.0
house_dem,CONTROLH-2026-D,2026-08-12,167,291625.55000000005,0.0,0.0,0.8567493486081722,100000.0,12.38,291625.55000000005,0.6607254748426534,0.3214509496853068,0.0,291625.55,24,True,5.820766091346741e-11
house_dem,CONTROLH-2026-D,2026-08-13,111,12234.590000000002,0.0,0.0,0.7762450560255797,3684.26,11.51,12234.590000000002,0.8722940449986473,0.7445880899972945,0.0,12234.59,23,False,
house_dem,CONTROLH-2026-D,2026-08-14,61,9048.130000000001,0.0,0.0,0.7783575169675944,2303.01,12.04,9048.130000000001,0.512583263060986,0.025166526121972066,0.0,9048.13,24,True,1.8189894035458565e-12
house_dem,CONTROLH-2026-D,2026-08-15,45,3842.66,0.0,0.0,0.8177694617790802,1151.5,11.51,3842.66,0.7189811224516351,0.4379622449032703,0.0,3842.66,22,False,
house_dem,CONTROLH-2026-D,2026-08-16,83,7719.55,0.0,0.0,0.6569217117578098,2303.01,13.94,7719.55,0.8550096832069225,0.7100193664138451,0.0,7719.55,23,False,
house_dem,CONTROLH-2026-D,2026-08-17,78,7388.2,0.0,0.0,0.7506158468909885,3454.51,10.0,7388.2,0.7137056387212042,0.4274112774424084,0.0,7388.2,22,False,
house_dem,CONTROLH-2026-D,2026-08-18,74,20483.119999999995,0.0,0.0,0.9091266369576512,11589.46,11.51,20483.119999999995,0.32711666972609643,-0.34576666054780714,0.0,20483.120000000003,24,True,-7.275957614183426e-12
house_dem,CONTROLH-2026-D,2026-08-19,176,144352.83000000002,0.0,0.0,0.6321265748652104,50000.0,25.71,144352.83000000002,0.4871501306901984,-0.025699738619603202,0.0,144352.83000000002,24,True,0.0
house_dem,CONTROLH-2026-D,2026-08-20,105,47336.77,0.0,0.0,0.7126014301356007,20000.0,11.64,47336.77,0.8353459688947937,0.6706919377895875,0.0,47336.77,23,False,
house_dem,CONTROLH-2026-D,2026-08-21,111,39217.96000000001,0.0,0.0,0.7343319234350791,20000.0,5.82,39217.96000000001,0.8614973853815954,0.7229947707631907,0.0,39217.96,24,True,7.275957614183426e-12
house_dem,CONTROLH-2026-D,2026-08-22,89,35627.32,0.0,0.0,0.6913733617908953,10439.82,25.0,35627.32,0.3140326019470451,-0.37193479610590985,0.0,35627.32,24,True,0.0
house_dem,CONTROLH-2026-D,2026-08-23,100,9601.99,0.0,0.0,0.44842475361878115,1800.0,11.64,9601.99,0.6757869983201399,0.3515739966402797,0.0,9601.99,24,True,0.0
house_dem,CONTROLH-2026-D,2026-08-24,107,75467.58999999998,0.0,0.0,0.7757669219329784,35136.83,11.28,75467.58999999998,0.9293695479079167,0.8587390958158334,0.0,75467.59,24,True,-1.4551915228366852e-11
house_dem,CONTROLH-2026-D,2026-08-25,98,7611.33,0.0,0.0,0.6550826202516512,2380.9,8.030000000000001,7611.33,0.5307745164117178,0.06154903282343562,0.0,7611.33,24,True,0.0
house_dem,CONTROLH-2026-D,2026-08-26,260,55393.869999999995,0.0,0.0,0.6887892107917357,18256.44,6.890000000000001,55393.869999999995,0.30519008691755967,-0.38961982616488067,0.0,55393.87,24,True,-7.275957614183426e-12
house_dem,CONTROLH-2026-D,2026-08-27,205,59664.83,0.0,0.0,0.6209527455286473,12761.0,10.81,59664.83,0.7381311569981847,0.47626231399636937,0.0,59664.83,24,True,0.0
house_dem,CONTROLH-2026-D,2026-08-28,168,16829.65,0.0,0.0,0.5511724842762624,2958.8,11.48,16829.65,0.3386237978805263,-0.3227524042389474,0.0,16829.649999999998,24,True,3.637978807091713e-12
house_dem,CONTROLH-2026-D,2026-08-29,115,20121.41,0.0,0.0,0.6833581742034978,4000.0,11.17,20121.41,0.6258174750179039,0.25163495003580766,0.0,20121.41,24,True,0.0
house_dem,CONTROLH-2026-D,2026-08-30,140,52102.149999999994,0.0,0.0,0.765066508771711,18146.79,11.64,52102.149999999994,0.3227624963653132,-0.3544750072693737,0.0,52102.15,24,True,-7.275957614183426e-12
house_dem,CONTROLH-2026-D,2026-08-31,150,21467.189999999995,0.0,0.0,0.6163112172575919,3800.0,23.28,21467.189999999995,0.6707724671929584,0.3415449343859167,0.0,21467.19,24,True,-3.637978807091713e-12
house_dem,CONTROLH-2026-D,2026-09-01,220,48929.659999999996,0.0,0.0,0.8231030013288464,19258.01,11.63,48929.659999999996,0.9693833964920257,0.9387667929840514,0.0,48929.66,24,True,-7.275957614183426e-12
house_dem,CONTROLH-2026-D,2026-09-02,187,34762.41,0.0,0.0,0.6456436708502086,10000.0,11.64,34762.41,0.6663113978576283,0.33262279571525644,0.0,34762.41,24,True,0.0
house_dem,CONTROLH-2026-D,2026-09-03,165,16966.89,0.0,0.0,0.5167847495917047,2604.0,11.63,16966.89,0.7767752369467827,0.5535504738935656,0.0,16966.89,23,False,
house_dem,CONTROLH-2026-D,2026-09-04,376,65115.06,0.0,0.0,0.5083309452529108,11500.0,11.635000000000002,65115.06,0.7463159828156497,0.49263196563129935,0.0,65115.060000000005,24,True,-7.275957614183426e-12
house_dem,CONTROLH-2026-D,2026-09-05,276,17816.62,0.0,0.0,0.6978259625001826,6020.3,8.285,17816.62,0.7448006411990603,0.4896012823981207,0.0,17816.62,24,True,0.0
house_dem,CONTROLH-2026-D,2026-09-06,175,11813.48,0.0,0.0,0.6203472643116168,2500.0,11.51,11813.48,0.6677956029891278,0.33559120597825554,0.0,11813.48,24,True,0.0
house_dem,CONTROLH-2026-D,2026-09-07,208,28982.34,0.0,0.0,0.7836227164542271,10428.19,11.48,28982.34,0.13394812151123753,-0.7321037569775249,0.0,28982.34,24,True,0.0
senate_dem,CONTROLS-2026-D,2026-08-11,157,130409.67999999998,0.0,0.0,0.5016421327005788,25000.0,19.7,130409.67999999998,0.9906354344248065,0.981270868849613,0.0,130409.68,23,False,
senate_dem,CONTROLS-2026-D,2026-08-12,168,15691.92,0.0,0.0,0.56541583184212,3000.0,9.66,15691.92,0.9044380802349233,0.8088761604698468,0.0,15691.92,24,True,0.0
senate_dem,CONTROLS-2026-D,2026-08-13,128,7051.249999999998,0.0,0.0,0.5323467470306684,1895.75,9.47,7051.249999999998,0.36113738698812275,-0.27772522602375455,0.0,7051.25,23,False,
senate_dem,CONTROLS-2026-D,2026-08-14,142,37920.44,0.0,0.0,0.7278760478517654,9478.79,16.78,37920.44,0.17929987099305805,-0.6414002580138839,0.0,37920.44,24,True,0.0
senate_dem,CONTROLS-2026-D,2026-08-15,79,4731.439999999999,0.0,0.0,0.6425760445023082,985.22,5.0,4731.439999999999,0.6884014169047902,0.3768028338095804,0.0,4731.44,23,False,
senate_dem,CONTROLS-2026-D,2026-08-16,75,3848.4500000000003,0.0,0.0,0.6926684769192791,900.0,5.91,3848.4500000000003,0.5688601904662917,0.1377203809325834,0.0,3848.45,24,True,4.547473508864641e-13
senate_dem,CONTROLS-2026-D,2026-08-17,94,5994.27,0.0,0.0,0.6694710114826325,1250.0,6.625,5994.27,0.2919221189569372,-0.4161557620861256,0.0,5994.27,22,False,
senate_dem,CONTROLS-2026-D,2026-08-18,111,5972.74,0.0,0.0,0.4868753704330006,971.32,8.37,5972.74,0.6891962482880554,0.3783924965761106,0.0,5972.74,23,False,
senate_dem,CONTROLS-2026-D,2026-08-19,289,53559.189999999995,0.0,0.0,0.5746259418785087,14502.67,11.0,53559.189999999995,0.20121196754469217,-0.5975760649106157,0.0,53559.19,24,True,-7.275957614183426e-12
senate_dem,CONTROLS-2026-D,2026-08-20,198,16446.89,0.0,0.0,0.6433392574523207,5011.66,10.05,16446.89,0.7435089551884886,0.48701791037697706,0.0,16446.89,24,True,0.0
senate_dem,CONTROLS-2026-D,2026-08-21,118,6751.799999999999,0.0,0.0,0.5335288367546432,1794.08,10.05,6751.799999999999,0.509838857786072,0.01967771557214395,0.0,6751.8,24,True,-9.094947017729282e-13
senate_dem,CONTROLS-2026-D,2026-08-22,93,6891.11,0.0,0.0,0.5962551751459491,1555.03,10.25,6891.11,0.959533369805445,0.91906673961089,0.0,6891.11,24,True,0.0
senate_dem,CONTROLS-2026-D,2026-08-23,98,4754.36,0.0,0.0,0.4525109583624295,615.46,10.25,4754.36,0.8455480863880733,0.6910961727761467,0.0,4754.36,24,True,0.0
senate_dem,CONTROLS-2026-D,2026-08-24,89,5698.949999999999,0.0,0.0,0.6076856262995817,1307.51,10.25,5698.949999999999,0.6488054817115434,0.29761096342308685,0.0,5698.95,23,False,
senate_dem,CONTROLS-2026-D,2026-08-25,96,92146.1,0.0,0.0,0.8611363910138355,56677.0,14.68,92146.1,0.36493904788157067,-0.2701219042368587,0.0,92146.1,24,True,0.0
senate_dem,CONTROLS-2026-D,2026-08-26,107,14940.17,0.0,0.0,0.8069265610766143,5737.98,10.05,14940.17,0.8776098263942109,0.7552196527884217,0.0,14940.17,24,True,0.0
senate_dem,CONTROLS-2026-D,2026-08-27,97,6141.399999999999,0.0,0.0,0.7270589767805388,1860.0,6.0,6141.399999999999,0.4061272673983132,-0.18774546520337362,0.0,6141.4,24,True,-9.094947017729282e-13
senate_dem,CONTROLS-2026-D,2026-08-28,137,19484.870000000003,0.0,0.0,0.6929171197960263,5719.54,9.3,19484.870000000003,0.37594400167925157,-0.24811199664149688,0.0,19484.87,24,True,3.637978807091713e-12
senate_dem,CONTROLS-2026-D,2026-08-29,100,10585.249999999998,0.0,0.0,0.6621194586807114,1878.97,10.05,10585.249999999998,0.3913984081623015,-0.21720318367539704,0.0,10585.25,24,True,-1.8189894035458565e-12
senate_dem,CONTROLS-2026-D,2026-08-30,63,5087.460000000001,0.0,0.0,0.643735773843922,1583.1,9.85,5087.460000000001,0.9281527520609498,0.8563055041218995,0.0,5087.46,24,True,9.094947017729282e-13
senate_dem,CONTROLS-2026-D,2026-08-31,53,2422.97,0.0,0.0,0.6808792514971296,591.14,9.85,2422.97,0.8097293817092247,0.6194587634184494,0.0,2422.97,24,True,0.0
senate_dem,CONTROLS-2026-D,2026-09-01,100,16284.39,0.0,0.0,0.7412804532438734,9009.7,8.865,16284.39,0.3304759957235119,-0.33904800855297623,0.0,16284.39,24,True,0.0
senate_dem,CONTROLS-2026-D,2026-09-02,83,8140.67,0.0,0.0,0.6687201421995979,1655.55,9.85,8140.67,0.5800185979778077,0.1600371959556156,0.0,8140.67,24,True,0.0
senate_dem,CONTROLS-2026-D,2026-09-03,102,40510.90000000001,0.0,0.0,0.9439439755720065,35516.01,10.05,40510.90000000001,0.04286722832620355,-0.9142655433475929,0.0,40510.9,23,False,
senate_dem,CONTROLS-2026-D,2026-09-04,114,6697.27,0.0,0.0,0.43391262409907316,1000.0,10.23,6697.27,0.5735560907653416,0.1471121815306834,0.0,6697.27,24,True,0.0
senate_dem,CONTROLS-2026-D,2026-09-05,96,34249.37,0.0,0.0,0.8733343124267687,13896.97,10.655000000000001,34249.37,0.2443350052862286,-0.5113299894275428,0.0,34249.37,24,True,0.0
senate_dem,CONTROLS-2026-D,2026-09-06,75,2887.08,0.0,0.0,0.6507578591518074,720.25,10.25,2887.08,0.4792073652271499,-0.04158526954570014,0.0,2887.08,24,True,0.0
senate_dem,CONTROLS-2026-D,2026-09-07,62,1701.6899999999998,0.0,0.0,0.47248323725237856,201.01,10.05,1701.6899999999998,0.8569715988223471,0.7139431976446943,0.0,1701.69,24,True,-2.2737367544323206e-13
wisconsin_dem,GOVPARTYWI-26-D,2026-08-11,79,15141.239999999998,0.0,0.0,0.6111547006718077,3000.0,24.59,15141.239999999998,0.9300446991131506,0.8600893982263013,0.0,15141.24,24,True,-1.8189894035458565e-12
wisconsin_dem,GOVPARTYWI-26-D,2026-08-12,981,89670.03,0.0,0.0,0.1822446139473802,5000.0,21.0,89670.03,0.6173911171882066,0.23478223437641327,0.0,89670.03,24,True,0.0
wisconsin_dem,GOVPARTYWI-26-D,2026-08-13,56,5107.95,0.0,0.0,0.48291780459871375,791.23,24.46,5107.95,0.3876055951996398,-0.22478880960072045,0.0,5107.95,23,False,
wisconsin_dem,GOVPARTYWI-26-D,2026-08-14,65,29998.479999999996,0.0,0.0,0.9536533184348007,25234.14,10.0,29998.479999999996,0.03177227646200741,-0.9364554470759853,0.0,29998.48,24,True,-3.637978807091713e-12
wisconsin_dem,GOVPARTYWI-26-D,2026-08-15,68,8493.55,0.0,0.0,0.6067215710745213,1553.22,31.5,8493.55,0.4277975640338846,-0.14440487193223087,0.0,8493.55,23,False,
wisconsin_dem,GOVPARTYWI-26-D,2026-08-16,22,3219.7899999999995,0.0,0.0,0.8913966438805015,1350.0,16.77,3219.7899999999995,0.5211457890110847,0.04229157802216932,0.0,3219.79,22,False,
wisconsin_dem,GOVPARTYWI-26-D,2026-08-17,75,28234.94,0.0,0.0,0.9083939969413783,18440.27,8.15,28234.94,0.9263943893629666,0.8527887787259332,0.0,28234.94,24,True,0.0
wisconsin_dem,GOVPARTYWI-26-D,2026-08-18,33,8960.12,0.0,0.0,0.8048508278906978,4698.52,50.0,8960.12,0.20657647442221752,-0.586847051155565,0.0,8960.12,24,True,0.0
wisconsin_dem,GOVPARTYWI-26-D,2026-08-19,17,910.32,0.0,0.0,0.8069579927937428,262.08,18.95,910.32,0.9373077599086034,0.8746155198172068,0.0,910.32,23,False,
wisconsin_dem,GOVPARTYWI-26-D,2026-08-20,19,2985.8900000000003,0.0,0.0,0.9127965196306629,1457.45,13.1,2985.8900000000003,0.8668671652338162,0.7337343304676325,0.0,2985.89,20,False,
wisconsin_dem,GOVPARTYWI-26-D,2026-08-21,74,18442.379999999997,0.0,0.0,0.6043433656610482,5199.75,29.814999999999998,18442.379999999997,0.9113514633143881,0.8227029266287761,0.0,18442.38,24,True,-3.637978807091713e-12
wisconsin_dem,GOVPARTYWI-26-D,2026-08-22,45,1328.56,0.0,0.0,0.6021557174685374,315.15,6.4,1328.56,0.9840428734870837,0.9680857469741675,0.0,1328.56,23,False,
wisconsin_dem,GOVPARTYWI-26-D,2026-08-23,20,631.4999999999999,0.0,0.0,0.7042121931908157,200.0,17.92,631.4999999999999,0.2412668250197942,-0.5174663499604116,0.0,631.5,24,True,-1.1368683772161603e-13
wisconsin_dem,GOVPARTYWI-26-D,2026-08-24,8,124.46000000000001,0.0,0.0,0.8227542985698216,50.0,12.395,124.46000000000001,0.6913867909368471,0.3827735818736942,0.0,124.46,24,True,1.4210854715202004e-14
wisconsin_dem,GOVPARTYWI-26-D,2026-08-25,6,220.13,0.0,0.0,0.9989097351564984,127.81,23.505,220.13,0.0010902648435015673,-0.9978194703129969,0.0,220.13,21,False,
wisconsin_dem,GOVPARTYWI-26-D,2026-08-26,22,2903.61,0.0,0.0,0.8945312903592425,1212.74,20.310000000000002,2903.61,0.5595551744208072,0.11911034884161437,0.0,2903.61,22,False,
wisconsin_dem,GOVPARTYWI-26-D,2026-08-27,10,389.38,0.0,0.0,0.920822846576609,197.04,10.535,389.38,0.06582258975807695,-0.8683548204838462,0.0,389.38,21,False,
wisconsin_dem,GOVPARTYWI-26-D,2026-08-28,18,1935.36,0.0,0.0,0.9057074652777778,600.0,16.505000000000003,1935.36,0.554604828042328,0.10920965608465603,0.0,1935.36,23,False,
wisconsin_dem,GOVPARTYWI-26-D,2026-08-29,15,6326.239999999999,0.0,0.0,0.9665156554288171,3707.41,32.43,6326.239999999999,0.16561338172437343,-0.6687732365512531,0.0,6326.240000000001,20,False,
wisconsin_dem,GOVPARTYWI-26-D,2026-08-30,11,201.0,0.0,0.0,0.910547263681592,86.18,6.16,201.0,0.5701492537313433,0.14029850746268652,0.0,201.0,20,False,
wisconsin_dem,GOVPARTYWI-26-D,2026-08-31,6,1006.5899999999999,0.0,0.0,0.9997019640568653,781.52,2.895,1006.5899999999999,0.995241359441282,0.990482718882564,0.0,1006.59,9,False,
wisconsin_dem,GOVPARTYWI-26-D,2026-09-01,9,4476.34,0.0,0.0,0.9511743969403574,1162.62,500.0,4476.34,0.002233967929156409,-0.9955320641416872,0.0,4476.34,20,False,
wisconsin_dem,GOVPARTYWI-26-D,2026-09-02,3,176.0,0.0,0.0,1.0,156.0,15.0,176.0,0.0,-1.0,0.0,176.0,22,False,
wisconsin_dem,GOVPARTYWI-26-D,2026-09-03,14,1617.85,0.0,0.0,0.8906202676391507,888.0,42.114999999999995,1617.85,0.7625799672404735,0.525159934480947,0.0,1617.85,23,False,
wisconsin_dem,GOVPARTYWI-26-D,2026-09-04,7,317.16,0.0,0.0,0.9269453903392609,165.55,25.88,317.16,0.8558141001387312,0.7116282002774624,0.0,317.16,23,False,
wisconsin_dem,GOVPARTYWI-26-D,2026-09-05,7,770.4300000000001,0.0,0.0,0.9853588255909038,500.0,18.49,770.4300000000001,0.6745843230403801,0.34916864608076004,0.0,770.43,23,False,
wisconsin_dem,GOVPARTYWI-26-D,2026-09-06,7,1018.2199999999999,0.0,0.0,0.9948734065329694,708.85,8.0,1018.2199999999999,0.99970536819155,0.9994107363831,0.0,1018.22,15,False,
wisconsin_dem,GOVPARTYWI-26-D,2026-09-07,8,166.53,0.0,0.0,0.9436137632858943,100.0,6.16,166.53,0.2367741548069417,-0.5264516903861166,0.0,166.53,20,False,
georgia_dem,GOVPARTYGA-26-D,2026-08-11,27,9756.660000000002,0.0,0.0,0.8913203903794944,2500.0,45.0,9756.660000000002,1.0,1.0,0.0,9756.66,17,False,
georgia_dem,GOVPARTYGA-26-D,2026-08-12,34,4404.110000000001,0.0,0.0,0.9231377054614892,2232.02,9.254999999999999,4404.110000000001,0.9816307948711541,0.9632615897423082,0.0,4404.11,24,True,9.094947017729282e-13
georgia_dem,GOVPARTYGA-26-D,2026-08-13,22,284.53999999999996,0.0,0.0,0.7388416391368526,78.55,5.140000000000001,284.53999999999996,0.32494552611232164,-0.35010894777535667,0.0,284.54,23,False,
georgia_dem,GOVPARTYGA-26-D,2026-08-14,10,483.98,0.0,0.0,0.9703293524525807,394.52,5.25,483.98,0.019339642133972476,-0.961320715732055,0.0,483.98,20,False,
georgia_dem,GOVPARTYGA-26-D,2026-08-15,13,404.23,0.0,0.0,0.8814041511020952,105.51,11.0,404.23,0.1400192959453776,-0.7199614081092448,0.0,404.23,20,False,
georgia_dem,GOVPARTYGA-26-D,2026-08-16,5,27.21,0.0,0.0,1.0,15.0,4.05,27.21,0.15472252848217566,-0.6905549430356486,0.0,27.21,20,False,
georgia_dem,GOVPARTYGA-26-D,2026-08-17,3,9.149999999999999,0.0,0.0,1.0000000000000002,8.04,0.63,9.149999999999999,1.0,1.0,0.0,9.15,22,False,
georgia_dem,GOVPARTYGA-26-D,2026-08-18,30,8087.609999999999,0.0,0.0,0.8672735208547396,2500.0,10.0,8087.609999999999,0.8194769530182588,0.6389539060365178,0.0,8087.610000000001,23,False,
georgia_dem,GOVPARTYGA-26-D,2026-08-19,19,600.79,0.0,0.0,0.7940378501639508,300.0,10.0,600.79,0.921703090930275,0.84340618186055,0.0,600.79,23,False,
georgia_dem,GOVPARTYGA-26-D,2026-08-20,47,1691.1399999999999,0.0,0.0,0.9253225634778907,742.89,2.0,1691.1399999999999,0.6132608772780491,0.22652175455609821,0.0,1691.14,23,False,
georgia_dem,GOVPARTYGA-26-D,2026-08-21,28,197.86999999999998,0.0,0.0,0.850255218072472,88.62,1.345,197.86999999999998,0.39819073128821963,-0.20361853742356076,0.0,197.87,24,True,-2.842170943040401e-14
georgia_dem,GOVPARTYGA-26-D,2026-08-22,21,1568.76,0.0,0.0,0.7748667737576175,500.0,25.87,1568.76,0.0757540987786532,-0.8484918024426935,0.0,1568.76,21,False,
georgia_dem,GOVPARTYGA-26-D,2026-08-23,6,175.69,0.0,0.0,0.9866810860037566,68.61,25.38,175.69,0.18082987079515056,-0.638340258409699,0.0,175.69,20,False,
georgia_dem,GOVPARTYGA-26-D,2026-08-24,15,587.6,0.0,0.0,0.8645677331518039,341.2,9.88,587.6,0.14041865214431584,-0.7191626957113684,0.0,587.6,17,False,
georgia_dem,GOVPARTYGA-26-D,2026-08-25,26,3502.060000000001,0.0,0.0,0.9513657675767974,2489.08,9.495000000000001,3502.060000000001,0.771069027943553,0.5421380558871061,0.0,3502.06,17,False,
georgia_dem,GOVPARTYGA-26-D,2026-08-26,48,1755.35,0.0,0.0,0.5159711738399749,276.79,9.0,1755.35,0.668510553450879,0.33702110690175785,0.0,1755.35,24,True,0.0
georgia_dem,GOVPARTYGA-26-D,2026-08-27,11,35.71,0.0,0.0,0.782973956874825,8.1,2.33,35.71,0.6639596751610193,0.32791935032203867,0.0,35.71,22,False,
georgia_dem,GOVPARTYGA-26-D,2026-08-28,17,362.12,0.0,0.0,0.904562023638573,166.99,5.0,362.12,0.4476968960565558,-0.1046062078868883,0.0,362.12,24,True,0.0
georgia_dem,GOVPARTYGA-26-D,2026-08-29,18,731.1900000000002,0.0,0.0,0.9083959025697835,380.42,7.13,731.1900000000002,0.3081141700515597,-0.3837716598968806,0.0,731.19,22,False,
georgia_dem,GOVPARTYGA-26-D,2026-08-30,4,38.900000000000006,0.0,0.0,1.0,16.21,10.93,38.900000000000006,0.5832904884318766,0.16658097686375312,0.0,38.900000000000006,20,False,
georgia_dem,GOVPARTYGA-26-D,2026-08-31,11,2233.6600000000003,0.0,0.0,0.9581896976263172,1000.0,35.0,2233.6600000000003,0.44038036227536864,-0.11923927544926269,0.0,2233.66,22,False,
georgia_dem,GOVPARTYGA-26-D,2026-09-01,11,2462.19,0.0,0.0,0.9718624476583854,1368.97,40.53,2462.19,0.7957103229239011,0.5914206458478022,0.0,2462.19,19,False,
georgia_dem,GOVPARTYGA-26-D,2026-09-02,15,857.67,0.0,0.0,0.9793743514405308,800.12,3.23,857.67,0.024928002611727125,-0.9501439947765458,0.0,857.67,24,True,0.0
georgia_dem,GOVPARTYGA-26-D,2026-09-03,26,12905.58,0.0,0.0,0.9859781582850208,11529.21,5.52,12905.58,0.01835640087466042,-0.9632871982506792,0.0,12905.58,23,False,
georgia_dem,GOVPARTYGA-26-D,2026-09-04,14,379.02,0.0,0.0,0.7830193657326789,97.07,17.0,379.02,0.6859268640177301,0.37185372803546,0.0,379.02,23,False,
georgia_dem,GOVPARTYGA-26-D,2026-09-05,11,754.02,0.0,0.0,0.9470040582477918,500.0,10.93,754.02,0.07040927296358188,-0.8591814540728362,0.0,754.02,24,True,0.0
georgia_dem,GOVPARTYGA-26-D,2026-09-06,23,866.7199999999999,0.0,0.0,0.8040428281336534,337.0,9.93,866.7199999999999,0.8688042274321581,0.7376084548643161,0.0,866.72,22,False,
georgia_dem,GOVPARTYGA-26-D,2026-09-07,38,2439.7300000000005,0.0,0.0,0.7387989654592926,982.17,17.03,2439.7300000000005,0.09691646206752384,-0.8061670758649523,0.0,2439.73,22,False,
datacenter_three_states,KXMORATORIUMCOUNT-26DEC31-AL3,2026-08-11,0,0.0,,,,,,0.0,,,0.0,0.0,12,False,
datacenter_three_states,KXMORATORIUMCOUNT-26DEC31-AL3,2026-08-12,2,10.0,0.0,0.0,1.0,5.0,5.0,10.0,0.5,0.0,0.0,10.0,14,False,
datacenter_three_states,KXMORATORIUMCOUNT-26DEC31-AL3,2026-08-13,0,0.0,,,,,,0.0,,,0.0,0.0,11,False,
datacenter_three_states,KXMORATORIUMCOUNT-26DEC31-AL3,2026-08-14,0,0.0,,,,,,0.0,,,0.0,0.0,14,False,
datacenter_three_states,KXMORATORIUMCOUNT-26DEC31-AL3,2026-08-15,1,0.2,0.0,0.0,1.0,0.2,0.2,0.2,1.0,1.0,0.0,0.2,5,False,
datacenter_three_states,KXMORATORIUMCOUNT-26DEC31-AL3,2026-08-16,0,0.0,,,,,,0.0,,,0.0,0.0,1,False,
datacenter_three_states,KXMORATORIUMCOUNT-26DEC31-AL3,2026-08-17,1,119.65,0.0,0.0,1.0,119.65,119.65,119.65,1.0,1.0,0.0,119.65,7,False,
datacenter_three_states,KXMORATORIUMCOUNT-26DEC31-AL3,2026-08-18,0,0.0,,,,,,0.0,,,0.0,0.0,6,False,
datacenter_three_states,KXMORATORIUMCOUNT-26DEC31-AL3,2026-08-19,0,0.0,,,,,,0.0,,,0.0,0.0,10,False,
datacenter_three_states,KXMORATORIUMCOUNT-26DEC31-AL3,2026-08-20,0,0.0,,,,,,0.0,,,0.0,0.0,7,False,
datacenter_three_states,KXMORATORIUMCOUNT-26DEC31-AL3,2026-08-21,0,0.0,,,,,,0.0,,,0.0,0.0,10,False,
datacenter_three_states,KXMORATORIUMCOUNT-26DEC31-AL3,2026-08-22,2,524.59,0.0,0.0,1.0,500.0,262.295,524.59,0.04687470214834442,-0.9062505957033111,0.0,524.59,11,False,
datacenter_three_states,KXMORATORIUMCOUNT-26DEC31-AL3,2026-08-23,1,49.18,0.0,0.0,1.0,49.18,49.18,49.18,1.0,1.0,0.0,49.18,4,False,
datacenter_three_states,KXMORATORIUMCOUNT-26DEC31-AL3,2026-08-24,1,25.22,0.0,0.0,1.0,25.22,25.22,25.22,1.0,1.0,0.0,25.22,10,False,
datacenter_three_states,KXMORATORIUMCOUNT-26DEC31-AL3,2026-08-25,3,227.01,0.0,0.0,1.0,100.0,77.01,227.01,1.0,1.0,0.0,227.01,7,False,
datacenter_three_states,KXMORATORIUMCOUNT-26DEC31-AL3,2026-08-26,1,0.2,0.0,0.0,1.0,0.2,0.2,0.2,0.0,-1.0,0.0,0.2,8,False,
datacenter_three_states,KXMORATORIUMCOUNT-26DEC31-AL3,2026-08-27,4,16.31,0.0,0.0,1.0,5.2,4.945,16.31,0.6811771919068057,0.3623543838136113,0.0,16.31,11,False,
datacenter_three_states,KXMORATORIUMCOUNT-26DEC31-AL3,2026-08-28,7,1117.75,0.0,0.0,0.994712592261239,500.0,6.84,1117.75,1.0,1.0,0.0,1117.75,10,False,
datacenter_three_states,KXMORATORIUMCOUNT-26DEC31-AL3,2026-08-29,8,611.05,0.0,0.0,0.987529662057115,452.39,11.72,611.05,1.0,1.0,0.0,611.05,15,False,
datacenter_three_states,KXMORATORIUMCOUNT-26DEC31-AL3,2026-08-30,7,573.9000000000001,0.0,0.0,0.9858163443108554,500.0,15.0,573.9000000000001,0.033228785502700815,-0.9335424289945984,0.0,573.9,18,False,
datacenter_three_states,KXMORATORIUMCOUNT-26DEC31-AL3,2026-08-31,2,3.87,0.0,0.0,1.0,2.87,1.935,3.87,0.7416020671834626,0.48320413436692505,0.0,3.87,17,False,
datacenter_three_states,KXMORATORIUMCOUNT-26DEC31-AL3,2026-09-01,2,5.65,0.0,0.0,1.0,4.24,2.825,5.65,1.0,1.0,0.0,5.65,16,False,
datacenter_three_states,KXMORATORIUMCOUNT-26DEC31-AL3,2026-09-02,6,645.94,0.0,0.0,0.9989163080162243,499.99,20.475,645.94,0.9845186859460631,0.9690373718921262,0.0,645.9399999999999,14,False,
datacenter_three_states,KXMORATORIUMCOUNT-26DEC31-AL3,2026-09-03,5,92.31,0.0,0.0,1.0,41.05,15.0,92.31,1.0,1.0,0.0,92.31,16,False,
datacenter_three_states,KXMORATORIUMCOUNT-26DEC31-AL3,2026-09-04,0,0.0,,,,,,0.0,,,0.0,0.0,9,False,
datacenter_three_states,KXMORATORIUMCOUNT-26DEC31-AL3,2026-09-05,8,371.37,0.0,0.0,0.9738804965398389,164.7,18.485,371.37,0.8851011120984462,0.7702022241968925,0.0,371.37,7,False,
datacenter_three_states,KXMORATORIUMCOUNT-26DEC31-AL3,2026-09-06,4,521.29,0.0,0.0,1.0,499.99,9.65,521.29,0.0,-1.0,0.0,521.29,10,False,
datacenter_three_states,KXMORATORIUMCOUNT-26DEC31-AL3,2026-09-07,0,0.0,,,,,,0.0,,,0.0,0.0,23,False,
federal_ai_framework,KXAIBILL-26JUN-27JAN01,2026-08-11,0,0.0,,,,,,0.0,,,0.0,0.0,24,True,0.0
federal_ai_framework,KXAIBILL-26JUN-27JAN01,2026-08-12,0,0.0,,,,,,0.0,,,0.0,0.0,24,True,0.0
federal_ai_framework,KXAIBILL-26JUN-27JAN01,2026-08-13,1,7.0,0.0,0.0,1.0,7.0,7.0,7.0,1.0,1.0,0.0,7.0,23,False,
federal_ai_framework,KXAIBILL-26JUN-27JAN01,2026-08-14,0,0.0,,,,,,0.0,,,0.0,0.0,24,True,0.0
federal_ai_framework,KXAIBILL-26JUN-27JAN01,2026-08-15,0,0.0,,,,,,0.0,,,0.0,0.0,24,True,0.0
federal_ai_framework,KXAIBILL-26JUN-27JAN01,2026-08-16,0,0.0,,,,,,0.0,,,0.0,0.0,24,True,0.0
federal_ai_framework,KXAIBILL-26JUN-27JAN01,2026-08-17,0,0.0,,,,,,0.0,,,0.0,0.0,24,True,0.0
federal_ai_framework,KXAIBILL-26JUN-27JAN01,2026-08-18,0,0.0,,,,,,0.0,,,0.0,0.0,24,True,0.0
federal_ai_framework,KXAIBILL-26JUN-27JAN01,2026-08-19,0,0.0,,,,,,0.0,,,0.0,0.0,24,True,0.0
federal_ai_framework,KXAIBILL-26JUN-27JAN01,2026-08-20,0,0.0,,,,,,0.0,,,0.0,0.0,23,False,
federal_ai_framework,KXAIBILL-26JUN-27JAN01,2026-08-21,0,0.0,,,,,,0.0,,,0.0,0.0,24,True,0.0
federal_ai_framework,KXAIBILL-26JUN-27JAN01,2026-08-22,0,0.0,,,,,,0.0,,,0.0,0.0,24,True,0.0
federal_ai_framework,KXAIBILL-26JUN-27JAN01,2026-08-23,0,0.0,,,,,,0.0,,,0.0,0.0,24,True,0.0
federal_ai_framework,KXAIBILL-26JUN-27JAN01,2026-08-24,3,6.7299999999999995,0.0,0.0,1.0,5.0,1.72,6.7299999999999995,0.0,-1.0,0.0,6.73,24,True,-8.881784197001252e-16
federal_ai_framework,KXAIBILL-26JUN-27JAN01,2026-08-25,0,0.0,,,,,,0.0,,,0.0,0.0,24,True,0.0
federal_ai_framework,KXAIBILL-26JUN-27JAN01,2026-08-26,0,0.0,,,,,,0.0,,,0.0,0.0,24,True,0.0
federal_ai_framework,KXAIBILL-26JUN-27JAN01,2026-08-27,0,0.0,,,,,,0.0,,,0.0,0.0,23,False,
federal_ai_framework,KXAIBILL-26JUN-27JAN01,2026-08-28,0,0.0,,,,,,0.0,,,0.0,0.0,24,True,0.0
federal_ai_framework,KXAIBILL-26JUN-27JAN01,2026-08-29,0,0.0,,,,,,0.0,,,0.0,0.0,24,True,0.0
federal_ai_framework,KXAIBILL-26JUN-27JAN01,2026-08-30,0,0.0,,,,,,0.0,,,0.0,0.0,24,True,0.0
federal_ai_framework,KXAIBILL-26JUN-27JAN01,2026-08-31,0,0.0,,,,,,0.0,,,0.0,0.0,24,True,0.0
federal_ai_framework,KXAIBILL-26JUN-27JAN01,2026-09-01,0,0.0,,,,,,0.0,,,0.0,0.0,24,True,0.0
federal_ai_framework,KXAIBILL-26JUN-27JAN01,2026-09-02,0,0.0,,,,,,0.0,,,0.0,0.0,23,False,
federal_ai_framework,KXAIBILL-26JUN-27JAN01,2026-09-03,0,0.0,,,,,,0.0,,,0.0,0.0,22,False,
federal_ai_framework,KXAIBILL-26JUN-27JAN01,2026-09-04,2,5.8,0.0,0.0,1.0,5.0,2.9,5.8,1.0,1.0,0.0,5.8,24,True,0.0
federal_ai_framework,KXAIBILL-26JUN-27JAN01,2026-09-05,2,277.44,0.0,0.0,1.0,223.4,138.72,277.44,1.0,1.0,0.0,277.44,24,True,0.0
federal_ai_framework,KXAIBILL-26JUN-27JAN01,2026-09-06,1,21.84,0.0,0.0,1.0,21.84,21.84,21.84,0.0,-1.0,0.0,21.84,24,True,0.0
federal_ai_framework,KXAIBILL-26JUN-27JAN01,2026-09-07,0,0.0,,,,,,0.0,,,0.0,0.0,24,True,0.0
election_gas_four,KXAAAGASED-26NOV03-4.00,2026-08-11,9,487.21999999999997,0.0,0.0,0.9460818521407167,200.0,10.0,487.21999999999997,0.09412585690242602,-0.811748286195148,0.0,487.22,22,False,
election_gas_four,KXAAAGASED-26NOV03-4.00,2026-08-12,12,769.4499999999999,0.0,0.0,0.9501202157385147,300.0,10.0,769.4499999999999,0.052842939762167786,-0.8943141204756644,0.0,769.45,21,False,
election_gas_four,KXAAAGASED-26NOV03-4.00,2026-08-13,18,1853.8700000000001,0.0,0.0,0.8578487164687922,500.0,20.0,1853.8700000000001,0.4121378521687065,-0.17572429566258702,0.0,1853.87,20,False,
election_gas_four,KXAAAGASED-26NOV03-4.00,2026-08-14,42,2388.91,0.0,0.0,0.2792068349163426,144.0,26.89,2388.91,0.029779271718063882,-0.9404414565638723,0.0,2388.91,21,False,
election_gas_four,KXAAAGASED-26NOV03-4.00,2026-08-15,11,604.8700000000001,0.0,0.0,0.7439615123910922,100.0,50.0,604.8700000000001,0.0554664638682692,-0.8890670722634616,0.0,604.87,15,False,
election_gas_four,KXAAAGASED-26NOV03-4.00,2026-08-16,6,63.550000000000004,0.0,0.0,0.9641227380015736,26.29,10.0,63.550000000000004,1.0,1.0,0.0,63.55,23,False,
election_gas_four,KXAAAGASED-26NOV03-4.00,2026-08-17,3,117.19,0.0,0.0,1.0,100.0,10.0,117.19,1.0,1.0,0.0,117.19,19,False,
election_gas_four,KXAAAGASED-26NOV03-4.00,2026-08-18,17,4377.36,0.0,0.0,0.9744891898313138,4071.64,12.0,4377.36,0.045107096514794304,-0.9097858069704113,0.0,4377.36,21,False,
election_gas_four,KXAAAGASED-26NOV03-4.00,2026-08-19,7,142.82,0.0,0.0,0.9745133734771041,93.18,12.0,142.82,1.0,1.0,0.0,142.82,16,False,
election_gas_four,KXAAAGASED-26NOV03-4.00,2026-08-20,15,383.91999999999996,0.0,0.0,0.8767451552406752,100.0,4.0,383.91999999999996,0.9661387789122734,0.9322775578245468,0.0,383.92,15,False,
election_gas_four,KXAAAGASED-26NOV03-4.00,2026-08-21,16,1149.51,0.0,0.0,0.9534497307548434,1000.0,9.675,1149.51,0.04317491800854277,-0.9136501639829144,0.0,1149.51,16,False,
election_gas_four,KXAAAGASED-26NOV03-4.00,2026-08-22,40,357.41,0.0,0.0,0.4390755714725385,38.0,4.855,357.41,0.3919588148065247,-0.2160823703869506,0.0,357.41,16,False,
election_gas_four,KXAAAGASED-26NOV03-4.00,2026-08-23,12,319.77,0.0,0.0,0.7337461300309598,100.0,20.33,319.77,0.6560027519779842,0.3120055039559683,0.0,319.77,20,False,
election_gas_four,KXAAAGASED-26NOV03-4.00,2026-08-24,17,648.87,0.0,0.0,0.6800437683973677,200.0,23.56,648.87,0.534221030406707,0.06844206081341404,0.0,648.87,21,False,
election_gas_four,KXAAAGASED-26NOV03-4.00,2026-08-25,15,621.3100000000001,0.0,0.0,0.799150182678534,400.0,15.11,621.3100000000001,0.07485796140412997,-0.85028407719174,0.0,621.31,19,False,
election_gas_four,KXAAAGASED-26NOV03-4.00,2026-08-26,7,103.16,0.0,0.0,0.9435827840248159,36.25,14.93,103.16,1.0,1.0,0.0,103.16,19,False,
election_gas_four,KXAAAGASED-26NOV03-4.00,2026-08-27,9,211.17,0.0,0.0,0.91821754984136,100.0,15.2,211.17,0.12170289340341905,-0.7565942131931619,0.0,211.17,16,False,
election_gas_four,KXAAAGASED-26NOV03-4.00,2026-08-28,3,475.68,0.0,0.0,1.0,456.38,15.0,475.68,1.0,1.0,0.0,475.68,15,False,
election_gas_four,KXAAAGASED-26NOV03-4.00,2026-08-29,3,16.61,0.0,0.0,1.0,10.0,4.12,16.61,1.0,1.0,0.0,16.61,6,False,
election_gas_four,KXAAAGASED-26NOV03-4.00,2026-08-30,7,87.95,0.0,0.0,0.9200682205798749,31.13,9.05,87.95,1.0,1.0,0.0,87.95,5,False,
election_gas_four,KXAAAGASED-26NOV03-4.00,2026-08-31,13,97.04,0.0,0.0,0.745156636438582,26.44,3.28,97.04,0.9405399835119539,0.8810799670239078,0.0,97.04,20,False,
election_gas_four,KXAAAGASED-26NOV03-4.00,2026-09-01,12,155.36,0.0,0.0,0.7828913491246137,55.0,8.085,155.36,0.5097193614830071,0.0194387229660143,0.0,155.36,19,False,
election_gas_four,KXAAAGASED-26NOV03-4.00,2026-09-02,1,119.32,0.0,0.0,1.0,119.32,119.32,119.32,1.0,1.0,0.0,119.32,16,False,
election_gas_four,KXAAAGASED-26NOV03-4.00,2026-09-03,11,713.97,0.0,0.0,0.9578833844559296,500.0,10.0,713.97,1.0,1.0,0.0,713.97,20,False,
election_gas_four,KXAAAGASED-26NOV03-4.00,2026-09-04,48,2314.63,0.0,0.0,0.7229924437167063,1000.0,12.915,2314.63,0.4720236063647321,-0.05595278727053577,0.0,2314.63,18,False,
election_gas_four,KXAAAGASED-26NOV03-4.00,2026-09-05,7,365.35,0.0,0.0,0.9864787190365403,200.0,5.31,365.35,1.0,1.0,0.0,365.35,13,False,
election_gas_four,KXAAAGASED-26NOV03-4.00,2026-09-06,1,3.17,0.0,0.0,1.0,3.17,3.17,3.17,0.0,-1.0,0.0,3.17,24,True,0.0
election_gas_four,KXAAAGASED-26NOV03-4.00,2026-09-07,5,39.07,0.0,0.0,1.0,27.52,3.17,39.07,0.7855131814691578,0.5710263629383158,0.0,39.07,16,False,
fed_2027_above375,KXFEDFUNDSYEAR-28JAN01-T3.75,2026-08-11,15,71.64000000000001,0.0,0.0,0.6736460078168619,15.0,3.0,71.64000000000001,0.3454773869346733,-0.3090452261306534,0.0,71.64,24,True,1.4210854715202004e-14
fed_2027_above375,KXFEDFUNDSYEAR-28JAN01-T3.75,2026-08-12,11,234.04000000000002,0.0,0.0,0.8340027345752863,119.73,11.4,234.04000000000002,0.11728764313792513,-0.7654247137241497,0.0,234.04,23,False,
fed_2027_above375,KXFEDFUNDSYEAR-28JAN01-T3.75,2026-08-13,3,24.02,0.0,0.0,1.0,8.51,8.51,24.02,0.35428809325562033,-0.2914238134887594,0.0,24.02,22,False,
fed_2027_above375,KXFEDFUNDSYEAR-28JAN01-T3.75,2026-08-14,12,696.51,0.0,0.0,0.8992117844682775,396.95,20.64,696.51,0.8005771632855235,0.6011543265710472,0.0,696.51,23,False,
fed_2027_above375,KXFEDFUNDSYEAR-28JAN01-T3.75,2026-08-15,2,108.36,0.0,0.0,1.0,100.0,54.18,108.36,0.07715023994093761,-0.8456995201181248,0.0,108.36,9,False,
fed_2027_above375,KXFEDFUNDSYEAR-28JAN01-T3.75,2026-08-16,5,65.05,0.0,0.0,0.9999999999999998,25.0,13.27,65.05,0.41168332052267487,-0.1766333589546503,0.0,65.05,12,False,
fed_2027_above375,KXFEDFUNDSYEAR-28JAN01-T3.75,2026-08-17,18,600.4300000000001,0.0,0.0,0.8052395783022167,200.0,10.58,600.4300000000001,0.10037806238862149,-0.799243875222757,0.0,600.43,16,False,
fed_2027_above375,KXFEDFUNDSYEAR-28JAN01-T3.75,2026-08-18,9,48.32000000000001,0.0,0.0,0.8737582781456952,11.54,5.94,48.32000000000001,1.0,1.0,0.0,48.32,20,False,
fed_2027_above375,KXFEDFUNDSYEAR-28JAN01-T3.75,2026-08-19,1,76.2,0.0,0.0,1.0,76.2,76.2,76.2,1.0,1.0,0.0,76.2,22,False,
fed_2027_above375,KXFEDFUNDSYEAR-28JAN01-T3.75,2026-08-20,8,35.82000000000001,0.0,0.0,0.8989391401451702,10.96,3.395,35.82000000000001,0.049972082635399206,-0.9000558347292016,0.0,35.82,23,False,
fed_2027_above375,KXFEDFUNDSYEAR-28JAN01-T3.75,2026-08-21,6,30.810000000000002,0.0,0.0,0.9457968192145407,12.47,2.5,30.810000000000002,1.0,1.0,0.0,30.81,23,False,
fed_2027_above375,KXFEDFUNDSYEAR-28JAN01-T3.75,2026-08-22,2,30.799999999999997,0.0,0.0,1.0,22.43,15.399999999999999,30.799999999999997,0.27175324675324675,-0.4564935064935065,0.0,30.8,24,True,-3.552713678800501e-15
fed_2027_above375,KXFEDFUNDSYEAR-28JAN01-T3.75,2026-08-23,4,43.03,0.0,0.0,1.0,33.49,4.185,43.03,0.8054845456658146,0.6109690913316292,0.0,43.03,16,False,
fed_2027_above375,KXFEDFUNDSYEAR-28JAN01-T3.75,2026-08-24,9,517.32,0.0,0.0,0.9547282146447073,200.0,21.7,517.32,0.9935436480321658,0.9870872960643314,0.0,517.3199999999999,21,False,
fed_2027_above375,KXFEDFUNDSYEAR-28JAN01-T3.75,2026-08-25,2,16.74,0.0,0.0,1.0,8.37,8.37,16.74,1.0,1.0,0.0,16.74,24,True,0.0
fed_2027_above375,KXFEDFUNDSYEAR-28JAN01-T3.75,2026-08-26,10,46.95,0.0,0.0,0.7369542066027689,13.11,3.34,46.95,0.5699680511182108,0.13993610223642158,0.0,46.95,17,False,
fed_2027_above375,KXFEDFUNDSYEAR-28JAN01-T3.75,2026-08-27,8,35.31,0.0,0.0,0.9405267629566695,9.01,4.05,35.31,0.8555649957519116,0.7111299915038232,0.0,35.309999999999995,21,False,
fed_2027_above375,KXFEDFUNDSYEAR-28JAN01-T3.75,2026-08-28,4,41.17,0.0,0.0,0.9999999999999998,16.47,10.565000000000001,41.17,1.0,1.0,0.0,41.17,21,False,
fed_2027_above375,KXFEDFUNDSYEAR-28JAN01-T3.75,2026-08-29,8,64.54,0.0,0.0,0.8766656337155251,16.74,7.5,64.54,0.6109389525875424,0.22187790517508488,0.0,64.53999999999999,10,False,
fed_2027_above375,KXFEDFUNDSYEAR-28JAN01-T3.75,2026-08-30,8,164.99,0.0,0.0,0.984908176253106,104.1,1.045,164.99,0.019940602460755196,-0.9601187950784895,0.0,164.99,5,False,
fed_2027_above375,KXFEDFUNDSYEAR-28JAN01-T3.75,2026-08-31,19,52.199999999999996,0.0,0.0,0.7770114942528735,13.76,1.05,52.199999999999996,0.5239463601532567,0.04789272030651328,0.0,52.2,17,False,
fed_2027_above375,KXFEDFUNDSYEAR-28JAN01-T3.75,2026-09-01,2,3.0,0.0,0.0,1.0,1.78,1.5,3.0,1.0,1.0,0.0,3.0,22,False,
fed_2027_above375,KXFEDFUNDSYEAR-28JAN01-T3.75,2026-09-02,11,185.15,0.0,0.0,0.9055360518498514,98.0,9.69,185.15,0.8719416689170942,0.7438833378341884,0.0,185.15,18,False,
fed_2027_above375,KXFEDFUNDSYEAR-28JAN01-T3.75,2026-09-03,34,681.3100000000002,0.0,0.0,0.4479165137749334,97.4,11.155000000000001,681.3100000000002,0.2789919419940995,-0.44201611601180096,0.0,681.31,17,False,
fed_2027_above375,KXFEDFUNDSYEAR-28JAN01-T3.75,2026-09-04,16,83.89999999999999,0.0,0.0,0.7087008343265793,25.47,3.455,83.89999999999999,0.4442193087008343,-0.11156138259833136,0.0,83.9,18,False,
fed_2027_above375,KXFEDFUNDSYEAR-28JAN01-T3.75,2026-09-05,63,324.0000000000001,0.0,0.0,0.259753086419753,23.64,4.71,324.0000000000001,0.5634259259259257,0.12685185185185135,0.0,324.0,17,False,
fed_2027_above375,KXFEDFUNDSYEAR-28JAN01-T3.75,2026-09-06,23,347.36999999999995,0.0,0.0,0.6929786682787806,87.08,8.37,347.36999999999995,0.9350548406598151,0.8701096813196303,0.0,347.37,23,False,
fed_2027_above375,KXFEDFUNDSYEAR-28JAN01-T3.75,2026-09-07,17,120.88,0.0,0.0,0.8716082064857711,76.48,1.62,120.88,0.047236929185969556,-0.9055261416280609,0.0,120.88,24,True,0.0
sept_fed_hike25,KXFEDDECISION-26SEP-H25,2026-08-11,169,140907.12,0.0,0.0,0.5480173748494753,20000.0,56.0,140907.12,0.04494364798599248,-0.910112704028015,0.0,140907.12,24,True,0.0
sept_fed_hike25,KXFEDDECISION-26SEP-H25,2026-08-12,485,230089.90999999997,0.0,0.0,0.28704483390862295,25000.0,28.27,230089.90999999997,0.48411788243995574,-0.03176423512008852,0.0,230089.91,24,True,-2.9103830456733704e-11
sept_fed_hike25,KXFEDDECISION-26SEP-H25,2026-08-13,887,536249.88,0.0,0.0,0.22046063674643618,48455.0,155.7,536249.88,0.7177097736599959,0.43541954731999183,0.0,536249.88,24,True,0.0
sept_fed_hike25,KXFEDDECISION-26SEP-H25,2026-08-14,365,267427.67000000004,0.0,0.0,0.22801780384206313,20000.0,74.0,267427.67000000004,0.6086399361741439,0.21727987234828772,0.0,267427.67,24,True,5.820766091346741e-11
sept_fed_hike25,KXFEDDECISION-26SEP-H25,2026-08-15,99,35503.38,0.0,0.0,0.458057232860646,6031.74,41.0,35503.38,0.43915537055908477,-0.12168925888183045,0.0,35503.38,23,False,
sept_fed_hike25,KXFEDDECISION-26SEP-H25,2026-08-16,119,43313.4,0.0,0.0,0.37762770874602314,5298.48,52.0,43313.4,0.5488306159294815,0.09766123185896283,0.0,43313.4,23,False,
sept_fed_hike25,KXFEDDECISION-26SEP-H25,2026-08-17,157,91889.02000000002,0.0,0.0,0.4392472571804552,17239.0,65.0,91889.02000000002,0.8477783308604225,0.6955566617208452,0.0,91889.02,24,True,1.4551915228366852e-11
sept_fed_hike25,KXFEDDECISION-26SEP-H25,2026-08-18,97,41720.79,0.0,0.0,0.7002853972803487,22000.0,32.85,41720.79,0.32581046523807433,-0.34837906952385134,0.0,41720.79,24,True,0.0
sept_fed_hike25,KXFEDDECISION-26SEP-H25,2026-08-19,123,82777.3,0.0,0.0,0.5747523777654019,26876.41,68.1,82777.3,0.5149288512671952,0.029857702534390563,0.0,82777.3,24,True,0.0
sept_fed_hike25,KXFEDDECISION-26SEP-H25,2026-08-20,150,67857.23000000001,0.0,0.0,0.5934903325703097,25000.0,49.635000000000005,67857.23000000001,0.7494460059746028,0.4988920119492055,0.0,67857.23,24,True,1.4551915228366852e-11
sept_fed_hike25,KXFEDDECISION-26SEP-H25,2026-08-21,132,55504.130000000005,0.0,0.0,0.36159561459660744,5000.0,71.91,55504.130000000005,0.6597539678578873,0.3195079357157745,0.0,55504.13,24,True,7.275957614183426e-12
sept_fed_hike25,KXFEDDECISION-26SEP-H25,2026-08-22,62,11849.859999999999,0.0,0.0,0.6852047197182077,3625.85,26.325,11849.859999999999,0.20328425821064552,-0.5934314835787089,0.0,11849.86,24,True,-1.8189894035458565e-12
sept_fed_hike25,KXFEDDECISION-26SEP-H25,2026-08-23,60,11549.730000000001,0.0,0.0,0.8116865069573054,5791.14,26.674999999999997,11549.730000000001,0.7235251386828954,0.44705027736579084,0.0,11549.73,22,False,
sept_fed_hike25,KXFEDDECISION-26SEP-H25,2026-08-24,185,92711.86,0.0,0.0,0.15047686455648715,3679.13,181.55,92711.86,0.7892312806581595,0.578462561316319,0.0,92711.86,24,True,0.0
sept_fed_hike25,KXFEDDECISION-26SEP-H25,2026-08-25,183,153958.36000000002,0.0,0.0,0.431553440813477,25000.0,70.0,153958.36000000002,0.5396878090933158,0.07937561818663162,0.0,153958.36000000002,24,True,0.0
sept_fed_hike25,KXFEDDECISION-26SEP-H25,2026-08-26,230,104751.22,0.0,0.0,0.3970790984582328,20000.0,50.0,104751.22,0.6006361548820147,0.20127230976402938,0.0,104751.22,23,False,
sept_fed_hike25,KXFEDDECISION-26SEP-H25,2026-08-27,110,35134.82,0.0,0.0,0.5779639685075944,7319.0,30.77,35134.82,0.3976237817640733,-0.20475243647185334,0.0,35134.82,24,True,0.0
sept_fed_hike25,KXFEDDECISION-26SEP-H25,2026-08-28,1389,1130099.31,0.0,0.0,0.1285213509244599,47425.0,100.0,1130099.31,0.5146704938701361,0.029340987740272117,0.0,1130099.31,24,True,0.0
sept_fed_hike25,KXFEDDECISION-26SEP-H25,2026-08-29,380,267259.87,0.0,0.0,0.26160302330462104,23308.2,51.545,267259.87,0.31758669941731243,-0.36482660116537513,0.0,267259.87,24,True,0.0
sept_fed_hike25,KXFEDDECISION-26SEP-H25,2026-08-30,261,176973.42,0.0,0.0,0.25090349725964495,19782.17,50.11,176973.42,0.8356275196580366,0.6712550393160733,0.0,176973.42,23,False,
sept_fed_hike25,KXFEDDECISION-26SEP-H25,2026-08-31,558,439457.04000000004,0.0,0.0,0.22470380722538882,25000.0,50.0,439457.04000000004,0.4255439166476887,-0.1489121667046226,0.0,439457.04,24,True,5.820766091346741e-11
sept_fed_hike25,KXFEDDECISION-26SEP-H25,2026-09-01,576,351518.97000000003,0.0,0.0,0.2861706723822046,24918.99,35.55,351518.97000000003,0.5020852217449318,0.004170443489863408,0.0,351518.97000000003,24,True,0.0
sept_fed_hike25,KXFEDDECISION-26SEP-H25,2026-09-02,590,401253.94,0.0,0.0,0.3375370220663752,45467.93,39.155,401253.94,0.270611049950064,-0.4587779000998719,0.0,401253.94,24,True,0.0
sept_fed_hike25,KXFEDDECISION-26SEP-H25,2026-09-03,893,566370.8200000001,0.0,0.0,0.16297262630867881,20000.0,53.17,566370.8200000001,0.46814887108767356,-0.06370225782465291,0.0,566370.82,23,False,
sept_fed_hike25,KXFEDDECISION-26SEP-H25,2026-09-04,943,304953.0,0.0,0.0,0.21178876744941025,20369.3,34.64,304953.0,0.46143222070286244,-0.0771355585942751,0.0,304953.0,24,True,0.0
sept_fed_hike25,KXFEDDECISION-26SEP-H25,2026-09-05,356,45351.59,0.0,0.0,0.314083365103627,4442.4,31.845,45351.59,0.23814556446642773,-0.5237088710671445,0.0,45351.59,24,True,0.0
sept_fed_hike25,KXFEDDECISION-26SEP-H25,2026-09-06,239,31334.71,0.0,0.0,0.4059676952491343,7257.38,15.0,31334.71,0.4256193850206369,-0.14876122995872615,0.0,31334.71,24,True,0.0
sept_fed_hike25,KXFEDDECISION-26SEP-H25,2026-09-07,551,67919.03,0.0,0.0,0.3877403726172179,9961.95,14.54,67919.03,0.5841485074212632,0.16829701484252635,0.0,67919.03,24,True,0.0
aca_extension,KXACAEXT-26JAN-27,2026-08-11,4,162.89000000000001,0.0,0.0,1.0,92.79,32.425000000000004,162.89000000000001,0.0,-1.0,0.0,162.89,10,False,
aca_extension,KXACAEXT-26JAN-27,2026-08-12,6,538.28,0.0,0.0,0.9992754700156052,524.58,2.0,538.28,0.021011369547447426,-0.9579772609051052,0.0,538.28,24,True,0.0
aca_extension,KXACAEXT-26JAN-27,2026-08-13,19,1297.4000000000003,0.0,0.0,0.9170957299213809,976.12,8.26,1297.4000000000003,0.9442962848774469,0.8885925697548938,0.0,1297.4,16,False,
aca_extension,KXACAEXT-26JAN-27,2026-08-14,4,31.520000000000003,0.0,0.0,0.9999999999999999,13.22,7.880000000000001,31.520000000000003,0.5,0.0,0.0,31.52,23,False,
aca_extension,KXACAEXT-26JAN-27,2026-08-15,0,0.0,,,,,,0.0,,,0.0,0.0,24,True,0.0
aca_extension,KXACAEXT-26JAN-27,2026-08-16,31,1392.6499999999996,0.0,0.0,0.8490431910386675,559.0,9.2,1392.6499999999996,0.9246616163429435,0.8493232326858872,0.0,1392.65,24,True,-4.547473508864641e-13
aca_extension,KXACAEXT-26JAN-27,2026-08-17,6,73.06,0.0,0.0,0.8631261976457706,16.35,11.59,73.06,0.5,0.0,0.0,73.06,24,True,0.0
aca_extension,KXACAEXT-26JAN-27,2026-08-18,2,17.0,0.0,0.0,1.0,16.0,8.5,17.0,0.0,-1.0,0.0,17.0,22,False,
aca_extension,KXACAEXT-26JAN-27,2026-08-19,1,8.55,0.0,0.0,1.0,8.55,8.55,8.55,0.0,-1.0,0.0,8.55,22,False,
aca_extension,KXACAEXT-26JAN-27,2026-08-20,2,100.0,0.0,0.0,1.0,90.0,50.0,100.0,1.0,1.0,0.0,100.0,22,False,
aca_extension,KXACAEXT-26JAN-27,2026-08-21,0,0.0,,,,,,0.0,,,0.0,0.0,24,True,0.0
aca_extension,KXACAEXT-26JAN-27,2026-08-22,4,113.21,0.0,0.0,1.0,97.66,7.275,113.21,1.0,1.0,0.0,113.21,23,False,
aca_extension,KXACAEXT-26JAN-27,2026-08-23,6,107.6,0.0,0.0,0.9990706319702602,60.0,4.525,107.6,0.9902416356877324,0.9804832713754648,0.0,107.6,23,False,
aca_extension,KXACAEXT-26JAN-27,2026-08-24,2,5.0,0.0,0.0,1.0,3.0,2.5,5.0,0.6,0.2,0.0,5.0,23,False,
aca_extension,KXACAEXT-26JAN-27,2026-08-25,2,34.0,0.0,0.0,1.0,27.0,17.0,34.0,0.0,-1.0,0.0,34.0,11,False,
aca_extension,KXACAEXT-26JAN-27,2026-08-26,0,0.0,,,,,,0.0,,,0.0,0.0,19,False,
aca_extension,KXACAEXT-26JAN-27,2026-08-27,0,0.0,,,,,,0.0,,,0.0,0.0,22,False,
aca_extension,KXACAEXT-26JAN-27,2026-08-28,0,0.0,,,,,,0.0,,,0.0,0.0,23,False,
aca_extension,KXACAEXT-26JAN-27,2026-08-29,5,147.56,0.0,0.0,1.0,110.15,10.0,147.56,0.0,-1.0,0.0,147.56,19,False,
aca_extension,KXACAEXT-26JAN-27,2026-08-30,0,0.0,,,,,,0.0,,,0.0,0.0,21,False,
aca_extension,KXACAEXT-26JAN-27,2026-08-31,0,0.0,,,,,,0.0,,,0.0,0.0,20,False,
aca_extension,KXACAEXT-26JAN-27,2026-09-01,1,6.2,0.0,0.0,1.0,6.2,6.2,6.2,0.0,-1.0,0.0,6.2,21,False,
aca_extension,KXACAEXT-26JAN-27,2026-09-02,0,0.0,,,,,,0.0,,,0.0,0.0,16,False,
aca_extension,KXACAEXT-26JAN-27,2026-09-03,0,0.0,,,,,,0.0,,,0.0,0.0,20,False,
aca_extension,KXACAEXT-26JAN-27,2026-09-04,0,0.0,,,,,,0.0,,,0.0,0.0,18,False,
aca_extension,KXACAEXT-26JAN-27,2026-09-05,0,0.0,,,,,,0.0,,,0.0,0.0,23,False,
aca_extension,KXACAEXT-26JAN-27,2026-09-06,2,35.22,0.0,0.0,1.0,23.48,17.61,35.22,1.0,1.0,0.0,35.22,24,True,0.0
aca_extension,KXACAEXT-26JAN-27,2026-09-07,1,50.0,0.0,0.0,1.0,50.0,50.0,50.0,0.0,-1.0,0.0,50.0,24,True,0.0
michigan_dem,GOVPARTYMI-26-D,2026-08-11,3,35.910000000000004,0.0,0.0,1.0,23.28,11.63,35.910000000000004,1.0,1.0,0.0,35.910000000000004,4,False,
michigan_dem,GOVPARTYMI-26-D,2026-08-12,5,142.15,0.0,0.0,1.0,95.0,5.0,142.15,1.0,1.0,0.0,142.15,14,False,
michigan_dem,GOVPARTYMI-26-D,2026-08-13,6,130.35,0.0,0.0,0.9923283467587265,114.13,3.45,130.35,1.0,1.0,0.0,130.35,11,False,
michigan_dem,GOVPARTYMI-26-D,2026-08-14,1,5.9,0.0,0.0,1.0,5.9,5.9,5.9,0.0,-1.0,0.0,5.9,5,False,
michigan_dem,GOVPARTYMI-26-D,2026-08-15,6,1195.0,0.0,0.0,0.9196652719665271,300.0,200.0,1195.0,0.2510460251046025,-0.497907949790795,0.0,1195.0,7,False,
michigan_dem,GOVPARTYMI-26-D,2026-08-16,2,10.0,0.0,0.0,1.0,5.0,5.0,10.0,0.0,-1.0,0.0,10.0,4,False,
michigan_dem,GOVPARTYMI-26-D,2026-08-17,4,33.81,0.0,0.0,1.0,22.53,5.45,33.81,1.0,1.0,0.0,33.81,12,False,
michigan_dem,GOVPARTYMI-26-D,2026-08-18,1,3.0,0.0,0.0,1.0,3.0,3.0,3.0,0.0,-1.0,0.0,3.0,9,False,
michigan_dem,GOVPARTYMI-26-D,2026-08-19,4,399.84000000000003,0.0,0.0,1.0,227.81,85.515,399.84000000000003,0.9924969987995198,0.9849939975990396,0.0,399.84,15,False,
michigan_dem,GOVPARTYMI-26-D,2026-08-20,0,0.0,,,,,,0.0,,,0.0,0.0,18,False,
michigan_dem,GOVPARTYMI-26-D,2026-08-21,3,17.52,0.0,0.0,1.0,11.39,5.0,17.52,1.0,1.0,0.0,17.52,14,False,
michigan_dem,GOVPARTYMI-26-D,2026-08-22,0,0.0,,,,,,0.0,,,0.0,0.0,16,False,
michigan_dem,GOVPARTYMI-26-D,2026-08-23,0,0.0,,,,,,0.0,,,0.0,0.0,17,False,
michigan_dem,GOVPARTYMI-26-D,2026-08-24,0,0.0,,,,,,0.0,,,0.0,0.0,10,False,
michigan_dem,GOVPARTYMI-26-D,2026-08-25,1,0.97,0.0,0.0,1.0,0.97,0.97,0.97,1.0,1.0,0.0,0.97,18,False,
michigan_dem,GOVPARTYMI-26-D,2026-08-26,7,125.4,0.0,0.0,0.9821371610845294,59.0,5.57,125.4,0.5295055821371611,0.05901116427432221,0.0,125.4,20,False,
michigan_dem,GOVPARTYMI-26-D,2026-08-27,8,361.98,0.0,0.0,0.9741974694734515,100.0,26.32,361.98,0.5672689098845239,0.13453781976904797,0.0,361.98,19,False,
michigan_dem,GOVPARTYMI-26-D,2026-08-28,5,189.75000000000003,0.0,0.0,0.9999999999999999,96.0,5.35,189.75000000000003,0.033833992094861653,-0.9323320158102767,0.0,189.75,21,False,
michigan_dem,GOVPARTYMI-26-D,2026-08-29,10,500.82,0.0,0.0,0.9378619064733836,296.34,14.29,500.82,0.03318557565592429,-0.9336288486881514,0.0,500.82,23,False,
michigan_dem,GOVPARTYMI-26-D,2026-08-30,0,0.0,,,,,,0.0,,,0.0,0.0,12,False,
michigan_dem,GOVPARTYMI-26-D,2026-08-31,2,99.0,0.0,0.0,1.0,50.0,49.5,99.0,0.0,-1.0,0.0,99.0,14,False,
michigan_dem,GOVPARTYMI-26-D,2026-09-01,2,2.2,0.0,0.0,1.0,2.04,1.1,2.2,1.0,1.0,0.0,2.2,5,False,
michigan_dem,GOVPARTYMI-26-D,2026-09-02,10,18.0,0.0,0.0,0.7222222222222222,5.0,1.0,18.0,0.0,-1.0,0.0,18.0,24,True,0.0
michigan_dem,GOVPARTYMI-26-D,2026-09-03,0,0.0,,,,,,0.0,,,0.0,0.0,20,False,
michigan_dem,GOVPARTYMI-26-D,2026-09-04,3,9.870000000000001,0.0,0.0,1.0,7.0,2.23,9.870000000000001,0.2907801418439716,-0.4184397163120568,0.0,9.87,21,False,
michigan_dem,GOVPARTYMI-26-D,2026-09-05,1,1.0,0.0,0.0,1.0,1.0,1.0,1.0,0.0,-1.0,0.0,1.0,16,False,
michigan_dem,GOVPARTYMI-26-D,2026-09-06,4,8.510000000000002,0.0,0.0,0.9999999999999998,3.2,2.1550000000000002,8.510000000000002,0.6239717978848414,0.2479435957696826,0.0,8.51,19,False,
michigan_dem,GOVPARTYMI-26-D,2026-09-07,6,25.369999999999997,0.0,0.0,0.9842333464722113,12.0,3.1100000000000003,25.369999999999997,0.21718565234528975,-0.5656286953094205,0.0,25.37,21,False,
pennsylvania_dem,GOVPARTYPA-26-D,2026-08-11,13,20564.75,0.0,0.0,0.9517742739396297,5000.0,80.0,20564.75,0.06830863492140678,-0.8633827301571865,0.0,20564.75,14,False,
pennsylvania_dem,GOVPARTYPA-26-D,2026-08-12,0,0.0,,,,,,0.0,,,0.0,0.0,22,False,
pennsylvania_dem,GOVPARTYPA-26-D,2026-08-13,0,0.0,,,,,,0.0,,,0.0,0.0,13,False,
pennsylvania_dem,GOVPARTYPA-26-D,2026-08-14,0,0.0,,,,,,0.0,,,0.0,0.0,13,False,
pennsylvania_dem,GOVPARTYPA-26-D,2026-08-15,0,0.0,,,,,,0.0,,,0.0,0.0,4,False,
pennsylvania_dem,GOVPARTYPA-26-D,2026-08-16,0,0.0,,,,,,0.0,,,0.0,,0,False,
pennsylvania_dem,GOVPARTYPA-26-D,2026-08-17,1,1.04,0.0,0.0,1.0,1.04,1.04,1.04,1.0,1.0,0.0,1.04,5,False,
pennsylvania_dem,GOVPARTYPA-26-D,2026-08-18,2,2.88,0.0,0.0,1.0,1.92,1.44,2.88,1.0,1.0,0.0,2.88,8,False,
pennsylvania_dem,GOVPARTYPA-26-D,2026-08-19,0,0.0,,,,,,0.0,,,0.0,0.0,11,False,
pennsylvania_dem,GOVPARTYPA-26-D,2026-08-20,5,143.67000000000002,0.0,0.0,1.0,53.0,20.0,143.67000000000002,1.0,1.0,0.0,143.67000000000002,23,False,
pennsylvania_dem,GOVPARTYPA-26-D,2026-08-21,0,0.0,,,,,,0.0,,,0.0,0.0,16,False,
pennsylvania_dem,GOVPARTYPA-26-D,2026-08-22,8,93.69,0.0,0.0,0.8696765930195326,39.0,10.059999999999999,93.69,0.5730600917920803,0.1461201835841605,0.0,93.69,21,False,
pennsylvania_dem,GOVPARTYPA-26-D,2026-08-23,4,34.01,0.0,0.0,1.0,28.0,3.0,34.01,0.02940311673037342,-0.9411937665392531,0.0,34.01,13,False,
pennsylvania_dem,GOVPARTYPA-26-D,2026-08-24,0,0.0,,,,,,0.0,,,0.0,0.0,21,False,
pennsylvania_dem,GOVPARTYPA-26-D,2026-08-25,0,0.0,,,,,,0.0,,,0.0,0.0,5,False,
pennsylvania_dem,GOVPARTYPA-26-D,2026-08-26,3,449.61,0.0,0.0,1.0,422.61,26.0,449.61,0.0,-1.0,0.0,449.61,5,False,
pennsylvania_dem,GOVPARTYPA-26-D,2026-08-27,18,30513.34,0.0,0.0,0.9937384763516547,29999.0,20.15,30513.34,0.9922892741338706,0.984578548267741,0.0,30513.34,21,False,
pennsylvania_dem,GOVPARTYPA-26-D,2026-08-28,0,0.0,,,,,,0.0,,,0.0,0.0,5,False,
pennsylvania_dem,GOVPARTYPA-26-D,2026-08-29,0,0.0,,,,,,0.0,,,0.0,0.0,17,False,
pennsylvania_dem,GOVPARTYPA-26-D,2026-08-30,0,0.0,,,,,,0.0,,,0.0,0.0,19,False,
pennsylvania_dem,GOVPARTYPA-26-D,2026-08-31,0,0.0,,,,,,0.0,,,0.0,0.0,23,False,
pennsylvania_dem,GOVPARTYPA-26-D,2026-09-01,1,10.0,0.0,0.0,1.0,10.0,10.0,10.0,1.0,1.0,0.0,10.0,22,False,
pennsylvania_dem,GOVPARTYPA-26-D,2026-09-02,1,5.24,0.0,0.0,1.0,5.24,5.24,5.24,0.0,-1.0,0.0,5.24,19,False,
pennsylvania_dem,GOVPARTYPA-26-D,2026-09-03,0,0.0,,,,,,0.0,,,0.0,0.0,17,False,
pennsylvania_dem,GOVPARTYPA-26-D,2026-09-04,2,16.0,0.0,0.0,1.0,10.0,8.0,16.0,0.625,0.25,0.0,16.0,5,False,
pennsylvania_dem,GOVPARTYPA-26-D,2026-09-05,0,0.0,,,,,,0.0,,,0.0,0.0,6,False,
pennsylvania_dem,GOVPARTYPA-26-D,2026-09-06,0,0.0,,,,,,0.0,,,0.0,0.0,4,False,
pennsylvania_dem,GOVPARTYPA-26-D,2026-09-07,6,7.129999999999999,0.0,0.0,0.9663394109396914,2.86,0.7,7.129999999999999,1.0,1.0,0.0,7.130000000000001,3,False,
arizona_dem,GOVPARTYAZ-26-D,2026-08-11,35,4523.99,0.0,0.0,0.8495774747512705,1990.0,25.63,4523.99,0.5960468524466235,0.19209370489324704,0.0,4523.99,16,False,
arizona_dem,GOVPARTYAZ-26-D,2026-08-12,16,272.66999999999996,0.0,0.0,0.8048923607290865,100.0,9.86,272.66999999999996,0.6688304543954231,0.3376609087908463,0.0,272.67,21,False,
arizona_dem,GOVPARTYAZ-26-D,2026-08-13,15,500.25999999999993,0.0,0.0,0.8681685523527766,250.0,10.09,500.25999999999993,0.2737576460240675,-0.452484707951865,0.0,500.26,17,False,
arizona_dem,GOVPARTYAZ-26-D,2026-08-14,38,1461.0800000000002,0.0,0.0,0.6592109946067292,242.37,10.0,1461.0800000000002,0.3062460645549867,-0.3875078708900266,0.0,1461.08,23,False,
arizona_dem,GOVPARTYAZ-26-D,2026-08-15,17,316.44999999999993,0.0,0.0,0.8182335282035078,100.0,6.15,316.44999999999993,0.36798862379522834,-0.26402275240954326,0.0,316.45,24,True,-5.684341886080802e-14
arizona_dem,GOVPARTYAZ-26-D,2026-08-16,0,0.0,,,,,,0.0,,,0.0,0.0,19,False,
arizona_dem,GOVPARTYAZ-26-D,2026-08-17,16,1288.8300000000002,0.0,0.0,0.9374083471055141,922.46,10.0,1288.8300000000002,0.8747934172854449,0.7495868345708897,0.0,1288.83,22,False,
arizona_dem,GOVPARTYAZ-26-D,2026-08-18,8,148.0,0.0,0.0,0.8783783783783784,52.0,10.0,148.0,0.9797297297297297,0.9594594594594594,0.0,148.0,24,True,0.0
arizona_dem,GOVPARTYAZ-26-D,2026-08-19,28,1005.72,0.0,0.0,0.750785506900529,332.32,10.0,1005.72,0.6906693711967545,0.3813387423935091,0.0,1005.72,22,False,
arizona_dem,GOVPARTYAZ-26-D,2026-08-20,9,690.55,0.0,0.0,0.9774817174715806,488.69,6.31,690.55,0.9683440735645501,0.9366881471291003,0.0,690.5500000000001,22,False,
arizona_dem,GOVPARTYAZ-26-D,2026-08-21,10,590.25,0.0,0.0,0.940279542566709,284.77,10.0,590.25,0.9864464210080475,0.9728928420160948,0.0,590.25,23,False,
arizona_dem,GOVPARTYAZ-26-D,2026-08-22,58,2129.55,0.0,0.0,0.33022939118593125,200.0,20.48,2129.55,0.5109154516212345,0.02183090324246896,0.0,2129.55,23,False,
arizona_dem,GOVPARTYAZ-26-D,2026-08-23,94,6380.05,0.0,0.0,0.6581547166558255,1500.0,11.129999999999999,6380.05,0.23741349989420146,-0.5251730002115971,0.0,6380.05,20,False,
arizona_dem,GOVPARTYAZ-26-D,2026-08-24,64,1121.9099999999999,0.0,0.0,0.32652351792924567,96.0,10.0,1121.9099999999999,0.5938444260234779,0.18768885204695582,0.0,1121.91,24,True,-2.2737367544323206e-13
arizona_dem,GOVPARTYAZ-26-D,2026-08-25,16,240.13,0.0,0.0,0.6596843376504393,39.5,10.015,240.13,0.998667388497897,0.997334776995794,0.0,240.13,24,True,0.0
arizona_dem,GOVPARTYAZ-26-D,2026-08-26,37,1427.1200000000001,0.0,0.0,0.559742698581759,255.03,15.0,1427.1200000000001,0.29965945400526933,-0.4006810919894614,0.0,1427.12,23,False,
arizona_dem,GOVPARTYAZ-26-D,2026-08-27,109,4787.96,0.0,0.0,0.6548007919865663,1379.0,10.0,4787.96,0.31516345165790866,-0.36967309668418274,0.0,4787.96,23,False,
arizona_dem,GOVPARTYAZ-26-D,2026-08-28,7,133.5,0.0,0.0,0.9970786516853931,72.45,9.49,133.5,1.0,1.0,0.0,133.5,23,False,
arizona_dem,GOVPARTYAZ-26-D,2026-08-29,33,1361.96,0.0,0.0,0.5612719903668243,300.0,26.0,1361.96,0.40957884225674757,-0.18084231548650487,0.0,1361.96,20,False,
arizona_dem,GOVPARTYAZ-26-D,2026-08-30,15,258.9,0.0,0.0,0.6836230204712245,57.0,10.0,258.9,0.36790266512166864,-0.2641946697566627,0.0,258.9,17,False,
arizona_dem,GOVPARTYAZ-26-D,2026-08-31,4,32.18,0.0,0.0,1.0,12.18,8.94,32.18,0.6215040397762586,0.2430080795525171,0.0,32.18,21,False,
arizona_dem,GOVPARTYAZ-26-D,2026-09-01,20,676.41,0.0,0.0,0.5645096908679648,100.0,22.765,676.41,0.3578155260862495,-0.28436894782750105,0.0,676.41,24,True,0.0
arizona_dem,GOVPARTYAZ-26-D,2026-09-02,11,408.79,0.0,0.0,0.9352723892463122,286.0,10.0,408.79,0.18268548643557816,-0.6346290271288436,0.0,408.79,24,True,0.0
arizona_dem,GOVPARTYAZ-26-D,2026-09-03,9,109.65,0.0,0.0,0.847514819881441,56.95,5.98,109.65,0.9843137254901961,0.9686274509803922,0.0,109.65,22,False,
arizona_dem,GOVPARTYAZ-26-D,2026-09-04,12,84.92,0.0,0.0,0.7226801695713613,20.0,6.380000000000001,84.92,0.8822421102213849,0.7644842204427696,0.0,84.92,20,False,
arizona_dem,GOVPARTYAZ-26-D,2026-09-05,7,830.93,0.0,0.0,0.9934651535027018,488.28,11.22,830.93,0.04410720517973837,-0.9117855896405234,0.0,830.93,21,False,
arizona_dem,GOVPARTYAZ-26-D,2026-09-06,1,1.0,0.0,0.0,1.0,1.0,1.0,1.0,1.0,1.0,0.0,1.0,24,True,0.0
arizona_dem,GOVPARTYAZ-26-D,2026-09-07,5,932.8,0.0,0.0,1.0,911.24,10.0,932.8,0.9995390222984563,0.9990780445969126,0.0,932.8,23,False,
